2025-07-23 10:02:13,034 | __main__ | INFO | Starting application
2025-07-23 10:02:13,035 | __main__ | INFO | Loading CSV file from path: C:\Users\User\PycharmProjects\NaiveBayes\data\buy_computer_data.csv
2025-07-23 10:02:13,035 | loader | INFO | Loading file: C:\Users\User\PycharmProjects\NaiveBayes\data\buy_computer_data.csv
2025-07-23 10:02:13,045 | loader | INFO | File loaded successfully: C:\Users\User\PycharmProjects\NaiveBayes\data\buy_computer_data.csv
2025-07-23 10:02:13,048 | loader | INFO | File converted and saved as CSV: C:\Users\User\PycharmProjects\NaiveBayes\data\buy_computer_data.csv
2025-07-23 10:02:13,048 | cleam_table | INFO | CleanTable initialized
2025-07-23 10:02:13,048 | cleam_table | INFO | Starting cleaning process
2025-07-23 10:02:13,061 | cleam_table | INFO | drop_index: dropped 1 columns considered as index
2025-07-23 10:02:13,062 | cleam_table | INFO | drop_null: dropped 0 rows with nulls
2025-07-23 10:02:13,066 | cleam_table | INFO | drop_duplicate: dropped 0 duplicated columns
2025-07-23 10:02:13,066 | cleam_table | INFO | Cleaning process completed
2025-07-23 10:02:13,066 | __main__ | INFO | CleanTable created
2025-07-23 10:02:13,066 | test_model | INFO | Initializing TestTable...
2025-07-23 10:02:13,066 | test_model | INFO | Splitting table: 9 train / 5 test
2025-07-23 10:02:13,067 | App.model | INFO | NaiveBayesClassifier initialized
2025-07-23 10:02:13,067 | App.model | INFO | Starting model creation process
2025-07-23 10:02:13,067 | App.model | INFO | Creating initial structure for model
2025-07-23 10:02:13,067 | App.model | INFO | Initial structure created successfully
2025-07-23 10:02:13,067 | App.model | INFO | Calculating target value ratios
2025-07-23 10:02:13,070 | App.model | INFO | Calculating conditional probabilities
2025-07-23 10:02:13,074 | App.model | INFO | Probabilities assigned successfully
2025-07-23 10:02:13,074 | App.model | INFO | Model created successfully
2025-07-23 10:02:13,074 | test_model | INFO | TestTable initialized successfully
2025-07-23 10:02:13,074 | test_model | INFO | Running test...
2025-07-23 10:02:13,074 | App.model | INFO | Calculating target value ratios
2025-07-23 10:02:13,075 | App.naive_bayes | INFO | Making prediction...
2025-07-23 10:02:13,075 | App.naive_bayes | INFO | Calculating posteriors...
2025-07-23 10:02:13,075 | App.naive_bayes | INFO | Posterior calculation completed
2025-07-23 10:02:13,075 | App.naive_bayes | INFO | Prediction result: no
2025-07-23 10:02:13,075 | App.model | INFO | Calculating target value ratios
2025-07-23 10:02:13,075 | App.naive_bayes | INFO | Making prediction...
2025-07-23 10:02:13,075 | App.naive_bayes | INFO | Calculating posteriors...
2025-07-23 10:02:13,075 | App.naive_bayes | INFO | Posterior calculation completed
2025-07-23 10:02:13,075 | App.naive_bayes | INFO | Prediction result: no
2025-07-23 10:02:13,075 | App.model | INFO | Calculating target value ratios
2025-07-23 10:02:13,076 | App.naive_bayes | INFO | Making prediction...
2025-07-23 10:02:13,076 | App.naive_bayes | INFO | Calculating posteriors...
2025-07-23 10:02:13,076 | App.naive_bayes | INFO | Posterior calculation completed
2025-07-23 10:02:13,076 | App.naive_bayes | INFO | Prediction result: no
2025-07-23 10:02:13,076 | App.model | INFO | Calculating target value ratios
2025-07-23 10:02:13,076 | App.naive_bayes | INFO | Making prediction...
2025-07-23 10:02:13,076 | App.naive_bayes | INFO | Calculating posteriors...
2025-07-23 10:02:13,076 | App.naive_bayes | INFO | Posterior calculation completed
2025-07-23 10:02:13,076 | App.naive_bayes | INFO | Prediction result: no
2025-07-23 10:02:13,076 | App.model | INFO | Calculating target value ratios
2025-07-23 10:02:13,077 | App.naive_bayes | INFO | Making prediction...
2025-07-23 10:02:13,077 | App.naive_bayes | INFO | Calculating posteriors...
2025-07-23 10:02:13,077 | App.naive_bayes | INFO | Posterior calculation completed
2025-07-23 10:02:13,077 | App.naive_bayes | INFO | Prediction result: yes
2025-07-23 10:02:13,077 | test_model | INFO | Successful on 1 from 5, -> 20% success
2025-07-23 10:02:13,077 | model | INFO | NaiveBayesClassifier initialized
2025-07-23 10:02:13,077 | model | INFO | Starting model creation process
2025-07-23 10:02:13,077 | model | INFO | Creating initial structure for model
2025-07-23 10:02:13,077 | model | INFO | Initial structure created successfully
2025-07-23 10:02:13,077 | model | INFO | Calculating target value ratios
2025-07-23 10:02:13,078 | model | INFO | Calculating conditional probabilities
2025-07-23 10:02:13,080 | model | INFO | Probabilities assigned successfully
2025-07-23 10:02:13,081 | model | INFO | Model created successfully
2025-07-23 10:02:13,081 | __main__ | INFO | Model created
2025-07-23 10:02:15,349 | root | INFO | Root endpoint called
2025-07-23 10:02:15,456 | __main__ | INFO | Root endpoint called
2025-07-23 10:02:21,828 | __main__ | INFO | Root endpoint called
2025-07-23 10:02:21,828 | model | INFO | Calculating target value ratios
2025-07-23 10:02:21,829 | naive_bayes | INFO | Making prediction...
2025-07-23 10:02:21,829 | naive_bayes | INFO | Calculating posteriors...
2025-07-23 10:02:21,829 | naive_bayes | INFO | Posterior calculation completed
2025-07-23 10:02:21,829 | naive_bayes | INFO | Prediction result: yes
2025-07-23 10:02:21,937 | __main__ | INFO | Root endpoint called
2025-07-23 10:12:47,442 | __main__ | INFO | Starting application
2025-07-23 10:12:47,443 | __main__ | INFO | Loading CSV file from path: C:\Users\User\PycharmProjects\NaiveBayes\data\buy_computer_data.csv
2025-07-23 10:12:47,444 | loader | INFO | Loading file: C:\Users\User\PycharmProjects\NaiveBayes\data\buy_computer_data.csv
2025-07-23 10:12:47,454 | loader | INFO | File loaded successfully: C:\Users\User\PycharmProjects\NaiveBayes\data\buy_computer_data.csv
2025-07-23 10:12:47,458 | loader | INFO | File converted and saved as CSV: C:\Users\User\PycharmProjects\NaiveBayes\data\buy_computer_data.csv
2025-07-23 10:12:47,458 | cleam_table | INFO | CleanTable initialized
2025-07-23 10:12:47,458 | cleam_table | INFO | Starting cleaning process
2025-07-23 10:12:47,466 | cleam_table | INFO | drop_index: dropped 1 columns considered as index
2025-07-23 10:12:47,467 | cleam_table | INFO | drop_null: dropped 0 rows with nulls
2025-07-23 10:12:47,469 | cleam_table | INFO | drop_duplicate: dropped 0 duplicated columns
2025-07-23 10:12:47,469 | cleam_table | INFO | Cleaning process completed
2025-07-23 10:12:47,469 | __main__ | INFO | CleanTable created
2025-07-23 10:12:47,469 | test_model | INFO | Initializing TestTable...
2025-07-23 10:12:47,469 | test_model | INFO | Splitting table: 9 train / 5 test
2025-07-23 10:12:47,469 | App.model | INFO | NaiveBayesClassifier initialized
2025-07-23 10:12:47,469 | App.model | INFO | Starting model creation process
2025-07-23 10:12:47,469 | App.model | INFO | Creating initial structure for model
2025-07-23 10:12:47,470 | App.model | INFO | Initial structure created successfully
2025-07-23 10:12:47,470 | App.model | INFO | Calculating target value ratios
2025-07-23 10:12:47,471 | App.model | INFO | Calculating conditional probabilities
2025-07-23 10:12:47,474 | App.model | INFO | Probabilities assigned successfully
2025-07-23 10:12:47,474 | App.model | INFO | Model created successfully
2025-07-23 10:12:47,474 | test_model | INFO | TestTable initialized successfully
2025-07-23 10:12:47,474 | test_model | INFO | Running test...
2025-07-23 10:12:47,475 | App.model | INFO | Calculating target value ratios
2025-07-23 10:12:47,475 | App.naive_bayes | INFO | Making prediction...
2025-07-23 10:12:47,475 | App.naive_bayes | INFO | Calculating posteriors...
2025-07-23 10:12:47,475 | App.naive_bayes | INFO | Posterior calculation completed
2025-07-23 10:12:47,475 | App.naive_bayes | INFO | Prediction result: no
2025-07-23 10:12:47,475 | App.model | INFO | Calculating target value ratios
2025-07-23 10:12:47,476 | App.naive_bayes | INFO | Making prediction...
2025-07-23 10:12:47,476 | App.naive_bayes | INFO | Calculating posteriors...
2025-07-23 10:12:47,476 | App.naive_bayes | INFO | Posterior calculation completed
2025-07-23 10:12:47,476 | App.naive_bayes | INFO | Prediction result: no
2025-07-23 10:12:47,476 | App.model | INFO | Calculating target value ratios
2025-07-23 10:12:47,476 | App.naive_bayes | INFO | Making prediction...
2025-07-23 10:12:47,476 | App.naive_bayes | INFO | Calculating posteriors...
2025-07-23 10:12:47,476 | App.naive_bayes | INFO | Posterior calculation completed
2025-07-23 10:12:47,476 | App.naive_bayes | INFO | Prediction result: no
2025-07-23 10:12:47,476 | App.model | INFO | Calculating target value ratios
2025-07-23 10:12:47,477 | App.naive_bayes | INFO | Making prediction...
2025-07-23 10:12:47,477 | App.naive_bayes | INFO | Calculating posteriors...
2025-07-23 10:12:47,477 | App.naive_bayes | INFO | Posterior calculation completed
2025-07-23 10:12:47,477 | App.naive_bayes | INFO | Prediction result: no
2025-07-23 10:12:47,477 | App.model | INFO | Calculating target value ratios
2025-07-23 10:12:47,477 | App.naive_bayes | INFO | Making prediction...
2025-07-23 10:12:47,477 | App.naive_bayes | INFO | Calculating posteriors...
2025-07-23 10:12:47,477 | App.naive_bayes | INFO | Posterior calculation completed
2025-07-23 10:12:47,477 | App.naive_bayes | INFO | Prediction result: yes
2025-07-23 10:12:47,477 | test_model | INFO | Successful on 1 from 5, -> 20% success
2025-07-23 10:12:47,477 | __main__ | WARNING | Model accuracy is too low. Server will not start.
2025-07-23 10:13:25,002 | __main__ | INFO | Starting application
2025-07-23 10:13:25,002 | __main__ | INFO | Loading CSV file from path: C:\Users\User\PycharmProjects\NaiveBayes\data\FlavorSense.csv
2025-07-23 10:13:25,002 | loader | INFO | Loading file: C:\Users\User\PycharmProjects\NaiveBayes\data\FlavorSense.csv
2025-07-23 10:13:25,014 | loader | INFO | File loaded successfully: C:\Users\User\PycharmProjects\NaiveBayes\data\FlavorSense.csv
2025-07-23 10:13:25,033 | loader | INFO | File converted and saved as CSV: C:\Users\User\PycharmProjects\NaiveBayes\data\FlavorSense.csv
2025-07-23 10:13:25,033 | cleam_table | INFO | CleanTable initialized
2025-07-23 10:13:25,033 | cleam_table | INFO | Starting cleaning process
2025-07-23 10:13:25,037 | cleam_table | INFO | drop_index: dropped 0 columns considered as index
2025-07-23 10:13:25,039 | cleam_table | INFO | drop_null: dropped 3145 rows with nulls
2025-07-23 10:13:25,369 | cleam_table | INFO | drop_duplicate: dropped 0 duplicated columns
2025-07-23 10:13:25,369 | cleam_table | INFO | Cleaning process completed
2025-07-23 10:13:25,369 | __main__ | INFO | CleanTable created
2025-07-23 10:13:25,369 | test_model | INFO | Initializing TestTable...
2025-07-23 10:13:25,369 | test_model | INFO | Splitting table: 4798 train / 2057 test
2025-07-23 10:13:25,369 | App.model | INFO | NaiveBayesClassifier initialized
2025-07-23 10:13:25,369 | App.model | INFO | Starting model creation process
2025-07-23 10:13:25,369 | App.model | INFO | Creating initial structure for model
2025-07-23 10:13:25,372 | App.model | INFO | Initial structure created successfully
2025-07-23 10:13:25,372 | App.model | INFO | Calculating target value ratios
2025-07-23 10:13:25,373 | App.model | INFO | Calculating conditional probabilities
2025-07-23 10:13:25,393 | App.model | INFO | Probabilities assigned successfully
2025-07-23 10:13:25,393 | App.model | INFO | Model created successfully
2025-07-23 10:13:25,393 | test_model | INFO | TestTable initialized successfully
2025-07-23 10:13:25,393 | test_model | INFO | Running test...
2025-07-23 10:13:25,475 | App.model | INFO | Calculating target value ratios
2025-07-23 10:13:25,476 | App.naive_bayes | INFO | Making prediction...
2025-07-23 10:13:25,476 | App.naive_bayes | INFO | Calculating posteriors...
2025-07-23 10:13:25,476 | App.naive_bayes | INFO | Posterior calculation completed
2025-07-23 10:13:25,476 | App.naive_bayes | INFO | Prediction result: Sour
2025-07-23 10:13:25,476 | App.model | INFO | Calculating target value ratios
2025-07-23 10:13:25,476 | App.naive_bayes | INFO | Making prediction...
2025-07-23 10:13:25,477 | App.naive_bayes | INFO | Calculating posteriors...
2025-07-23 10:13:25,477 | App.naive_bayes | INFO | Posterior calculation completed
2025-07-23 10:13:25,477 | App.naive_bayes | INFO | Prediction result: Sweet
2025-07-23 10:13:25,477 | App.model | INFO | Calculating target value ratios
2025-07-23 10:13:25,477 | App.naive_bayes | INFO | Making prediction...
2025-07-23 10:13:25,477 | App.naive_bayes | INFO | Calculating posteriors...
2025-07-23 10:13:25,477 | App.naive_bayes | INFO | Posterior calculation completed
2025-07-23 10:13:25,477 | App.naive_bayes | INFO | Prediction result: Sweet
2025-07-23 10:13:25,477 | App.model | INFO | Calculating target value ratios
2025-07-23 10:13:25,478 | App.naive_bayes | INFO | Making prediction...
2025-07-23 10:13:25,478 | App.naive_bayes | INFO | Calculating posteriors...
2025-07-23 10:13:25,478 | App.naive_bayes | INFO | Posterior calculation completed
2025-07-23 10:13:25,478 | App.naive_bayes | INFO | Prediction result: Sweet
2025-07-23 10:13:25,478 | App.model | INFO | Calculating target value ratios
2025-07-23 10:13:25,479 | App.naive_bayes | INFO | Making prediction...
2025-07-23 10:13:25,479 | App.naive_bayes | INFO | Calculating posteriors...
2025-07-23 10:13:25,479 | App.naive_bayes | INFO | Posterior calculation completed
2025-07-23 10:13:25,479 | App.naive_bayes | INFO | Prediction result: Sweet
2025-07-23 10:13:25,479 | App.model | INFO | Calculating target value ratios
2025-07-23 10:13:25,480 | App.naive_bayes | INFO | Making prediction...
2025-07-23 10:13:25,480 | App.naive_bayes | INFO | Calculating posteriors...
2025-07-23 10:13:25,480 | App.naive_bayes | INFO | Posterior calculation completed
2025-07-23 10:13:25,480 | App.naive_bayes | INFO | Prediction result: Salty
2025-07-23 10:13:25,480 | App.model | INFO | Calculating target value ratios
2025-07-23 10:13:25,481 | App.naive_bayes | INFO | Making prediction...
2025-07-23 10:13:25,481 | App.naive_bayes | INFO | Calculating posteriors...
2025-07-23 10:13:25,481 | App.naive_bayes | INFO | Posterior calculation completed
2025-07-23 10:13:25,481 | App.naive_bayes | INFO | Prediction result: Sweet
2025-07-23 10:13:25,481 | App.model | INFO | Calculating target value ratios
2025-07-23 10:13:25,482 | App.naive_bayes | INFO | Making prediction...
2025-07-23 10:13:25,482 | App.naive_bayes | INFO | Calculating posteriors...
2025-07-23 10:13:25,482 | App.naive_bayes | INFO | Posterior calculation completed
2025-07-23 10:13:25,482 | App.naive_bayes | INFO | Prediction result: Sweet
2025-07-23 10:13:25,482 | App.model | INFO | Calculating target value ratios
2025-07-23 10:13:25,482 | App.naive_bayes | INFO | Making prediction...
2025-07-23 10:13:25,482 | App.naive_bayes | INFO | Calculating posteriors...
2025-07-23 10:13:25,482 | App.naive_bayes | INFO | Posterior calculation completed
2025-07-23 10:13:25,482 | App.naive_bayes | INFO | Prediction result: Sweet
2025-07-23 10:13:25,482 | App.model | INFO | Calculating target value ratios
2025-07-23 10:13:25,483 | App.naive_bayes | INFO | Making prediction...
2025-07-23 10:13:25,483 | App.naive_bayes | INFO | Calculating posteriors...
2025-07-23 10:13:25,483 | App.naive_bayes | INFO | Posterior calculation completed
2025-07-23 10:13:25,483 | App.naive_bayes | INFO | Prediction result: Sour
2025-07-23 10:13:25,483 | App.model | INFO | Calculating target value ratios
2025-07-23 10:13:25,483 | App.naive_bayes | INFO | Making prediction...
2025-07-23 10:13:25,483 | App.naive_bayes | INFO | Calculating posteriors...
2025-07-23 10:13:25,484 | App.naive_bayes | INFO | Posterior calculation completed
2025-07-23 10:13:25,484 | App.naive_bayes | INFO | Prediction result: Sweet
2025-07-23 10:13:25,484 | App.model | INFO | Calculating target value ratios
2025-07-23 10:13:25,484 | App.naive_bayes | INFO | Making prediction...
2025-07-23 10:13:25,484 | App.naive_bayes | INFO | Calculating posteriors...
2025-07-23 10:13:25,484 | App.naive_bayes | INFO | Posterior calculation completed
2025-07-23 10:13:25,484 | App.naive_bayes | INFO | Prediction result: Sweet
2025-07-23 10:13:25,484 | App.model | INFO | Calculating target value ratios
2025-07-23 10:13:25,485 | App.naive_bayes | INFO | Making prediction...
2025-07-23 10:13:25,485 | App.naive_bayes | INFO | Calculating posteriors...
2025-07-23 10:13:25,485 | App.naive_bayes | INFO | Posterior calculation completed
2025-07-23 10:13:25,485 | App.naive_bayes | INFO | Prediction result: Sweet
2025-07-23 10:13:25,485 | App.model | INFO | Calculating target value ratios
2025-07-23 10:13:25,486 | App.naive_bayes | INFO | Making prediction...
2025-07-23 10:13:25,486 | App.naive_bayes | INFO | Calculating posteriors...
2025-07-23 10:13:25,486 | App.naive_bayes | INFO | Posterior calculation completed
2025-07-23 10:13:25,486 | App.naive_bayes | INFO | Prediction result: Sweet
2025-07-23 10:13:25,486 | App.model | INFO | Calculating target value ratios
2025-07-23 10:13:25,487 | App.naive_bayes | INFO | Making prediction...
2025-07-23 10:13:25,487 | App.naive_bayes | INFO | Calculating posteriors...
2025-07-23 10:13:25,487 | App.naive_bayes | INFO | Posterior calculation completed
2025-07-23 10:13:25,487 | App.naive_bayes | INFO | Prediction result: Sweet
2025-07-23 10:13:25,487 | App.model | INFO | Calculating target value ratios
2025-07-23 10:13:25,487 | App.naive_bayes | INFO | Making prediction...
2025-07-23 10:13:25,487 | App.naive_bayes | INFO | Calculating posteriors...
2025-07-23 10:13:25,487 | App.naive_bayes | INFO | Posterior calculation completed
2025-07-23 10:13:25,487 | App.naive_bayes | INFO | Prediction result: Sweet
2025-07-23 10:13:25,487 | App.model | INFO | Calculating target value ratios
2025-07-23 10:13:25,488 | App.naive_bayes | INFO | Making prediction...
2025-07-23 10:13:25,488 | App.naive_bayes | INFO | Calculating posteriors...
2025-07-23 10:13:25,488 | App.naive_bayes | INFO | Posterior calculation completed
2025-07-23 10:13:25,488 | App.naive_bayes | INFO | Prediction result: Sweet
2025-07-23 10:13:25,488 | App.model | INFO | Calculating target value ratios
2025-07-23 10:13:25,489 | App.naive_bayes | INFO | Making prediction...
2025-07-23 10:13:25,489 | App.naive_bayes | INFO | Calculating posteriors...
2025-07-23 10:13:25,489 | App.naive_bayes | INFO | Posterior calculation completed
2025-07-23 10:13:25,489 | App.naive_bayes | INFO | Prediction result: Sour
2025-07-23 10:13:25,489 | App.model | INFO | Calculating target value ratios
2025-07-23 10:13:25,489 | App.naive_bayes | INFO | Making prediction...
2025-07-23 10:13:25,489 | App.naive_bayes | INFO | Calculating posteriors...
2025-07-23 10:13:25,489 | App.naive_bayes | INFO | Posterior calculation completed
2025-07-23 10:13:25,489 | App.naive_bayes | INFO | Prediction result: Sour
2025-07-23 10:13:25,489 | App.model | INFO | Calculating target value ratios
2025-07-23 10:13:25,490 | App.naive_bayes | INFO | Making prediction...
2025-07-23 10:13:25,490 | App.naive_bayes | INFO | Calculating posteriors...
2025-07-23 10:13:25,490 | App.naive_bayes | INFO | Posterior calculation completed
2025-07-23 10:13:25,490 | App.naive_bayes | INFO | Prediction result: Sour
2025-07-23 10:13:25,490 | App.model | INFO | Calculating target value ratios
2025-07-23 10:13:25,491 | App.naive_bayes | INFO | Making prediction...
2025-07-23 10:13:25,491 | App.naive_bayes | INFO | Calculating posteriors...
2025-07-23 10:13:25,491 | App.naive_bayes | INFO | Posterior calculation completed
2025-07-23 10:13:25,491 | App.naive_bayes | INFO | Prediction result: Sweet
2025-07-23 10:13:25,491 | App.model | INFO | Calculating target value ratios
2025-07-23 10:13:25,491 | App.naive_bayes | INFO | Making prediction...
2025-07-23 10:13:25,491 | App.naive_bayes | INFO | Calculating posteriors...
2025-07-23 10:13:25,491 | App.naive_bayes | INFO | Posterior calculation completed
2025-07-23 10:13:25,491 | App.naive_bayes | INFO | Prediction result: Sweet
2025-07-23 10:13:25,491 | App.model | INFO | Calculating target value ratios
2025-07-23 10:13:25,492 | App.naive_bayes | INFO | Making prediction...
2025-07-23 10:13:25,492 | App.naive_bayes | INFO | Calculating posteriors...
2025-07-23 10:13:25,492 | App.naive_bayes | INFO | Posterior calculation completed
2025-07-23 10:13:25,492 | App.naive_bayes | INFO | Prediction result: Sour
2025-07-23 10:13:25,492 | App.model | INFO | Calculating target value ratios
2025-07-23 10:13:25,493 | App.naive_bayes | INFO | Making prediction...
2025-07-23 10:13:25,493 | App.naive_bayes | INFO | Calculating posteriors...
2025-07-23 10:13:25,493 | App.naive_bayes | INFO | Posterior calculation completed
2025-07-23 10:13:25,493 | App.naive_bayes | INFO | Prediction result: Sweet
2025-07-23 10:13:25,493 | App.model | INFO | Calculating target value ratios
2025-07-23 10:13:25,493 | App.naive_bayes | INFO | Making prediction...
2025-07-23 10:13:25,493 | App.naive_bayes | INFO | Calculating posteriors...
2025-07-23 10:13:25,494 | App.naive_bayes | INFO | Posterior calculation completed
2025-07-23 10:13:25,494 | App.naive_bayes | INFO | Prediction result: Sweet
2025-07-23 10:13:25,494 | App.model | INFO | Calculating target value ratios
2025-07-23 10:13:25,494 | App.naive_bayes | INFO | Making prediction...
2025-07-23 10:13:25,494 | App.naive_bayes | INFO | Calculating posteriors...
2025-07-23 10:13:25,494 | App.naive_bayes | INFO | Posterior calculation completed
2025-07-23 10:13:25,494 | App.naive_bayes | INFO | Prediction result: Sour
2025-07-23 10:13:25,494 | App.model | INFO | Calculating target value ratios
2025-07-23 10:13:25,495 | App.naive_bayes | INFO | Making prediction...
2025-07-23 10:13:25,495 | App.naive_bayes | INFO | Calculating posteriors...
2025-07-23 10:13:25,495 | App.naive_bayes | INFO | Posterior calculation completed
2025-07-23 10:13:25,495 | App.naive_bayes | INFO | Prediction result: Sweet
2025-07-23 10:13:25,495 | App.model | INFO | Calculating target value ratios
2025-07-23 10:13:25,496 | App.naive_bayes | INFO | Making prediction...
2025-07-23 10:13:25,496 | App.naive_bayes | INFO | Calculating posteriors...
2025-07-23 10:13:25,496 | App.naive_bayes | INFO | Posterior calculation completed
2025-07-23 10:13:25,496 | App.naive_bayes | INFO | Prediction result: Sour
2025-07-23 10:13:25,496 | App.model | INFO | Calculating target value ratios
2025-07-23 10:13:25,496 | App.naive_bayes | INFO | Making prediction...
2025-07-23 10:13:25,496 | App.naive_bayes | INFO | Calculating posteriors...
2025-07-23 10:13:25,496 | App.naive_bayes | INFO | Posterior calculation completed
2025-07-23 10:13:25,496 | App.naive_bayes | INFO | Prediction result: Sour
2025-07-23 10:13:25,496 | App.model | INFO | Calculating target value ratios
2025-07-23 10:13:25,497 | App.naive_bayes | INFO | Making prediction...
2025-07-23 10:13:25,497 | App.naive_bayes | INFO | Calculating posteriors...
2025-07-23 10:13:25,497 | App.naive_bayes | INFO | Posterior calculation completed
2025-07-23 10:13:25,497 | App.naive_bayes | INFO | Prediction result: Sweet
2025-07-23 10:13:25,497 | App.model | INFO | Calculating target value ratios
2025-07-23 10:13:25,498 | App.naive_bayes | INFO | Making prediction...
2025-07-23 10:13:25,498 | App.naive_bayes | INFO | Calculating posteriors...
2025-07-23 10:13:25,498 | App.naive_bayes | INFO | Posterior calculation completed
2025-07-23 10:13:25,498 | App.naive_bayes | INFO | Prediction result: Sweet
2025-07-23 10:13:25,498 | App.model | INFO | Calculating target value ratios
2025-07-23 10:13:25,498 | App.naive_bayes | INFO | Making prediction...
2025-07-23 10:13:25,498 | App.naive_bayes | INFO | Calculating posteriors...
2025-07-23 10:13:25,498 | App.naive_bayes | INFO | Posterior calculation completed
2025-07-23 10:13:25,498 | App.naive_bayes | INFO | Prediction result: Sweet
2025-07-23 10:13:25,498 | App.model | INFO | Calculating target value ratios
2025-07-23 10:13:25,499 | App.naive_bayes | INFO | Making prediction...
2025-07-23 10:13:25,499 | App.naive_bayes | INFO | Calculating posteriors...
2025-07-23 10:13:25,499 | App.naive_bayes | INFO | Posterior calculation completed
2025-07-23 10:13:25,499 | App.naive_bayes | INFO | Prediction result: Sour
2025-07-23 10:13:25,499 | App.model | INFO | Calculating target value ratios
2025-07-23 10:13:25,500 | App.naive_bayes | INFO | Making prediction...
2025-07-23 10:13:25,500 | App.naive_bayes | INFO | Calculating posteriors...
2025-07-23 10:13:25,500 | App.naive_bayes | INFO | Posterior calculation completed
2025-07-23 10:13:25,500 | App.naive_bayes | INFO | Prediction result: Sour
2025-07-23 10:13:25,500 | App.model | INFO | Calculating target value ratios
2025-07-23 10:13:25,501 | App.naive_bayes | INFO | Making prediction...
2025-07-23 10:13:25,501 | App.naive_bayes | INFO | Calculating posteriors...
2025-07-23 10:13:25,501 | App.naive_bayes | INFO | Posterior calculation completed
2025-07-23 10:13:25,501 | App.naive_bayes | INFO | Prediction result: Sweet
2025-07-23 10:13:25,501 | App.model | INFO | Calculating target value ratios
2025-07-23 10:13:25,501 | App.naive_bayes | INFO | Making prediction...
2025-07-23 10:13:25,502 | App.naive_bayes | INFO | Calculating posteriors...
2025-07-23 10:13:25,502 | App.naive_bayes | INFO | Posterior calculation completed
2025-07-23 10:13:25,502 | App.naive_bayes | INFO | Prediction result: Sour
2025-07-23 10:13:25,502 | App.model | INFO | Calculating target value ratios
2025-07-23 10:13:25,502 | App.naive_bayes | INFO | Making prediction...
2025-07-23 10:13:25,502 | App.naive_bayes | INFO | Calculating posteriors...
2025-07-23 10:13:25,502 | App.naive_bayes | INFO | Posterior calculation completed
2025-07-23 10:13:25,502 | App.naive_bayes | INFO | Prediction result: Sour
2025-07-23 10:13:25,502 | App.model | INFO | Calculating target value ratios
2025-07-23 10:13:25,503 | App.naive_bayes | INFO | Making prediction...
2025-07-23 10:13:25,503 | App.naive_bayes | INFO | Calculating posteriors...
2025-07-23 10:13:25,503 | App.naive_bayes | INFO | Posterior calculation completed
2025-07-23 10:13:25,503 | App.naive_bayes | INFO | Prediction result: Sweet
2025-07-23 10:13:25,503 | App.model | INFO | Calculating target value ratios
2025-07-23 10:13:25,503 | App.naive_bayes | INFO | Making prediction...
2025-07-23 10:13:25,504 | App.naive_bayes | INFO | Calculating posteriors...
2025-07-23 10:13:25,504 | App.naive_bayes | INFO | Posterior calculation completed
2025-07-23 10:13:25,504 | App.naive_bayes | INFO | Prediction result: Sour
2025-07-23 10:13:25,504 | App.model | INFO | Calculating target value ratios
2025-07-23 10:13:25,504 | App.naive_bayes | INFO | Making prediction...
2025-07-23 10:13:25,504 | App.naive_bayes | INFO | Calculating posteriors...
2025-07-23 10:13:25,504 | App.naive_bayes | INFO | Posterior calculation completed
2025-07-23 10:13:25,504 | App.naive_bayes | INFO | Prediction result: Salty
2025-07-23 10:13:25,504 | App.model | INFO | Calculating target value ratios
2025-07-23 10:13:25,505 | App.naive_bayes | INFO | Making prediction...
2025-07-23 10:13:25,505 | App.naive_bayes | INFO | Calculating posteriors...
2025-07-23 10:13:25,505 | App.naive_bayes | INFO | Posterior calculation completed
2025-07-23 10:13:25,505 | App.naive_bayes | INFO | Prediction result: Sour
2025-07-23 10:13:25,505 | App.model | INFO | Calculating target value ratios
2025-07-23 10:13:25,506 | App.naive_bayes | INFO | Making prediction...
2025-07-23 10:13:25,506 | App.naive_bayes | INFO | Calculating posteriors...
2025-07-23 10:13:25,506 | App.naive_bayes | INFO | Posterior calculation completed
2025-07-23 10:13:25,506 | App.naive_bayes | INFO | Prediction result: Salty
2025-07-23 10:13:25,506 | App.model | INFO | Calculating target value ratios
2025-07-23 10:13:25,506 | App.naive_bayes | INFO | Making prediction...
2025-07-23 10:13:25,506 | App.naive_bayes | INFO | Calculating posteriors...
2025-07-23 10:13:25,506 | App.naive_bayes | INFO | Posterior calculation completed
2025-07-23 10:13:25,506 | App.naive_bayes | INFO | Prediction result: Sweet
2025-07-23 10:13:25,506 | App.model | INFO | Calculating target value ratios
2025-07-23 10:13:25,507 | App.naive_bayes | INFO | Making prediction...
2025-07-23 10:13:25,507 | App.naive_bayes | INFO | Calculating posteriors...
2025-07-23 10:13:25,507 | App.naive_bayes | INFO | Posterior calculation completed
2025-07-23 10:13:25,507 | App.naive_bayes | INFO | Prediction result: Salty
2025-07-23 10:13:25,507 | App.model | INFO | Calculating target value ratios
2025-07-23 10:13:25,508 | App.naive_bayes | INFO | Making prediction...
2025-07-23 10:13:25,508 | App.naive_bayes | INFO | Calculating posteriors...
2025-07-23 10:13:25,508 | App.naive_bayes | INFO | Posterior calculation completed
2025-07-23 10:13:25,508 | App.naive_bayes | INFO | Prediction result: Sour
2025-07-23 10:13:25,508 | App.model | INFO | Calculating target value ratios
2025-07-23 10:13:25,508 | App.naive_bayes | INFO | Making prediction...
2025-07-23 10:13:25,508 | App.naive_bayes | INFO | Calculating posteriors...
2025-07-23 10:13:25,509 | App.naive_bayes | INFO | Posterior calculation completed
2025-07-23 10:13:25,509 | App.naive_bayes | INFO | Prediction result: Sweet
2025-07-23 10:13:25,509 | App.model | INFO | Calculating target value ratios
2025-07-23 10:13:25,509 | App.naive_bayes | INFO | Making prediction...
2025-07-23 10:13:25,509 | App.naive_bayes | INFO | Calculating posteriors...
2025-07-23 10:13:25,509 | App.naive_bayes | INFO | Posterior calculation completed
2025-07-23 10:13:25,509 | App.naive_bayes | INFO | Prediction result: Sour
2025-07-23 10:13:25,509 | App.model | INFO | Calculating target value ratios
2025-07-23 10:13:25,510 | App.naive_bayes | INFO | Making prediction...
2025-07-23 10:13:25,510 | App.naive_bayes | INFO | Calculating posteriors...
2025-07-23 10:13:25,510 | App.naive_bayes | INFO | Posterior calculation completed
2025-07-23 10:13:25,510 | App.naive_bayes | INFO | Prediction result: Sweet
2025-07-23 10:13:25,510 | App.model | INFO | Calculating target value ratios
2025-07-23 10:13:25,510 | App.naive_bayes | INFO | Making prediction...
2025-07-23 10:13:25,510 | App.naive_bayes | INFO | Calculating posteriors...
2025-07-23 10:13:25,511 | App.naive_bayes | INFO | Posterior calculation completed
2025-07-23 10:13:25,511 | App.naive_bayes | INFO | Prediction result: Sweet
2025-07-23 10:13:25,511 | App.model | INFO | Calculating target value ratios
2025-07-23 10:13:25,511 | App.naive_bayes | INFO | Making prediction...
2025-07-23 10:13:25,511 | App.naive_bayes | INFO | Calculating posteriors...
2025-07-23 10:13:25,511 | App.naive_bayes | INFO | Posterior calculation completed
2025-07-23 10:13:25,511 | App.naive_bayes | INFO | Prediction result: Sweet
2025-07-23 10:13:25,511 | App.model | INFO | Calculating target value ratios
2025-07-23 10:13:25,512 | App.naive_bayes | INFO | Making prediction...
2025-07-23 10:13:25,512 | App.naive_bayes | INFO | Calculating posteriors...
2025-07-23 10:13:25,512 | App.naive_bayes | INFO | Posterior calculation completed
2025-07-23 10:13:25,512 | App.naive_bayes | INFO | Prediction result: Sour
2025-07-23 10:13:25,512 | App.model | INFO | Calculating target value ratios
2025-07-23 10:13:25,512 | App.naive_bayes | INFO | Making prediction...
2025-07-23 10:13:25,512 | App.naive_bayes | INFO | Calculating posteriors...
2025-07-23 10:13:25,513 | App.naive_bayes | INFO | Posterior calculation completed
2025-07-23 10:13:25,513 | App.naive_bayes | INFO | Prediction result: Salty
2025-07-23 10:13:25,513 | App.model | INFO | Calculating target value ratios
2025-07-23 10:13:25,513 | App.naive_bayes | INFO | Making prediction...
2025-07-23 10:13:25,513 | App.naive_bayes | INFO | Calculating posteriors...
2025-07-23 10:13:25,513 | App.naive_bayes | INFO | Posterior calculation completed
2025-07-23 10:13:25,513 | App.naive_bayes | INFO | Prediction result: Salty
2025-07-23 10:13:25,513 | App.model | INFO | Calculating target value ratios
2025-07-23 10:13:25,514 | App.naive_bayes | INFO | Making prediction...
2025-07-23 10:13:25,514 | App.naive_bayes | INFO | Calculating posteriors...
2025-07-23 10:13:25,514 | App.naive_bayes | INFO | Posterior calculation completed
2025-07-23 10:13:25,514 | App.naive_bayes | INFO | Prediction result: Sour
2025-07-23 10:13:25,514 | App.model | INFO | Calculating target value ratios
2025-07-23 10:13:25,515 | App.naive_bayes | INFO | Making prediction...
2025-07-23 10:13:25,515 | App.naive_bayes | INFO | Calculating posteriors...
2025-07-23 10:13:25,515 | App.naive_bayes | INFO | Posterior calculation completed
2025-07-23 10:13:25,515 | App.naive_bayes | INFO | Prediction result: Sweet
2025-07-23 10:13:25,515 | App.model | INFO | Calculating target value ratios
2025-07-23 10:13:25,515 | App.naive_bayes | INFO | Making prediction...
2025-07-23 10:13:25,515 | App.naive_bayes | INFO | Calculating posteriors...
2025-07-23 10:13:25,516 | App.naive_bayes | INFO | Posterior calculation completed
2025-07-23 10:13:25,516 | App.naive_bayes | INFO | Prediction result: Sour
2025-07-23 10:13:25,516 | App.model | INFO | Calculating target value ratios
2025-07-23 10:13:25,516 | App.naive_bayes | INFO | Making prediction...
2025-07-23 10:13:25,516 | App.naive_bayes | INFO | Calculating posteriors...
2025-07-23 10:13:25,516 | App.naive_bayes | INFO | Posterior calculation completed
2025-07-23 10:13:25,516 | App.naive_bayes | INFO | Prediction result: Sweet
2025-07-23 10:13:25,516 | App.model | INFO | Calculating target value ratios
2025-07-23 10:13:25,517 | App.naive_bayes | INFO | Making prediction...
2025-07-23 10:13:25,517 | App.naive_bayes | INFO | Calculating posteriors...
2025-07-23 10:13:25,517 | App.naive_bayes | INFO | Posterior calculation completed
2025-07-23 10:13:25,517 | App.naive_bayes | INFO | Prediction result: Sweet
2025-07-23 10:13:25,517 | App.model | INFO | Calculating target value ratios
2025-07-23 10:13:25,518 | App.naive_bayes | INFO | Making prediction...
2025-07-23 10:13:25,518 | App.naive_bayes | INFO | Calculating posteriors...
2025-07-23 10:13:25,518 | App.naive_bayes | INFO | Posterior calculation completed
2025-07-23 10:13:25,518 | App.naive_bayes | INFO | Prediction result: Sweet
2025-07-23 10:13:25,518 | App.model | INFO | Calculating target value ratios
2025-07-23 10:13:25,518 | App.naive_bayes | INFO | Making prediction...
2025-07-23 10:13:25,518 | App.naive_bayes | INFO | Calculating posteriors...
2025-07-23 10:13:25,518 | App.naive_bayes | INFO | Posterior calculation completed
2025-07-23 10:13:25,518 | App.naive_bayes | INFO | Prediction result: Salty
2025-07-23 10:13:25,518 | App.model | INFO | Calculating target value ratios
2025-07-23 10:13:25,519 | App.naive_bayes | INFO | Making prediction...
2025-07-23 10:13:25,519 | App.naive_bayes | INFO | Calculating posteriors...
2025-07-23 10:13:25,519 | App.naive_bayes | INFO | Posterior calculation completed
2025-07-23 10:13:25,519 | App.naive_bayes | INFO | Prediction result: Salty
2025-07-23 10:13:25,519 | App.model | INFO | Calculating target value ratios
2025-07-23 10:13:25,520 | App.naive_bayes | INFO | Making prediction...
2025-07-23 10:13:25,520 | App.naive_bayes | INFO | Calculating posteriors...
2025-07-23 10:13:25,520 | App.naive_bayes | INFO | Posterior calculation completed
2025-07-23 10:13:25,520 | App.naive_bayes | INFO | Prediction result: Sweet
2025-07-23 10:13:25,520 | App.model | INFO | Calculating target value ratios
2025-07-23 10:13:25,521 | App.naive_bayes | INFO | Making prediction...
2025-07-23 10:13:25,521 | App.naive_bayes | INFO | Calculating posteriors...
2025-07-23 10:13:25,521 | App.naive_bayes | INFO | Posterior calculation completed
2025-07-23 10:13:25,521 | App.naive_bayes | INFO | Prediction result: Sour
2025-07-23 10:13:25,521 | App.model | INFO | Calculating target value ratios
2025-07-23 10:13:25,522 | App.naive_bayes | INFO | Making prediction...
2025-07-23 10:13:25,522 | App.naive_bayes | INFO | Calculating posteriors...
2025-07-23 10:13:25,522 | App.naive_bayes | INFO | Posterior calculation completed
2025-07-23 10:13:25,522 | App.naive_bayes | INFO | Prediction result: Sweet
2025-07-23 10:13:25,522 | App.model | INFO | Calculating target value ratios
2025-07-23 10:13:25,522 | App.naive_bayes | INFO | Making prediction...
2025-07-23 10:13:25,522 | App.naive_bayes | INFO | Calculating posteriors...
2025-07-23 10:13:25,523 | App.naive_bayes | INFO | Posterior calculation completed
2025-07-23 10:13:25,523 | App.naive_bayes | INFO | Prediction result: Sweet
2025-07-23 10:13:25,523 | App.model | INFO | Calculating target value ratios
2025-07-23 10:13:25,523 | App.naive_bayes | INFO | Making prediction...
2025-07-23 10:13:25,523 | App.naive_bayes | INFO | Calculating posteriors...
2025-07-23 10:13:25,523 | App.naive_bayes | INFO | Posterior calculation completed
2025-07-23 10:13:25,523 | App.naive_bayes | INFO | Prediction result: Sweet
2025-07-23 10:13:25,523 | App.model | INFO | Calculating target value ratios
2025-07-23 10:13:25,524 | App.naive_bayes | INFO | Making prediction...
2025-07-23 10:13:25,524 | App.naive_bayes | INFO | Calculating posteriors...
2025-07-23 10:13:25,524 | App.naive_bayes | INFO | Posterior calculation completed
2025-07-23 10:13:25,524 | App.naive_bayes | INFO | Prediction result: Sweet
2025-07-23 10:13:25,524 | App.model | INFO | Calculating target value ratios
2025-07-23 10:13:25,524 | App.naive_bayes | INFO | Making prediction...
2025-07-23 10:13:25,525 | App.naive_bayes | INFO | Calculating posteriors...
2025-07-23 10:13:25,525 | App.naive_bayes | INFO | Posterior calculation completed
2025-07-23 10:13:25,525 | App.naive_bayes | INFO | Prediction result: Sour
2025-07-23 10:13:25,525 | App.model | INFO | Calculating target value ratios
2025-07-23 10:13:25,525 | App.naive_bayes | INFO | Making prediction...
2025-07-23 10:13:25,525 | App.naive_bayes | INFO | Calculating posteriors...
2025-07-23 10:13:25,525 | App.naive_bayes | INFO | Posterior calculation completed
2025-07-23 10:13:25,525 | App.naive_bayes | INFO | Prediction result: Sweet
2025-07-23 10:13:25,525 | App.model | INFO | Calculating target value ratios
2025-07-23 10:13:25,526 | App.naive_bayes | INFO | Making prediction...
2025-07-23 10:13:25,526 | App.naive_bayes | INFO | Calculating posteriors...
2025-07-23 10:13:25,526 | App.naive_bayes | INFO | Posterior calculation completed
2025-07-23 10:13:25,526 | App.naive_bayes | INFO | Prediction result: Salty
2025-07-23 10:13:25,526 | App.model | INFO | Calculating target value ratios
2025-07-23 10:13:25,527 | App.naive_bayes | INFO | Making prediction...
2025-07-23 10:13:25,527 | App.naive_bayes | INFO | Calculating posteriors...
2025-07-23 10:13:25,527 | App.naive_bayes | INFO | Posterior calculation completed
2025-07-23 10:13:25,527 | App.naive_bayes | INFO | Prediction result: Sour
2025-07-23 10:13:25,527 | App.model | INFO | Calculating target value ratios
2025-07-23 10:13:25,527 | App.naive_bayes | INFO | Making prediction...
2025-07-23 10:13:25,527 | App.naive_bayes | INFO | Calculating posteriors...
2025-07-23 10:13:25,527 | App.naive_bayes | INFO | Posterior calculation completed
2025-07-23 10:13:25,527 | App.naive_bayes | INFO | Prediction result: Sweet
2025-07-23 10:13:25,527 | App.model | INFO | Calculating target value ratios
2025-07-23 10:13:25,528 | App.naive_bayes | INFO | Making prediction...
2025-07-23 10:13:25,528 | App.naive_bayes | INFO | Calculating posteriors...
2025-07-23 10:13:25,528 | App.naive_bayes | INFO | Posterior calculation completed
2025-07-23 10:13:25,528 | App.naive_bayes | INFO | Prediction result: Salty
2025-07-23 10:13:25,528 | App.model | INFO | Calculating target value ratios
2025-07-23 10:13:25,529 | App.naive_bayes | INFO | Making prediction...
2025-07-23 10:13:25,529 | App.naive_bayes | INFO | Calculating posteriors...
2025-07-23 10:13:25,529 | App.naive_bayes | INFO | Posterior calculation completed
2025-07-23 10:13:25,529 | App.naive_bayes | INFO | Prediction result: Sour
2025-07-23 10:13:25,529 | App.model | INFO | Calculating target value ratios
2025-07-23 10:13:25,529 | App.naive_bayes | INFO | Making prediction...
2025-07-23 10:13:25,530 | App.naive_bayes | INFO | Calculating posteriors...
2025-07-23 10:13:25,530 | App.naive_bayes | INFO | Posterior calculation completed
2025-07-23 10:13:25,530 | App.naive_bayes | INFO | Prediction result: Sweet
2025-07-23 10:13:25,530 | App.model | INFO | Calculating target value ratios
2025-07-23 10:13:25,530 | App.naive_bayes | INFO | Making prediction...
2025-07-23 10:13:25,530 | App.naive_bayes | INFO | Calculating posteriors...
2025-07-23 10:13:25,530 | App.naive_bayes | INFO | Posterior calculation completed
2025-07-23 10:13:25,530 | App.naive_bayes | INFO | Prediction result: Sweet
2025-07-23 10:13:25,530 | App.model | INFO | Calculating target value ratios
2025-07-23 10:13:25,531 | App.naive_bayes | INFO | Making prediction...
2025-07-23 10:13:25,531 | App.naive_bayes | INFO | Calculating posteriors...
2025-07-23 10:13:25,531 | App.naive_bayes | INFO | Posterior calculation completed
2025-07-23 10:13:25,531 | App.naive_bayes | INFO | Prediction result: Sweet
2025-07-23 10:13:25,531 | App.model | INFO | Calculating target value ratios
2025-07-23 10:13:25,532 | App.naive_bayes | INFO | Making prediction...
2025-07-23 10:13:25,532 | App.naive_bayes | INFO | Calculating posteriors...
2025-07-23 10:13:25,532 | App.naive_bayes | INFO | Posterior calculation completed
2025-07-23 10:13:25,532 | App.naive_bayes | INFO | Prediction result: Sour
2025-07-23 10:13:25,532 | App.model | INFO | Calculating target value ratios
2025-07-23 10:13:25,532 | App.naive_bayes | INFO | Making prediction...
2025-07-23 10:13:25,532 | App.naive_bayes | INFO | Calculating posteriors...
2025-07-23 10:13:25,533 | App.naive_bayes | INFO | Posterior calculation completed
2025-07-23 10:13:25,533 | App.naive_bayes | INFO | Prediction result: Sour
2025-07-23 10:13:25,533 | App.model | INFO | Calculating target value ratios
2025-07-23 10:13:25,533 | App.naive_bayes | INFO | Making prediction...
2025-07-23 10:13:25,533 | App.naive_bayes | INFO | Calculating posteriors...
2025-07-23 10:13:25,533 | App.naive_bayes | INFO | Posterior calculation completed
2025-07-23 10:13:25,533 | App.naive_bayes | INFO | Prediction result: Sour
2025-07-23 10:13:25,533 | App.model | INFO | Calculating target value ratios
2025-07-23 10:13:25,534 | App.naive_bayes | INFO | Making prediction...
2025-07-23 10:13:25,534 | App.naive_bayes | INFO | Calculating posteriors...
2025-07-23 10:13:25,534 | App.naive_bayes | INFO | Posterior calculation completed
2025-07-23 10:13:25,534 | App.naive_bayes | INFO | Prediction result: Salty
2025-07-23 10:13:25,534 | App.model | INFO | Calculating target value ratios
2025-07-23 10:13:25,535 | App.naive_bayes | INFO | Making prediction...
2025-07-23 10:13:25,535 | App.naive_bayes | INFO | Calculating posteriors...
2025-07-23 10:13:25,535 | App.naive_bayes | INFO | Posterior calculation completed
2025-07-23 10:13:25,535 | App.naive_bayes | INFO | Prediction result: Sour
2025-07-23 10:13:25,535 | App.model | INFO | Calculating target value ratios
2025-07-23 10:13:25,535 | App.naive_bayes | INFO | Making prediction...
2025-07-23 10:13:25,535 | App.naive_bayes | INFO | Calculating posteriors...
2025-07-23 10:13:25,535 | App.naive_bayes | INFO | Posterior calculation completed
2025-07-23 10:13:25,535 | App.naive_bayes | INFO | Prediction result: Sweet
2025-07-23 10:13:25,535 | App.model | INFO | Calculating target value ratios
2025-07-23 10:13:25,536 | App.naive_bayes | INFO | Making prediction...
2025-07-23 10:13:25,536 | App.naive_bayes | INFO | Calculating posteriors...
2025-07-23 10:13:25,536 | App.naive_bayes | INFO | Posterior calculation completed
2025-07-23 10:13:25,536 | App.naive_bayes | INFO | Prediction result: Salty
2025-07-23 10:13:25,536 | App.model | INFO | Calculating target value ratios
2025-07-23 10:13:25,537 | App.naive_bayes | INFO | Making prediction...
2025-07-23 10:13:25,537 | App.naive_bayes | INFO | Calculating posteriors...
2025-07-23 10:13:25,537 | App.naive_bayes | INFO | Posterior calculation completed
2025-07-23 10:13:25,537 | App.naive_bayes | INFO | Prediction result: Sweet
2025-07-23 10:13:25,537 | App.model | INFO | Calculating target value ratios
2025-07-23 10:13:25,537 | App.naive_bayes | INFO | Making prediction...
2025-07-23 10:13:25,537 | App.naive_bayes | INFO | Calculating posteriors...
2025-07-23 10:13:25,537 | App.naive_bayes | INFO | Posterior calculation completed
2025-07-23 10:13:25,538 | App.naive_bayes | INFO | Prediction result: Sweet
2025-07-23 10:13:25,538 | App.model | INFO | Calculating target value ratios
2025-07-23 10:13:25,538 | App.naive_bayes | INFO | Making prediction...
2025-07-23 10:13:25,538 | App.naive_bayes | INFO | Calculating posteriors...
2025-07-23 10:13:25,538 | App.naive_bayes | INFO | Posterior calculation completed
2025-07-23 10:13:25,538 | App.naive_bayes | INFO | Prediction result: Salty
2025-07-23 10:13:25,538 | App.model | INFO | Calculating target value ratios
2025-07-23 10:13:25,539 | App.naive_bayes | INFO | Making prediction...
2025-07-23 10:13:25,539 | App.naive_bayes | INFO | Calculating posteriors...
2025-07-23 10:13:25,539 | App.naive_bayes | INFO | Posterior calculation completed
2025-07-23 10:13:25,539 | App.naive_bayes | INFO | Prediction result: Sour
2025-07-23 10:13:25,539 | App.model | INFO | Calculating target value ratios
2025-07-23 10:13:25,539 | App.naive_bayes | INFO | Making prediction...
2025-07-23 10:13:25,539 | App.naive_bayes | INFO | Calculating posteriors...
2025-07-23 10:13:25,540 | App.naive_bayes | INFO | Posterior calculation completed
2025-07-23 10:13:25,540 | App.naive_bayes | INFO | Prediction result: Sour
2025-07-23 10:13:25,540 | App.model | INFO | Calculating target value ratios
2025-07-23 10:13:25,540 | App.naive_bayes | INFO | Making prediction...
2025-07-23 10:13:25,540 | App.naive_bayes | INFO | Calculating posteriors...
2025-07-23 10:13:25,540 | App.naive_bayes | INFO | Posterior calculation completed
2025-07-23 10:13:25,540 | App.naive_bayes | INFO | Prediction result: Salty
2025-07-23 10:13:25,540 | App.model | INFO | Calculating target value ratios
2025-07-23 10:13:25,541 | App.naive_bayes | INFO | Making prediction...
2025-07-23 10:13:25,541 | App.naive_bayes | INFO | Calculating posteriors...
2025-07-23 10:13:25,541 | App.naive_bayes | INFO | Posterior calculation completed
2025-07-23 10:13:25,541 | App.naive_bayes | INFO | Prediction result: Sour
2025-07-23 10:13:25,541 | App.model | INFO | Calculating target value ratios
2025-07-23 10:13:25,542 | App.naive_bayes | INFO | Making prediction...
2025-07-23 10:13:25,542 | App.naive_bayes | INFO | Calculating posteriors...
2025-07-23 10:13:25,542 | App.naive_bayes | INFO | Posterior calculation completed
2025-07-23 10:13:25,542 | App.naive_bayes | INFO | Prediction result: Salty
2025-07-23 10:13:25,542 | App.model | INFO | Calculating target value ratios
2025-07-23 10:13:25,542 | App.naive_bayes | INFO | Making prediction...
2025-07-23 10:13:25,542 | App.naive_bayes | INFO | Calculating posteriors...
2025-07-23 10:13:25,542 | App.naive_bayes | INFO | Posterior calculation completed
2025-07-23 10:13:25,542 | App.naive_bayes | INFO | Prediction result: Sour
2025-07-23 10:13:25,543 | App.model | INFO | Calculating target value ratios
2025-07-23 10:13:25,543 | App.naive_bayes | INFO | Making prediction...
2025-07-23 10:13:25,543 | App.naive_bayes | INFO | Calculating posteriors...
2025-07-23 10:13:25,543 | App.naive_bayes | INFO | Posterior calculation completed
2025-07-23 10:13:25,543 | App.naive_bayes | INFO | Prediction result: Sour
2025-07-23 10:13:25,543 | App.model | INFO | Calculating target value ratios
2025-07-23 10:13:25,544 | App.naive_bayes | INFO | Making prediction...
2025-07-23 10:13:25,544 | App.naive_bayes | INFO | Calculating posteriors...
2025-07-23 10:13:25,544 | App.naive_bayes | INFO | Posterior calculation completed
2025-07-23 10:13:25,544 | App.naive_bayes | INFO | Prediction result: Sour
2025-07-23 10:13:25,544 | App.model | INFO | Calculating target value ratios
2025-07-23 10:13:25,545 | App.naive_bayes | INFO | Making prediction...
2025-07-23 10:13:25,545 | App.naive_bayes | INFO | Calculating posteriors...
2025-07-23 10:13:25,545 | App.naive_bayes | INFO | Posterior calculation completed
2025-07-23 10:13:25,545 | App.naive_bayes | INFO | Prediction result: Sour
2025-07-23 10:13:25,545 | App.model | INFO | Calculating target value ratios
2025-07-23 10:13:25,545 | App.naive_bayes | INFO | Making prediction...
2025-07-23 10:13:25,545 | App.naive_bayes | INFO | Calculating posteriors...
2025-07-23 10:13:25,545 | App.naive_bayes | INFO | Posterior calculation completed
2025-07-23 10:13:25,545 | App.naive_bayes | INFO | Prediction result: Sour
2025-07-23 10:13:25,545 | App.model | INFO | Calculating target value ratios
2025-07-23 10:13:25,546 | App.naive_bayes | INFO | Making prediction...
2025-07-23 10:13:25,546 | App.naive_bayes | INFO | Calculating posteriors...
2025-07-23 10:13:25,546 | App.naive_bayes | INFO | Posterior calculation completed
2025-07-23 10:13:25,546 | App.naive_bayes | INFO | Prediction result: Sour
2025-07-23 10:13:25,546 | App.model | INFO | Calculating target value ratios
2025-07-23 10:13:25,547 | App.naive_bayes | INFO | Making prediction...
2025-07-23 10:13:25,547 | App.naive_bayes | INFO | Calculating posteriors...
2025-07-23 10:13:25,547 | App.naive_bayes | INFO | Posterior calculation completed
2025-07-23 10:13:25,547 | App.naive_bayes | INFO | Prediction result: Sour
2025-07-23 10:13:25,547 | App.model | INFO | Calculating target value ratios
2025-07-23 10:13:25,548 | App.naive_bayes | INFO | Making prediction...
2025-07-23 10:13:25,548 | App.naive_bayes | INFO | Calculating posteriors...
2025-07-23 10:13:25,548 | App.naive_bayes | INFO | Posterior calculation completed
2025-07-23 10:13:25,548 | App.naive_bayes | INFO | Prediction result: Sweet
2025-07-23 10:13:25,548 | App.model | INFO | Calculating target value ratios
2025-07-23 10:13:25,548 | App.naive_bayes | INFO | Making prediction...
2025-07-23 10:13:25,549 | App.naive_bayes | INFO | Calculating posteriors...
2025-07-23 10:13:25,549 | App.naive_bayes | INFO | Posterior calculation completed
2025-07-23 10:13:25,549 | App.naive_bayes | INFO | Prediction result: Sour
2025-07-23 10:13:25,549 | App.model | INFO | Calculating target value ratios
2025-07-23 10:13:25,550 | App.naive_bayes | INFO | Making prediction...
2025-07-23 10:13:25,550 | App.naive_bayes | INFO | Calculating posteriors...
2025-07-23 10:13:25,550 | App.naive_bayes | INFO | Posterior calculation completed
2025-07-23 10:13:25,550 | App.naive_bayes | INFO | Prediction result: Sour
2025-07-23 10:13:25,550 | App.model | INFO | Calculating target value ratios
2025-07-23 10:13:25,550 | App.naive_bayes | INFO | Making prediction...
2025-07-23 10:13:25,550 | App.naive_bayes | INFO | Calculating posteriors...
2025-07-23 10:13:25,550 | App.naive_bayes | INFO | Posterior calculation completed
2025-07-23 10:13:25,550 | App.naive_bayes | INFO | Prediction result: Sweet
2025-07-23 10:13:25,550 | App.model | INFO | Calculating target value ratios
2025-07-23 10:13:25,551 | App.naive_bayes | INFO | Making prediction...
2025-07-23 10:13:25,551 | App.naive_bayes | INFO | Calculating posteriors...
2025-07-23 10:13:25,551 | App.naive_bayes | INFO | Posterior calculation completed
2025-07-23 10:13:25,551 | App.naive_bayes | INFO | Prediction result: Sour
2025-07-23 10:13:25,551 | App.model | INFO | Calculating target value ratios
2025-07-23 10:13:25,552 | App.naive_bayes | INFO | Making prediction...
2025-07-23 10:13:25,552 | App.naive_bayes | INFO | Calculating posteriors...
2025-07-23 10:13:25,552 | App.naive_bayes | INFO | Posterior calculation completed
2025-07-23 10:13:25,552 | App.naive_bayes | INFO | Prediction result: Sweet
2025-07-23 10:13:25,552 | App.model | INFO | Calculating target value ratios
2025-07-23 10:13:25,552 | App.naive_bayes | INFO | Making prediction...
2025-07-23 10:13:25,552 | App.naive_bayes | INFO | Calculating posteriors...
2025-07-23 10:13:25,552 | App.naive_bayes | INFO | Posterior calculation completed
2025-07-23 10:13:25,553 | App.naive_bayes | INFO | Prediction result: Sour
2025-07-23 10:13:25,553 | App.model | INFO | Calculating target value ratios
2025-07-23 10:13:25,553 | App.naive_bayes | INFO | Making prediction...
2025-07-23 10:13:25,553 | App.naive_bayes | INFO | Calculating posteriors...
2025-07-23 10:13:25,553 | App.naive_bayes | INFO | Posterior calculation completed
2025-07-23 10:13:25,553 | App.naive_bayes | INFO | Prediction result: Sweet
2025-07-23 10:13:25,553 | App.model | INFO | Calculating target value ratios
2025-07-23 10:13:25,554 | App.naive_bayes | INFO | Making prediction...
2025-07-23 10:13:25,554 | App.naive_bayes | INFO | Calculating posteriors...
2025-07-23 10:13:25,554 | App.naive_bayes | INFO | Posterior calculation completed
2025-07-23 10:13:25,554 | App.naive_bayes | INFO | Prediction result: Sweet
2025-07-23 10:13:25,554 | App.model | INFO | Calculating target value ratios
2025-07-23 10:13:25,555 | App.naive_bayes | INFO | Making prediction...
2025-07-23 10:13:25,555 | App.naive_bayes | INFO | Calculating posteriors...
2025-07-23 10:13:25,555 | App.naive_bayes | INFO | Posterior calculation completed
2025-07-23 10:13:25,555 | App.naive_bayes | INFO | Prediction result: Salty
2025-07-23 10:13:25,555 | App.model | INFO | Calculating target value ratios
2025-07-23 10:13:25,556 | App.naive_bayes | INFO | Making prediction...
2025-07-23 10:13:25,556 | App.naive_bayes | INFO | Calculating posteriors...
2025-07-23 10:13:25,556 | App.naive_bayes | INFO | Posterior calculation completed
2025-07-23 10:13:25,556 | App.naive_bayes | INFO | Prediction result: Sweet
2025-07-23 10:13:25,556 | App.model | INFO | Calculating target value ratios
2025-07-23 10:13:25,556 | App.naive_bayes | INFO | Making prediction...
2025-07-23 10:13:25,556 | App.naive_bayes | INFO | Calculating posteriors...
2025-07-23 10:13:25,556 | App.naive_bayes | INFO | Posterior calculation completed
2025-07-23 10:13:25,556 | App.naive_bayes | INFO | Prediction result: Sweet
2025-07-23 10:13:25,556 | App.model | INFO | Calculating target value ratios
2025-07-23 10:13:25,557 | App.naive_bayes | INFO | Making prediction...
2025-07-23 10:13:25,557 | App.naive_bayes | INFO | Calculating posteriors...
2025-07-23 10:13:25,557 | App.naive_bayes | INFO | Posterior calculation completed
2025-07-23 10:13:25,557 | App.naive_bayes | INFO | Prediction result: Sour
2025-07-23 10:13:25,557 | App.model | INFO | Calculating target value ratios
2025-07-23 10:13:25,558 | App.naive_bayes | INFO | Making prediction...
2025-07-23 10:13:25,558 | App.naive_bayes | INFO | Calculating posteriors...
2025-07-23 10:13:25,558 | App.naive_bayes | INFO | Posterior calculation completed
2025-07-23 10:13:25,558 | App.naive_bayes | INFO | Prediction result: Salty
2025-07-23 10:13:25,558 | App.model | INFO | Calculating target value ratios
2025-07-23 10:13:25,558 | App.naive_bayes | INFO | Making prediction...
2025-07-23 10:13:25,558 | App.naive_bayes | INFO | Calculating posteriors...
2025-07-23 10:13:25,559 | App.naive_bayes | INFO | Posterior calculation completed
2025-07-23 10:13:25,559 | App.naive_bayes | INFO | Prediction result: Sweet
2025-07-23 10:13:25,559 | App.model | INFO | Calculating target value ratios
2025-07-23 10:13:25,559 | App.naive_bayes | INFO | Making prediction...
2025-07-23 10:13:25,559 | App.naive_bayes | INFO | Calculating posteriors...
2025-07-23 10:13:25,559 | App.naive_bayes | INFO | Posterior calculation completed
2025-07-23 10:13:25,559 | App.naive_bayes | INFO | Prediction result: Sour
2025-07-23 10:13:25,559 | App.model | INFO | Calculating target value ratios
2025-07-23 10:13:25,560 | App.naive_bayes | INFO | Making prediction...
2025-07-23 10:13:25,560 | App.naive_bayes | INFO | Calculating posteriors...
2025-07-23 10:13:25,560 | App.naive_bayes | INFO | Posterior calculation completed
2025-07-23 10:13:25,560 | App.naive_bayes | INFO | Prediction result: Salty
2025-07-23 10:13:25,560 | App.model | INFO | Calculating target value ratios
2025-07-23 10:13:25,561 | App.naive_bayes | INFO | Making prediction...
2025-07-23 10:13:25,561 | App.naive_bayes | INFO | Calculating posteriors...
2025-07-23 10:13:25,561 | App.naive_bayes | INFO | Posterior calculation completed
2025-07-23 10:13:25,561 | App.naive_bayes | INFO | Prediction result: Sour
2025-07-23 10:13:25,561 | App.model | INFO | Calculating target value ratios
2025-07-23 10:13:25,561 | App.naive_bayes | INFO | Making prediction...
2025-07-23 10:13:25,561 | App.naive_bayes | INFO | Calculating posteriors...
2025-07-23 10:13:25,561 | App.naive_bayes | INFO | Posterior calculation completed
2025-07-23 10:13:25,561 | App.naive_bayes | INFO | Prediction result: Sweet
2025-07-23 10:13:25,561 | App.model | INFO | Calculating target value ratios
2025-07-23 10:13:25,562 | App.naive_bayes | INFO | Making prediction...
2025-07-23 10:13:25,562 | App.naive_bayes | INFO | Calculating posteriors...
2025-07-23 10:13:25,562 | App.naive_bayes | INFO | Posterior calculation completed
2025-07-23 10:13:25,562 | App.naive_bayes | INFO | Prediction result: Salty
2025-07-23 10:13:25,562 | App.model | INFO | Calculating target value ratios
2025-07-23 10:13:25,563 | App.naive_bayes | INFO | Making prediction...
2025-07-23 10:13:25,563 | App.naive_bayes | INFO | Calculating posteriors...
2025-07-23 10:13:25,563 | App.naive_bayes | INFO | Posterior calculation completed
2025-07-23 10:13:25,563 | App.naive_bayes | INFO | Prediction result: Sweet
2025-07-23 10:13:25,563 | App.model | INFO | Calculating target value ratios
2025-07-23 10:13:25,564 | App.naive_bayes | INFO | Making prediction...
2025-07-23 10:13:25,564 | App.naive_bayes | INFO | Calculating posteriors...
2025-07-23 10:13:25,564 | App.naive_bayes | INFO | Posterior calculation completed
2025-07-23 10:13:25,564 | App.naive_bayes | INFO | Prediction result: Sweet
2025-07-23 10:13:25,564 | App.model | INFO | Calculating target value ratios
2025-07-23 10:13:25,564 | App.naive_bayes | INFO | Making prediction...
2025-07-23 10:13:25,564 | App.naive_bayes | INFO | Calculating posteriors...
2025-07-23 10:13:25,564 | App.naive_bayes | INFO | Posterior calculation completed
2025-07-23 10:13:25,564 | App.naive_bayes | INFO | Prediction result: Salty
2025-07-23 10:13:25,564 | App.model | INFO | Calculating target value ratios
2025-07-23 10:13:25,565 | App.naive_bayes | INFO | Making prediction...
2025-07-23 10:13:25,565 | App.naive_bayes | INFO | Calculating posteriors...
2025-07-23 10:13:25,565 | App.naive_bayes | INFO | Posterior calculation completed
2025-07-23 10:13:25,565 | App.naive_bayes | INFO | Prediction result: Sour
2025-07-23 10:13:25,565 | App.model | INFO | Calculating target value ratios
2025-07-23 10:13:25,566 | App.naive_bayes | INFO | Making prediction...
2025-07-23 10:13:25,566 | App.naive_bayes | INFO | Calculating posteriors...
2025-07-23 10:13:25,566 | App.naive_bayes | INFO | Posterior calculation completed
2025-07-23 10:13:25,566 | App.naive_bayes | INFO | Prediction result: Sour
2025-07-23 10:13:25,566 | App.model | INFO | Calculating target value ratios
2025-07-23 10:13:25,566 | App.naive_bayes | INFO | Making prediction...
2025-07-23 10:13:25,566 | App.naive_bayes | INFO | Calculating posteriors...
2025-07-23 10:13:25,566 | App.naive_bayes | INFO | Posterior calculation completed
2025-07-23 10:13:25,566 | App.naive_bayes | INFO | Prediction result: Sour
2025-07-23 10:13:25,566 | App.model | INFO | Calculating target value ratios
2025-07-23 10:13:25,567 | App.naive_bayes | INFO | Making prediction...
2025-07-23 10:13:25,567 | App.naive_bayes | INFO | Calculating posteriors...
2025-07-23 10:13:25,567 | App.naive_bayes | INFO | Posterior calculation completed
2025-07-23 10:13:25,567 | App.naive_bayes | INFO | Prediction result: Sweet
2025-07-23 10:13:25,567 | App.model | INFO | Calculating target value ratios
2025-07-23 10:13:25,568 | App.naive_bayes | INFO | Making prediction...
2025-07-23 10:13:25,568 | App.naive_bayes | INFO | Calculating posteriors...
2025-07-23 10:13:25,568 | App.naive_bayes | INFO | Posterior calculation completed
2025-07-23 10:13:25,568 | App.naive_bayes | INFO | Prediction result: Sweet
2025-07-23 10:13:25,568 | App.model | INFO | Calculating target value ratios
2025-07-23 10:13:25,568 | App.naive_bayes | INFO | Making prediction...
2025-07-23 10:13:25,568 | App.naive_bayes | INFO | Calculating posteriors...
2025-07-23 10:13:25,568 | App.naive_bayes | INFO | Posterior calculation completed
2025-07-23 10:13:25,568 | App.naive_bayes | INFO | Prediction result: Sour
2025-07-23 10:13:25,569 | App.model | INFO | Calculating target value ratios
2025-07-23 10:13:25,569 | App.naive_bayes | INFO | Making prediction...
2025-07-23 10:13:25,569 | App.naive_bayes | INFO | Calculating posteriors...
2025-07-23 10:13:25,569 | App.naive_bayes | INFO | Posterior calculation completed
2025-07-23 10:13:25,569 | App.naive_bayes | INFO | Prediction result: Sweet
2025-07-23 10:13:25,569 | App.model | INFO | Calculating target value ratios
2025-07-23 10:13:25,570 | App.naive_bayes | INFO | Making prediction...
2025-07-23 10:13:25,570 | App.naive_bayes | INFO | Calculating posteriors...
2025-07-23 10:13:25,570 | App.naive_bayes | INFO | Posterior calculation completed
2025-07-23 10:13:25,570 | App.naive_bayes | INFO | Prediction result: Sour
2025-07-23 10:13:25,570 | App.model | INFO | Calculating target value ratios
2025-07-23 10:13:25,570 | App.naive_bayes | INFO | Making prediction...
2025-07-23 10:13:25,570 | App.naive_bayes | INFO | Calculating posteriors...
2025-07-23 10:13:25,571 | App.naive_bayes | INFO | Posterior calculation completed
2025-07-23 10:13:25,571 | App.naive_bayes | INFO | Prediction result: Sweet
2025-07-23 10:13:25,571 | App.model | INFO | Calculating target value ratios
2025-07-23 10:13:25,571 | App.naive_bayes | INFO | Making prediction...
2025-07-23 10:13:25,571 | App.naive_bayes | INFO | Calculating posteriors...
2025-07-23 10:13:25,571 | App.naive_bayes | INFO | Posterior calculation completed
2025-07-23 10:13:25,571 | App.naive_bayes | INFO | Prediction result: Sour
2025-07-23 10:13:25,571 | App.model | INFO | Calculating target value ratios
2025-07-23 10:13:25,572 | App.naive_bayes | INFO | Making prediction...
2025-07-23 10:13:25,572 | App.naive_bayes | INFO | Calculating posteriors...
2025-07-23 10:13:25,572 | App.naive_bayes | INFO | Posterior calculation completed
2025-07-23 10:13:25,572 | App.naive_bayes | INFO | Prediction result: Sweet
2025-07-23 10:13:25,572 | App.model | INFO | Calculating target value ratios
2025-07-23 10:13:25,572 | App.naive_bayes | INFO | Making prediction...
2025-07-23 10:13:25,572 | App.naive_bayes | INFO | Calculating posteriors...
2025-07-23 10:13:25,573 | App.naive_bayes | INFO | Posterior calculation completed
2025-07-23 10:13:25,573 | App.naive_bayes | INFO | Prediction result: Sweet
2025-07-23 10:13:25,573 | App.model | INFO | Calculating target value ratios
2025-07-23 10:13:25,573 | App.naive_bayes | INFO | Making prediction...
2025-07-23 10:13:25,573 | App.naive_bayes | INFO | Calculating posteriors...
2025-07-23 10:13:25,573 | App.naive_bayes | INFO | Posterior calculation completed
2025-07-23 10:13:25,573 | App.naive_bayes | INFO | Prediction result: Sour
2025-07-23 10:13:25,573 | App.model | INFO | Calculating target value ratios
2025-07-23 10:13:25,574 | App.naive_bayes | INFO | Making prediction...
2025-07-23 10:13:25,574 | App.naive_bayes | INFO | Calculating posteriors...
2025-07-23 10:13:25,574 | App.naive_bayes | INFO | Posterior calculation completed
2025-07-23 10:13:25,574 | App.naive_bayes | INFO | Prediction result: Sweet
2025-07-23 10:13:25,574 | App.model | INFO | Calculating target value ratios
2025-07-23 10:13:25,574 | App.naive_bayes | INFO | Making prediction...
2025-07-23 10:13:25,574 | App.naive_bayes | INFO | Calculating posteriors...
2025-07-23 10:13:25,575 | App.naive_bayes | INFO | Posterior calculation completed
2025-07-23 10:13:25,575 | App.naive_bayes | INFO | Prediction result: Sour
2025-07-23 10:13:25,575 | App.model | INFO | Calculating target value ratios
2025-07-23 10:13:25,575 | App.naive_bayes | INFO | Making prediction...
2025-07-23 10:13:25,575 | App.naive_bayes | INFO | Calculating posteriors...
2025-07-23 10:13:25,575 | App.naive_bayes | INFO | Posterior calculation completed
2025-07-23 10:13:25,575 | App.naive_bayes | INFO | Prediction result: Sour
2025-07-23 10:13:25,575 | App.model | INFO | Calculating target value ratios
2025-07-23 10:13:25,576 | App.naive_bayes | INFO | Making prediction...
2025-07-23 10:13:25,576 | App.naive_bayes | INFO | Calculating posteriors...
2025-07-23 10:13:25,576 | App.naive_bayes | INFO | Posterior calculation completed
2025-07-23 10:13:25,576 | App.naive_bayes | INFO | Prediction result: Salty
2025-07-23 10:13:25,576 | App.model | INFO | Calculating target value ratios
2025-07-23 10:13:25,577 | App.naive_bayes | INFO | Making prediction...
2025-07-23 10:13:25,577 | App.naive_bayes | INFO | Calculating posteriors...
2025-07-23 10:13:25,577 | App.naive_bayes | INFO | Posterior calculation completed
2025-07-23 10:13:25,577 | App.naive_bayes | INFO | Prediction result: Sour
2025-07-23 10:13:25,577 | App.model | INFO | Calculating target value ratios
2025-07-23 10:13:25,577 | App.naive_bayes | INFO | Making prediction...
2025-07-23 10:13:25,577 | App.naive_bayes | INFO | Calculating posteriors...
2025-07-23 10:13:25,578 | App.naive_bayes | INFO | Posterior calculation completed
2025-07-23 10:13:25,578 | App.naive_bayes | INFO | Prediction result: Sweet
2025-07-23 10:13:25,578 | App.model | INFO | Calculating target value ratios
2025-07-23 10:13:25,578 | App.naive_bayes | INFO | Making prediction...
2025-07-23 10:13:25,578 | App.naive_bayes | INFO | Calculating posteriors...
2025-07-23 10:13:25,578 | App.naive_bayes | INFO | Posterior calculation completed
2025-07-23 10:13:25,578 | App.naive_bayes | INFO | Prediction result: Sour
2025-07-23 10:13:25,579 | App.model | INFO | Calculating target value ratios
2025-07-23 10:13:25,579 | App.naive_bayes | INFO | Making prediction...
2025-07-23 10:13:25,579 | App.naive_bayes | INFO | Calculating posteriors...
2025-07-23 10:13:25,579 | App.naive_bayes | INFO | Posterior calculation completed
2025-07-23 10:13:25,579 | App.naive_bayes | INFO | Prediction result: Sour
2025-07-23 10:13:25,579 | App.model | INFO | Calculating target value ratios
2025-07-23 10:13:25,580 | App.naive_bayes | INFO | Making prediction...
2025-07-23 10:13:25,580 | App.naive_bayes | INFO | Calculating posteriors...
2025-07-23 10:13:25,580 | App.naive_bayes | INFO | Posterior calculation completed
2025-07-23 10:13:25,580 | App.naive_bayes | INFO | Prediction result: Sour
2025-07-23 10:13:25,580 | App.model | INFO | Calculating target value ratios
2025-07-23 10:13:25,580 | App.naive_bayes | INFO | Making prediction...
2025-07-23 10:13:25,581 | App.naive_bayes | INFO | Calculating posteriors...
2025-07-23 10:13:25,581 | App.naive_bayes | INFO | Posterior calculation completed
2025-07-23 10:13:25,581 | App.naive_bayes | INFO | Prediction result: Sour
2025-07-23 10:13:25,581 | App.model | INFO | Calculating target value ratios
2025-07-23 10:13:25,581 | App.naive_bayes | INFO | Making prediction...
2025-07-23 10:13:25,581 | App.naive_bayes | INFO | Calculating posteriors...
2025-07-23 10:13:25,581 | App.naive_bayes | INFO | Posterior calculation completed
2025-07-23 10:13:25,581 | App.naive_bayes | INFO | Prediction result: Sour
2025-07-23 10:13:25,581 | App.model | INFO | Calculating target value ratios
2025-07-23 10:13:25,582 | App.naive_bayes | INFO | Making prediction...
2025-07-23 10:13:25,582 | App.naive_bayes | INFO | Calculating posteriors...
2025-07-23 10:13:25,582 | App.naive_bayes | INFO | Posterior calculation completed
2025-07-23 10:13:25,582 | App.naive_bayes | INFO | Prediction result: Sweet
2025-07-23 10:13:25,582 | App.model | INFO | Calculating target value ratios
2025-07-23 10:13:25,582 | App.naive_bayes | INFO | Making prediction...
2025-07-23 10:13:25,583 | App.naive_bayes | INFO | Calculating posteriors...
2025-07-23 10:13:25,583 | App.naive_bayes | INFO | Posterior calculation completed
2025-07-23 10:13:25,583 | App.naive_bayes | INFO | Prediction result: Sour
2025-07-23 10:13:25,583 | App.model | INFO | Calculating target value ratios
2025-07-23 10:13:25,583 | App.naive_bayes | INFO | Making prediction...
2025-07-23 10:13:25,583 | App.naive_bayes | INFO | Calculating posteriors...
2025-07-23 10:13:25,583 | App.naive_bayes | INFO | Posterior calculation completed
2025-07-23 10:13:25,583 | App.naive_bayes | INFO | Prediction result: Sour
2025-07-23 10:13:25,583 | App.model | INFO | Calculating target value ratios
2025-07-23 10:13:25,584 | App.naive_bayes | INFO | Making prediction...
2025-07-23 10:13:25,584 | App.naive_bayes | INFO | Calculating posteriors...
2025-07-23 10:13:25,584 | App.naive_bayes | INFO | Posterior calculation completed
2025-07-23 10:13:25,584 | App.naive_bayes | INFO | Prediction result: Sweet
2025-07-23 10:13:25,584 | App.model | INFO | Calculating target value ratios
2025-07-23 10:13:25,585 | App.naive_bayes | INFO | Making prediction...
2025-07-23 10:13:25,585 | App.naive_bayes | INFO | Calculating posteriors...
2025-07-23 10:13:25,585 | App.naive_bayes | INFO | Posterior calculation completed
2025-07-23 10:13:25,585 | App.naive_bayes | INFO | Prediction result: Sweet
2025-07-23 10:13:25,585 | App.model | INFO | Calculating target value ratios
2025-07-23 10:13:25,585 | App.naive_bayes | INFO | Making prediction...
2025-07-23 10:13:25,585 | App.naive_bayes | INFO | Calculating posteriors...
2025-07-23 10:13:25,585 | App.naive_bayes | INFO | Posterior calculation completed
2025-07-23 10:13:25,585 | App.naive_bayes | INFO | Prediction result: Sweet
2025-07-23 10:13:25,585 | App.model | INFO | Calculating target value ratios
2025-07-23 10:13:25,586 | App.naive_bayes | INFO | Making prediction...
2025-07-23 10:13:25,586 | App.naive_bayes | INFO | Calculating posteriors...
2025-07-23 10:13:25,586 | App.naive_bayes | INFO | Posterior calculation completed
2025-07-23 10:13:25,586 | App.naive_bayes | INFO | Prediction result: Sour
2025-07-23 10:13:25,586 | App.model | INFO | Calculating target value ratios
2025-07-23 10:13:25,587 | App.naive_bayes | INFO | Making prediction...
2025-07-23 10:13:25,587 | App.naive_bayes | INFO | Calculating posteriors...
2025-07-23 10:13:25,587 | App.naive_bayes | INFO | Posterior calculation completed
2025-07-23 10:13:25,587 | App.naive_bayes | INFO | Prediction result: Sour
2025-07-23 10:13:25,587 | App.model | INFO | Calculating target value ratios
2025-07-23 10:13:25,588 | App.naive_bayes | INFO | Making prediction...
2025-07-23 10:13:25,588 | App.naive_bayes | INFO | Calculating posteriors...
2025-07-23 10:13:25,588 | App.naive_bayes | INFO | Posterior calculation completed
2025-07-23 10:13:25,588 | App.naive_bayes | INFO | Prediction result: Sweet
2025-07-23 10:13:25,588 | App.model | INFO | Calculating target value ratios
2025-07-23 10:13:25,588 | App.naive_bayes | INFO | Making prediction...
2025-07-23 10:13:25,588 | App.naive_bayes | INFO | Calculating posteriors...
2025-07-23 10:13:25,588 | App.naive_bayes | INFO | Posterior calculation completed
2025-07-23 10:13:25,589 | App.naive_bayes | INFO | Prediction result: Salty
2025-07-23 10:13:25,589 | App.model | INFO | Calculating target value ratios
2025-07-23 10:13:25,589 | App.naive_bayes | INFO | Making prediction...
2025-07-23 10:13:25,589 | App.naive_bayes | INFO | Calculating posteriors...
2025-07-23 10:13:25,589 | App.naive_bayes | INFO | Posterior calculation completed
2025-07-23 10:13:25,589 | App.naive_bayes | INFO | Prediction result: Sour
2025-07-23 10:13:25,589 | App.model | INFO | Calculating target value ratios
2025-07-23 10:13:25,590 | App.naive_bayes | INFO | Making prediction...
2025-07-23 10:13:25,590 | App.naive_bayes | INFO | Calculating posteriors...
2025-07-23 10:13:25,590 | App.naive_bayes | INFO | Posterior calculation completed
2025-07-23 10:13:25,590 | App.naive_bayes | INFO | Prediction result: Sweet
2025-07-23 10:13:25,590 | App.model | INFO | Calculating target value ratios
2025-07-23 10:13:25,591 | App.naive_bayes | INFO | Making prediction...
2025-07-23 10:13:25,591 | App.naive_bayes | INFO | Calculating posteriors...
2025-07-23 10:13:25,591 | App.naive_bayes | INFO | Posterior calculation completed
2025-07-23 10:13:25,591 | App.naive_bayes | INFO | Prediction result: Sour
2025-07-23 10:13:25,591 | App.model | INFO | Calculating target value ratios
2025-07-23 10:13:25,591 | App.naive_bayes | INFO | Making prediction...
2025-07-23 10:13:25,591 | App.naive_bayes | INFO | Calculating posteriors...
2025-07-23 10:13:25,591 | App.naive_bayes | INFO | Posterior calculation completed
2025-07-23 10:13:25,591 | App.naive_bayes | INFO | Prediction result: Sweet
2025-07-23 10:13:25,591 | App.model | INFO | Calculating target value ratios
2025-07-23 10:13:25,592 | App.naive_bayes | INFO | Making prediction...
2025-07-23 10:13:25,592 | App.naive_bayes | INFO | Calculating posteriors...
2025-07-23 10:13:25,592 | App.naive_bayes | INFO | Posterior calculation completed
2025-07-23 10:13:25,592 | App.naive_bayes | INFO | Prediction result: Sweet
2025-07-23 10:13:25,592 | App.model | INFO | Calculating target value ratios
2025-07-23 10:13:25,593 | App.naive_bayes | INFO | Making prediction...
2025-07-23 10:13:25,593 | App.naive_bayes | INFO | Calculating posteriors...
2025-07-23 10:13:25,593 | App.naive_bayes | INFO | Posterior calculation completed
2025-07-23 10:13:25,593 | App.naive_bayes | INFO | Prediction result: Sweet
2025-07-23 10:13:25,593 | App.model | INFO | Calculating target value ratios
2025-07-23 10:13:25,593 | App.naive_bayes | INFO | Making prediction...
2025-07-23 10:13:25,593 | App.naive_bayes | INFO | Calculating posteriors...
2025-07-23 10:13:25,593 | App.naive_bayes | INFO | Posterior calculation completed
2025-07-23 10:13:25,593 | App.naive_bayes | INFO | Prediction result: Sweet
2025-07-23 10:13:25,593 | App.model | INFO | Calculating target value ratios
2025-07-23 10:13:25,594 | App.naive_bayes | INFO | Making prediction...
2025-07-23 10:13:25,594 | App.naive_bayes | INFO | Calculating posteriors...
2025-07-23 10:13:25,594 | App.naive_bayes | INFO | Posterior calculation completed
2025-07-23 10:13:25,594 | App.naive_bayes | INFO | Prediction result: Sweet
2025-07-23 10:13:25,594 | App.model | INFO | Calculating target value ratios
2025-07-23 10:13:25,595 | App.naive_bayes | INFO | Making prediction...
2025-07-23 10:13:25,595 | App.naive_bayes | INFO | Calculating posteriors...
2025-07-23 10:13:25,595 | App.naive_bayes | INFO | Posterior calculation completed
2025-07-23 10:13:25,595 | App.naive_bayes | INFO | Prediction result: Sour
2025-07-23 10:13:25,595 | App.model | INFO | Calculating target value ratios
2025-07-23 10:13:25,595 | App.naive_bayes | INFO | Making prediction...
2025-07-23 10:13:25,595 | App.naive_bayes | INFO | Calculating posteriors...
2025-07-23 10:13:25,596 | App.naive_bayes | INFO | Posterior calculation completed
2025-07-23 10:13:25,596 | App.naive_bayes | INFO | Prediction result: Sweet
2025-07-23 10:13:25,596 | App.model | INFO | Calculating target value ratios
2025-07-23 10:13:25,596 | App.naive_bayes | INFO | Making prediction...
2025-07-23 10:13:25,596 | App.naive_bayes | INFO | Calculating posteriors...
2025-07-23 10:13:25,596 | App.naive_bayes | INFO | Posterior calculation completed
2025-07-23 10:13:25,596 | App.naive_bayes | INFO | Prediction result: Sour
2025-07-23 10:13:25,596 | App.model | INFO | Calculating target value ratios
2025-07-23 10:13:25,597 | App.naive_bayes | INFO | Making prediction...
2025-07-23 10:13:25,597 | App.naive_bayes | INFO | Calculating posteriors...
2025-07-23 10:13:25,597 | App.naive_bayes | INFO | Posterior calculation completed
2025-07-23 10:13:25,597 | App.naive_bayes | INFO | Prediction result: Salty
2025-07-23 10:13:25,597 | App.model | INFO | Calculating target value ratios
2025-07-23 10:13:25,598 | App.naive_bayes | INFO | Making prediction...
2025-07-23 10:13:25,598 | App.naive_bayes | INFO | Calculating posteriors...
2025-07-23 10:13:25,598 | App.naive_bayes | INFO | Posterior calculation completed
2025-07-23 10:13:25,598 | App.naive_bayes | INFO | Prediction result: Sweet
2025-07-23 10:13:25,598 | App.model | INFO | Calculating target value ratios
2025-07-23 10:13:25,598 | App.naive_bayes | INFO | Making prediction...
2025-07-23 10:13:25,598 | App.naive_bayes | INFO | Calculating posteriors...
2025-07-23 10:13:25,598 | App.naive_bayes | INFO | Posterior calculation completed
2025-07-23 10:13:25,598 | App.naive_bayes | INFO | Prediction result: Sour
2025-07-23 10:13:25,598 | App.model | INFO | Calculating target value ratios
2025-07-23 10:13:25,599 | App.naive_bayes | INFO | Making prediction...
2025-07-23 10:13:25,599 | App.naive_bayes | INFO | Calculating posteriors...
2025-07-23 10:13:25,599 | App.naive_bayes | INFO | Posterior calculation completed
2025-07-23 10:13:25,599 | App.naive_bayes | INFO | Prediction result: Sour
2025-07-23 10:13:25,599 | App.model | INFO | Calculating target value ratios
2025-07-23 10:13:25,600 | App.naive_bayes | INFO | Making prediction...
2025-07-23 10:13:25,600 | App.naive_bayes | INFO | Calculating posteriors...
2025-07-23 10:13:25,600 | App.naive_bayes | INFO | Posterior calculation completed
2025-07-23 10:13:25,600 | App.naive_bayes | INFO | Prediction result: Sweet
2025-07-23 10:13:25,600 | App.model | INFO | Calculating target value ratios
2025-07-23 10:13:25,600 | App.naive_bayes | INFO | Making prediction...
2025-07-23 10:13:25,600 | App.naive_bayes | INFO | Calculating posteriors...
2025-07-23 10:13:25,600 | App.naive_bayes | INFO | Posterior calculation completed
2025-07-23 10:13:25,600 | App.naive_bayes | INFO | Prediction result: Salty
2025-07-23 10:13:25,600 | App.model | INFO | Calculating target value ratios
2025-07-23 10:13:25,601 | App.naive_bayes | INFO | Making prediction...
2025-07-23 10:13:25,601 | App.naive_bayes | INFO | Calculating posteriors...
2025-07-23 10:13:25,601 | App.naive_bayes | INFO | Posterior calculation completed
2025-07-23 10:13:25,601 | App.naive_bayes | INFO | Prediction result: Sour
2025-07-23 10:13:25,601 | App.model | INFO | Calculating target value ratios
2025-07-23 10:13:25,602 | App.naive_bayes | INFO | Making prediction...
2025-07-23 10:13:25,602 | App.naive_bayes | INFO | Calculating posteriors...
2025-07-23 10:13:25,602 | App.naive_bayes | INFO | Posterior calculation completed
2025-07-23 10:13:25,602 | App.naive_bayes | INFO | Prediction result: Sweet
2025-07-23 10:13:25,602 | App.model | INFO | Calculating target value ratios
2025-07-23 10:13:25,602 | App.naive_bayes | INFO | Making prediction...
2025-07-23 10:13:25,602 | App.naive_bayes | INFO | Calculating posteriors...
2025-07-23 10:13:25,602 | App.naive_bayes | INFO | Posterior calculation completed
2025-07-23 10:13:25,602 | App.naive_bayes | INFO | Prediction result: Sweet
2025-07-23 10:13:25,602 | App.model | INFO | Calculating target value ratios
2025-07-23 10:13:25,603 | App.naive_bayes | INFO | Making prediction...
2025-07-23 10:13:25,603 | App.naive_bayes | INFO | Calculating posteriors...
2025-07-23 10:13:25,603 | App.naive_bayes | INFO | Posterior calculation completed
2025-07-23 10:13:25,603 | App.naive_bayes | INFO | Prediction result: Salty
2025-07-23 10:13:25,603 | App.model | INFO | Calculating target value ratios
2025-07-23 10:13:25,604 | App.naive_bayes | INFO | Making prediction...
2025-07-23 10:13:25,604 | App.naive_bayes | INFO | Calculating posteriors...
2025-07-23 10:13:25,604 | App.naive_bayes | INFO | Posterior calculation completed
2025-07-23 10:13:25,604 | App.naive_bayes | INFO | Prediction result: Salty
2025-07-23 10:13:25,604 | App.model | INFO | Calculating target value ratios
2025-07-23 10:13:25,604 | App.naive_bayes | INFO | Making prediction...
2025-07-23 10:13:25,604 | App.naive_bayes | INFO | Calculating posteriors...
2025-07-23 10:13:25,604 | App.naive_bayes | INFO | Posterior calculation completed
2025-07-23 10:13:25,604 | App.naive_bayes | INFO | Prediction result: Sour
2025-07-23 10:13:25,604 | App.model | INFO | Calculating target value ratios
2025-07-23 10:13:25,605 | App.naive_bayes | INFO | Making prediction...
2025-07-23 10:13:25,605 | App.naive_bayes | INFO | Calculating posteriors...
2025-07-23 10:13:25,605 | App.naive_bayes | INFO | Posterior calculation completed
2025-07-23 10:13:25,605 | App.naive_bayes | INFO | Prediction result: Sour
2025-07-23 10:13:25,605 | App.model | INFO | Calculating target value ratios
2025-07-23 10:13:25,606 | App.naive_bayes | INFO | Making prediction...
2025-07-23 10:13:25,606 | App.naive_bayes | INFO | Calculating posteriors...
2025-07-23 10:13:25,606 | App.naive_bayes | INFO | Posterior calculation completed
2025-07-23 10:13:25,606 | App.naive_bayes | INFO | Prediction result: Sour
2025-07-23 10:13:25,606 | App.model | INFO | Calculating target value ratios
2025-07-23 10:13:25,606 | App.naive_bayes | INFO | Making prediction...
2025-07-23 10:13:25,606 | App.naive_bayes | INFO | Calculating posteriors...
2025-07-23 10:13:25,606 | App.naive_bayes | INFO | Posterior calculation completed
2025-07-23 10:13:25,606 | App.naive_bayes | INFO | Prediction result: Sweet
2025-07-23 10:13:25,606 | App.model | INFO | Calculating target value ratios
2025-07-23 10:13:25,607 | App.naive_bayes | INFO | Making prediction...
2025-07-23 10:13:25,607 | App.naive_bayes | INFO | Calculating posteriors...
2025-07-23 10:13:25,607 | App.naive_bayes | INFO | Posterior calculation completed
2025-07-23 10:13:25,607 | App.naive_bayes | INFO | Prediction result: Salty
2025-07-23 10:13:25,607 | App.model | INFO | Calculating target value ratios
2025-07-23 10:13:25,608 | App.naive_bayes | INFO | Making prediction...
2025-07-23 10:13:25,608 | App.naive_bayes | INFO | Calculating posteriors...
2025-07-23 10:13:25,608 | App.naive_bayes | INFO | Posterior calculation completed
2025-07-23 10:13:25,608 | App.naive_bayes | INFO | Prediction result: Sweet
2025-07-23 10:13:25,608 | App.model | INFO | Calculating target value ratios
2025-07-23 10:13:25,608 | App.naive_bayes | INFO | Making prediction...
2025-07-23 10:13:25,608 | App.naive_bayes | INFO | Calculating posteriors...
2025-07-23 10:13:25,608 | App.naive_bayes | INFO | Posterior calculation completed
2025-07-23 10:13:25,608 | App.naive_bayes | INFO | Prediction result: Sweet
2025-07-23 10:13:25,608 | App.model | INFO | Calculating target value ratios
2025-07-23 10:13:25,609 | App.naive_bayes | INFO | Making prediction...
2025-07-23 10:13:25,609 | App.naive_bayes | INFO | Calculating posteriors...
2025-07-23 10:13:25,609 | App.naive_bayes | INFO | Posterior calculation completed
2025-07-23 10:13:25,609 | App.naive_bayes | INFO | Prediction result: Salty
2025-07-23 10:13:25,609 | App.model | INFO | Calculating target value ratios
2025-07-23 10:13:25,610 | App.naive_bayes | INFO | Making prediction...
2025-07-23 10:13:25,610 | App.naive_bayes | INFO | Calculating posteriors...
2025-07-23 10:13:25,610 | App.naive_bayes | INFO | Posterior calculation completed
2025-07-23 10:13:25,610 | App.naive_bayes | INFO | Prediction result: Salty
2025-07-23 10:13:25,610 | App.model | INFO | Calculating target value ratios
2025-07-23 10:13:25,610 | App.naive_bayes | INFO | Making prediction...
2025-07-23 10:13:25,610 | App.naive_bayes | INFO | Calculating posteriors...
2025-07-23 10:13:25,610 | App.naive_bayes | INFO | Posterior calculation completed
2025-07-23 10:13:25,610 | App.naive_bayes | INFO | Prediction result: Sour
2025-07-23 10:13:25,611 | App.model | INFO | Calculating target value ratios
2025-07-23 10:13:25,611 | App.naive_bayes | INFO | Making prediction...
2025-07-23 10:13:25,611 | App.naive_bayes | INFO | Calculating posteriors...
2025-07-23 10:13:25,611 | App.naive_bayes | INFO | Posterior calculation completed
2025-07-23 10:13:25,611 | App.naive_bayes | INFO | Prediction result: Sour
2025-07-23 10:13:25,611 | App.model | INFO | Calculating target value ratios
2025-07-23 10:13:25,612 | App.naive_bayes | INFO | Making prediction...
2025-07-23 10:13:25,612 | App.naive_bayes | INFO | Calculating posteriors...
2025-07-23 10:13:25,612 | App.naive_bayes | INFO | Posterior calculation completed
2025-07-23 10:13:25,612 | App.naive_bayes | INFO | Prediction result: Sweet
2025-07-23 10:13:25,612 | App.model | INFO | Calculating target value ratios
2025-07-23 10:13:25,612 | App.naive_bayes | INFO | Making prediction...
2025-07-23 10:13:25,612 | App.naive_bayes | INFO | Calculating posteriors...
2025-07-23 10:13:25,612 | App.naive_bayes | INFO | Posterior calculation completed
2025-07-23 10:13:25,612 | App.naive_bayes | INFO | Prediction result: Sour
2025-07-23 10:13:25,613 | App.model | INFO | Calculating target value ratios
2025-07-23 10:13:25,613 | App.naive_bayes | INFO | Making prediction...
2025-07-23 10:13:25,613 | App.naive_bayes | INFO | Calculating posteriors...
2025-07-23 10:13:25,613 | App.naive_bayes | INFO | Posterior calculation completed
2025-07-23 10:13:25,613 | App.naive_bayes | INFO | Prediction result: Salty
2025-07-23 10:13:25,613 | App.model | INFO | Calculating target value ratios
2025-07-23 10:13:25,614 | App.naive_bayes | INFO | Making prediction...
2025-07-23 10:13:25,614 | App.naive_bayes | INFO | Calculating posteriors...
2025-07-23 10:13:25,614 | App.naive_bayes | INFO | Posterior calculation completed
2025-07-23 10:13:25,614 | App.naive_bayes | INFO | Prediction result: Sour
2025-07-23 10:13:25,614 | App.model | INFO | Calculating target value ratios
2025-07-23 10:13:25,614 | App.naive_bayes | INFO | Making prediction...
2025-07-23 10:13:25,614 | App.naive_bayes | INFO | Calculating posteriors...
2025-07-23 10:13:25,614 | App.naive_bayes | INFO | Posterior calculation completed
2025-07-23 10:13:25,615 | App.naive_bayes | INFO | Prediction result: Sweet
2025-07-23 10:13:25,615 | App.model | INFO | Calculating target value ratios
2025-07-23 10:13:25,615 | App.naive_bayes | INFO | Making prediction...
2025-07-23 10:13:25,615 | App.naive_bayes | INFO | Calculating posteriors...
2025-07-23 10:13:25,615 | App.naive_bayes | INFO | Posterior calculation completed
2025-07-23 10:13:25,615 | App.naive_bayes | INFO | Prediction result: Sour
2025-07-23 10:13:25,615 | App.model | INFO | Calculating target value ratios
2025-07-23 10:13:25,616 | App.naive_bayes | INFO | Making prediction...
2025-07-23 10:13:25,616 | App.naive_bayes | INFO | Calculating posteriors...
2025-07-23 10:13:25,616 | App.naive_bayes | INFO | Posterior calculation completed
2025-07-23 10:13:25,616 | App.naive_bayes | INFO | Prediction result: Salty
2025-07-23 10:13:25,616 | App.model | INFO | Calculating target value ratios
2025-07-23 10:13:25,616 | App.naive_bayes | INFO | Making prediction...
2025-07-23 10:13:25,616 | App.naive_bayes | INFO | Calculating posteriors...
2025-07-23 10:13:25,616 | App.naive_bayes | INFO | Posterior calculation completed
2025-07-23 10:13:25,617 | App.naive_bayes | INFO | Prediction result: Sweet
2025-07-23 10:13:25,617 | App.model | INFO | Calculating target value ratios
2025-07-23 10:13:25,617 | App.naive_bayes | INFO | Making prediction...
2025-07-23 10:13:25,617 | App.naive_bayes | INFO | Calculating posteriors...
2025-07-23 10:13:25,617 | App.naive_bayes | INFO | Posterior calculation completed
2025-07-23 10:13:25,617 | App.naive_bayes | INFO | Prediction result: Sour
2025-07-23 10:13:25,617 | App.model | INFO | Calculating target value ratios
2025-07-23 10:13:25,618 | App.naive_bayes | INFO | Making prediction...
2025-07-23 10:13:25,618 | App.naive_bayes | INFO | Calculating posteriors...
2025-07-23 10:13:25,618 | App.naive_bayes | INFO | Posterior calculation completed
2025-07-23 10:13:25,618 | App.naive_bayes | INFO | Prediction result: Sweet
2025-07-23 10:13:25,618 | App.model | INFO | Calculating target value ratios
2025-07-23 10:13:25,618 | App.naive_bayes | INFO | Making prediction...
2025-07-23 10:13:25,618 | App.naive_bayes | INFO | Calculating posteriors...
2025-07-23 10:13:25,619 | App.naive_bayes | INFO | Posterior calculation completed
2025-07-23 10:13:25,619 | App.naive_bayes | INFO | Prediction result: Sweet
2025-07-23 10:13:25,619 | App.model | INFO | Calculating target value ratios
2025-07-23 10:13:25,619 | App.naive_bayes | INFO | Making prediction...
2025-07-23 10:13:25,619 | App.naive_bayes | INFO | Calculating posteriors...
2025-07-23 10:13:25,619 | App.naive_bayes | INFO | Posterior calculation completed
2025-07-23 10:13:25,619 | App.naive_bayes | INFO | Prediction result: Sweet
2025-07-23 10:13:25,619 | App.model | INFO | Calculating target value ratios
2025-07-23 10:13:25,620 | App.naive_bayes | INFO | Making prediction...
2025-07-23 10:13:25,620 | App.naive_bayes | INFO | Calculating posteriors...
2025-07-23 10:13:25,620 | App.naive_bayes | INFO | Posterior calculation completed
2025-07-23 10:13:25,620 | App.naive_bayes | INFO | Prediction result: Sour
2025-07-23 10:13:25,620 | App.model | INFO | Calculating target value ratios
2025-07-23 10:13:25,620 | App.naive_bayes | INFO | Making prediction...
2025-07-23 10:13:25,620 | App.naive_bayes | INFO | Calculating posteriors...
2025-07-23 10:13:25,621 | App.naive_bayes | INFO | Posterior calculation completed
2025-07-23 10:13:25,621 | App.naive_bayes | INFO | Prediction result: Sour
2025-07-23 10:13:25,621 | App.model | INFO | Calculating target value ratios
2025-07-23 10:13:25,621 | App.naive_bayes | INFO | Making prediction...
2025-07-23 10:13:25,621 | App.naive_bayes | INFO | Calculating posteriors...
2025-07-23 10:13:25,621 | App.naive_bayes | INFO | Posterior calculation completed
2025-07-23 10:13:25,621 | App.naive_bayes | INFO | Prediction result: Sweet
2025-07-23 10:13:25,621 | App.model | INFO | Calculating target value ratios
2025-07-23 10:13:25,622 | App.naive_bayes | INFO | Making prediction...
2025-07-23 10:13:25,622 | App.naive_bayes | INFO | Calculating posteriors...
2025-07-23 10:13:25,622 | App.naive_bayes | INFO | Posterior calculation completed
2025-07-23 10:13:25,622 | App.naive_bayes | INFO | Prediction result: Sour
2025-07-23 10:13:25,622 | App.model | INFO | Calculating target value ratios
2025-07-23 10:13:25,622 | App.naive_bayes | INFO | Making prediction...
2025-07-23 10:13:25,622 | App.naive_bayes | INFO | Calculating posteriors...
2025-07-23 10:13:25,623 | App.naive_bayes | INFO | Posterior calculation completed
2025-07-23 10:13:25,623 | App.naive_bayes | INFO | Prediction result: Salty
2025-07-23 10:13:25,623 | App.model | INFO | Calculating target value ratios
2025-07-23 10:13:25,623 | App.naive_bayes | INFO | Making prediction...
2025-07-23 10:13:25,623 | App.naive_bayes | INFO | Calculating posteriors...
2025-07-23 10:13:25,623 | App.naive_bayes | INFO | Posterior calculation completed
2025-07-23 10:13:25,623 | App.naive_bayes | INFO | Prediction result: Sour
2025-07-23 10:13:25,623 | App.model | INFO | Calculating target value ratios
2025-07-23 10:13:25,624 | App.naive_bayes | INFO | Making prediction...
2025-07-23 10:13:25,624 | App.naive_bayes | INFO | Calculating posteriors...
2025-07-23 10:13:25,624 | App.naive_bayes | INFO | Posterior calculation completed
2025-07-23 10:13:25,624 | App.naive_bayes | INFO | Prediction result: Salty
2025-07-23 10:13:25,624 | App.model | INFO | Calculating target value ratios
2025-07-23 10:13:25,624 | App.naive_bayes | INFO | Making prediction...
2025-07-23 10:13:25,625 | App.naive_bayes | INFO | Calculating posteriors...
2025-07-23 10:13:25,625 | App.naive_bayes | INFO | Posterior calculation completed
2025-07-23 10:13:25,625 | App.naive_bayes | INFO | Prediction result: Sour
2025-07-23 10:13:25,625 | App.model | INFO | Calculating target value ratios
2025-07-23 10:13:25,626 | App.naive_bayes | INFO | Making prediction...
2025-07-23 10:13:25,626 | App.naive_bayes | INFO | Calculating posteriors...
2025-07-23 10:13:25,626 | App.naive_bayes | INFO | Posterior calculation completed
2025-07-23 10:13:25,626 | App.naive_bayes | INFO | Prediction result: Sweet
2025-07-23 10:13:25,626 | App.model | INFO | Calculating target value ratios
2025-07-23 10:13:25,627 | App.naive_bayes | INFO | Making prediction...
2025-07-23 10:13:25,627 | App.naive_bayes | INFO | Calculating posteriors...
2025-07-23 10:13:25,627 | App.naive_bayes | INFO | Posterior calculation completed
2025-07-23 10:13:25,627 | App.naive_bayes | INFO | Prediction result: Sweet
2025-07-23 10:13:25,627 | App.model | INFO | Calculating target value ratios
2025-07-23 10:13:25,628 | App.naive_bayes | INFO | Making prediction...
2025-07-23 10:13:25,628 | App.naive_bayes | INFO | Calculating posteriors...
2025-07-23 10:13:25,628 | App.naive_bayes | INFO | Posterior calculation completed
2025-07-23 10:13:25,628 | App.naive_bayes | INFO | Prediction result: Sour
2025-07-23 10:13:25,628 | App.model | INFO | Calculating target value ratios
2025-07-23 10:13:25,629 | App.naive_bayes | INFO | Making prediction...
2025-07-23 10:13:25,629 | App.naive_bayes | INFO | Calculating posteriors...
2025-07-23 10:13:25,629 | App.naive_bayes | INFO | Posterior calculation completed
2025-07-23 10:13:25,629 | App.naive_bayes | INFO | Prediction result: Salty
2025-07-23 10:13:25,629 | App.model | INFO | Calculating target value ratios
2025-07-23 10:13:25,630 | App.naive_bayes | INFO | Making prediction...
2025-07-23 10:13:25,630 | App.naive_bayes | INFO | Calculating posteriors...
2025-07-23 10:13:25,630 | App.naive_bayes | INFO | Posterior calculation completed
2025-07-23 10:13:25,630 | App.naive_bayes | INFO | Prediction result: Sweet
2025-07-23 10:13:25,630 | App.model | INFO | Calculating target value ratios
2025-07-23 10:13:25,631 | App.naive_bayes | INFO | Making prediction...
2025-07-23 10:13:25,631 | App.naive_bayes | INFO | Calculating posteriors...
2025-07-23 10:13:25,631 | App.naive_bayes | INFO | Posterior calculation completed
2025-07-23 10:13:25,631 | App.naive_bayes | INFO | Prediction result: Sweet
2025-07-23 10:13:25,631 | App.model | INFO | Calculating target value ratios
2025-07-23 10:13:25,632 | App.naive_bayes | INFO | Making prediction...
2025-07-23 10:13:25,632 | App.naive_bayes | INFO | Calculating posteriors...
2025-07-23 10:13:25,632 | App.naive_bayes | INFO | Posterior calculation completed
2025-07-23 10:13:25,632 | App.naive_bayes | INFO | Prediction result: Sour
2025-07-23 10:13:25,632 | App.model | INFO | Calculating target value ratios
2025-07-23 10:13:25,633 | App.naive_bayes | INFO | Making prediction...
2025-07-23 10:13:25,633 | App.naive_bayes | INFO | Calculating posteriors...
2025-07-23 10:13:25,633 | App.naive_bayes | INFO | Posterior calculation completed
2025-07-23 10:13:25,633 | App.naive_bayes | INFO | Prediction result: Sour
2025-07-23 10:13:25,633 | App.model | INFO | Calculating target value ratios
2025-07-23 10:13:25,634 | App.naive_bayes | INFO | Making prediction...
2025-07-23 10:13:25,634 | App.naive_bayes | INFO | Calculating posteriors...
2025-07-23 10:13:25,634 | App.naive_bayes | INFO | Posterior calculation completed
2025-07-23 10:13:25,634 | App.naive_bayes | INFO | Prediction result: Sour
2025-07-23 10:13:25,635 | App.model | INFO | Calculating target value ratios
2025-07-23 10:13:25,635 | App.naive_bayes | INFO | Making prediction...
2025-07-23 10:13:25,635 | App.naive_bayes | INFO | Calculating posteriors...
2025-07-23 10:13:25,635 | App.naive_bayes | INFO | Posterior calculation completed
2025-07-23 10:13:25,635 | App.naive_bayes | INFO | Prediction result: Salty
2025-07-23 10:13:25,636 | App.model | INFO | Calculating target value ratios
2025-07-23 10:13:25,636 | App.naive_bayes | INFO | Making prediction...
2025-07-23 10:13:25,636 | App.naive_bayes | INFO | Calculating posteriors...
2025-07-23 10:13:25,636 | App.naive_bayes | INFO | Posterior calculation completed
2025-07-23 10:13:25,636 | App.naive_bayes | INFO | Prediction result: Sweet
2025-07-23 10:13:25,637 | App.model | INFO | Calculating target value ratios
2025-07-23 10:13:25,637 | App.naive_bayes | INFO | Making prediction...
2025-07-23 10:13:25,637 | App.naive_bayes | INFO | Calculating posteriors...
2025-07-23 10:13:25,638 | App.naive_bayes | INFO | Posterior calculation completed
2025-07-23 10:13:25,638 | App.naive_bayes | INFO | Prediction result: Sweet
2025-07-23 10:13:25,638 | App.model | INFO | Calculating target value ratios
2025-07-23 10:13:25,638 | App.naive_bayes | INFO | Making prediction...
2025-07-23 10:13:25,639 | App.naive_bayes | INFO | Calculating posteriors...
2025-07-23 10:13:25,639 | App.naive_bayes | INFO | Posterior calculation completed
2025-07-23 10:13:25,639 | App.naive_bayes | INFO | Prediction result: Sweet
2025-07-23 10:13:25,639 | App.model | INFO | Calculating target value ratios
2025-07-23 10:13:25,639 | App.naive_bayes | INFO | Making prediction...
2025-07-23 10:13:25,640 | App.naive_bayes | INFO | Calculating posteriors...
2025-07-23 10:13:25,640 | App.naive_bayes | INFO | Posterior calculation completed
2025-07-23 10:13:25,640 | App.naive_bayes | INFO | Prediction result: Sweet
2025-07-23 10:13:25,640 | App.model | INFO | Calculating target value ratios
2025-07-23 10:13:25,640 | App.naive_bayes | INFO | Making prediction...
2025-07-23 10:13:25,640 | App.naive_bayes | INFO | Calculating posteriors...
2025-07-23 10:13:25,641 | App.naive_bayes | INFO | Posterior calculation completed
2025-07-23 10:13:25,641 | App.naive_bayes | INFO | Prediction result: Sweet
2025-07-23 10:13:25,641 | App.model | INFO | Calculating target value ratios
2025-07-23 10:13:25,641 | App.naive_bayes | INFO | Making prediction...
2025-07-23 10:13:25,641 | App.naive_bayes | INFO | Calculating posteriors...
2025-07-23 10:13:25,641 | App.naive_bayes | INFO | Posterior calculation completed
2025-07-23 10:13:25,641 | App.naive_bayes | INFO | Prediction result: Sour
2025-07-23 10:13:25,641 | App.model | INFO | Calculating target value ratios
2025-07-23 10:13:25,642 | App.naive_bayes | INFO | Making prediction...
2025-07-23 10:13:25,642 | App.naive_bayes | INFO | Calculating posteriors...
2025-07-23 10:13:25,642 | App.naive_bayes | INFO | Posterior calculation completed
2025-07-23 10:13:25,642 | App.naive_bayes | INFO | Prediction result: Sour
2025-07-23 10:13:25,642 | App.model | INFO | Calculating target value ratios
2025-07-23 10:13:25,642 | App.naive_bayes | INFO | Making prediction...
2025-07-23 10:13:25,642 | App.naive_bayes | INFO | Calculating posteriors...
2025-07-23 10:13:25,643 | App.naive_bayes | INFO | Posterior calculation completed
2025-07-23 10:13:25,643 | App.naive_bayes | INFO | Prediction result: Sour
2025-07-23 10:13:25,643 | App.model | INFO | Calculating target value ratios
2025-07-23 10:13:25,643 | App.naive_bayes | INFO | Making prediction...
2025-07-23 10:13:25,643 | App.naive_bayes | INFO | Calculating posteriors...
2025-07-23 10:13:25,643 | App.naive_bayes | INFO | Posterior calculation completed
2025-07-23 10:13:25,643 | App.naive_bayes | INFO | Prediction result: Sour
2025-07-23 10:13:25,643 | App.model | INFO | Calculating target value ratios
2025-07-23 10:13:25,644 | App.naive_bayes | INFO | Making prediction...
2025-07-23 10:13:25,644 | App.naive_bayes | INFO | Calculating posteriors...
2025-07-23 10:13:25,644 | App.naive_bayes | INFO | Posterior calculation completed
2025-07-23 10:13:25,644 | App.naive_bayes | INFO | Prediction result: Sour
2025-07-23 10:13:25,644 | App.model | INFO | Calculating target value ratios
2025-07-23 10:13:25,644 | App.naive_bayes | INFO | Making prediction...
2025-07-23 10:13:25,644 | App.naive_bayes | INFO | Calculating posteriors...
2025-07-23 10:13:25,645 | App.naive_bayes | INFO | Posterior calculation completed
2025-07-23 10:13:25,645 | App.naive_bayes | INFO | Prediction result: Sweet
2025-07-23 10:13:25,645 | App.model | INFO | Calculating target value ratios
2025-07-23 10:13:25,645 | App.naive_bayes | INFO | Making prediction...
2025-07-23 10:13:25,645 | App.naive_bayes | INFO | Calculating posteriors...
2025-07-23 10:13:25,645 | App.naive_bayes | INFO | Posterior calculation completed
2025-07-23 10:13:25,645 | App.naive_bayes | INFO | Prediction result: Sweet
2025-07-23 10:13:25,645 | App.model | INFO | Calculating target value ratios
2025-07-23 10:13:25,646 | App.naive_bayes | INFO | Making prediction...
2025-07-23 10:13:25,646 | App.naive_bayes | INFO | Calculating posteriors...
2025-07-23 10:13:25,646 | App.naive_bayes | INFO | Posterior calculation completed
2025-07-23 10:13:25,646 | App.naive_bayes | INFO | Prediction result: Sweet
2025-07-23 10:13:25,646 | App.model | INFO | Calculating target value ratios
2025-07-23 10:13:25,646 | App.naive_bayes | INFO | Making prediction...
2025-07-23 10:13:25,646 | App.naive_bayes | INFO | Calculating posteriors...
2025-07-23 10:13:25,647 | App.naive_bayes | INFO | Posterior calculation completed
2025-07-23 10:13:25,647 | App.naive_bayes | INFO | Prediction result: Sweet
2025-07-23 10:13:25,647 | App.model | INFO | Calculating target value ratios
2025-07-23 10:13:25,647 | App.naive_bayes | INFO | Making prediction...
2025-07-23 10:13:25,647 | App.naive_bayes | INFO | Calculating posteriors...
2025-07-23 10:13:25,647 | App.naive_bayes | INFO | Posterior calculation completed
2025-07-23 10:13:25,647 | App.naive_bayes | INFO | Prediction result: Sweet
2025-07-23 10:13:25,647 | App.model | INFO | Calculating target value ratios
2025-07-23 10:13:25,648 | App.naive_bayes | INFO | Making prediction...
2025-07-23 10:13:25,648 | App.naive_bayes | INFO | Calculating posteriors...
2025-07-23 10:13:25,648 | App.naive_bayes | INFO | Posterior calculation completed
2025-07-23 10:13:25,648 | App.naive_bayes | INFO | Prediction result: Sweet
2025-07-23 10:13:25,648 | App.model | INFO | Calculating target value ratios
2025-07-23 10:13:25,648 | App.naive_bayes | INFO | Making prediction...
2025-07-23 10:13:25,648 | App.naive_bayes | INFO | Calculating posteriors...
2025-07-23 10:13:25,648 | App.naive_bayes | INFO | Posterior calculation completed
2025-07-23 10:13:25,649 | App.naive_bayes | INFO | Prediction result: Sour
2025-07-23 10:13:25,649 | App.model | INFO | Calculating target value ratios
2025-07-23 10:13:25,649 | App.naive_bayes | INFO | Making prediction...
2025-07-23 10:13:25,649 | App.naive_bayes | INFO | Calculating posteriors...
2025-07-23 10:13:25,649 | App.naive_bayes | INFO | Posterior calculation completed
2025-07-23 10:13:25,649 | App.naive_bayes | INFO | Prediction result: Sour
2025-07-23 10:13:25,649 | App.model | INFO | Calculating target value ratios
2025-07-23 10:13:25,650 | App.naive_bayes | INFO | Making prediction...
2025-07-23 10:13:25,650 | App.naive_bayes | INFO | Calculating posteriors...
2025-07-23 10:13:25,650 | App.naive_bayes | INFO | Posterior calculation completed
2025-07-23 10:13:25,650 | App.naive_bayes | INFO | Prediction result: Sweet
2025-07-23 10:13:25,650 | App.model | INFO | Calculating target value ratios
2025-07-23 10:13:25,650 | App.naive_bayes | INFO | Making prediction...
2025-07-23 10:13:25,650 | App.naive_bayes | INFO | Calculating posteriors...
2025-07-23 10:13:25,650 | App.naive_bayes | INFO | Posterior calculation completed
2025-07-23 10:13:25,651 | App.naive_bayes | INFO | Prediction result: Sweet
2025-07-23 10:13:25,651 | App.model | INFO | Calculating target value ratios
2025-07-23 10:13:25,651 | App.naive_bayes | INFO | Making prediction...
2025-07-23 10:13:25,651 | App.naive_bayes | INFO | Calculating posteriors...
2025-07-23 10:13:25,651 | App.naive_bayes | INFO | Posterior calculation completed
2025-07-23 10:13:25,651 | App.naive_bayes | INFO | Prediction result: Sweet
2025-07-23 10:13:25,651 | App.model | INFO | Calculating target value ratios
2025-07-23 10:13:25,652 | App.naive_bayes | INFO | Making prediction...
2025-07-23 10:13:25,652 | App.naive_bayes | INFO | Calculating posteriors...
2025-07-23 10:13:25,652 | App.naive_bayes | INFO | Posterior calculation completed
2025-07-23 10:13:25,652 | App.naive_bayes | INFO | Prediction result: Sour
2025-07-23 10:13:25,652 | App.model | INFO | Calculating target value ratios
2025-07-23 10:13:25,653 | App.naive_bayes | INFO | Making prediction...
2025-07-23 10:13:25,653 | App.naive_bayes | INFO | Calculating posteriors...
2025-07-23 10:13:25,653 | App.naive_bayes | INFO | Posterior calculation completed
2025-07-23 10:13:25,653 | App.naive_bayes | INFO | Prediction result: Sour
2025-07-23 10:13:25,653 | App.model | INFO | Calculating target value ratios
2025-07-23 10:13:25,653 | App.naive_bayes | INFO | Making prediction...
2025-07-23 10:13:25,653 | App.naive_bayes | INFO | Calculating posteriors...
2025-07-23 10:13:25,654 | App.naive_bayes | INFO | Posterior calculation completed
2025-07-23 10:13:25,654 | App.naive_bayes | INFO | Prediction result: Sour
2025-07-23 10:13:25,654 | App.model | INFO | Calculating target value ratios
2025-07-23 10:13:25,654 | App.naive_bayes | INFO | Making prediction...
2025-07-23 10:13:25,654 | App.naive_bayes | INFO | Calculating posteriors...
2025-07-23 10:13:25,654 | App.naive_bayes | INFO | Posterior calculation completed
2025-07-23 10:13:25,654 | App.naive_bayes | INFO | Prediction result: Sweet
2025-07-23 10:13:25,654 | App.model | INFO | Calculating target value ratios
2025-07-23 10:13:25,655 | App.naive_bayes | INFO | Making prediction...
2025-07-23 10:13:25,655 | App.naive_bayes | INFO | Calculating posteriors...
2025-07-23 10:13:25,655 | App.naive_bayes | INFO | Posterior calculation completed
2025-07-23 10:13:25,655 | App.naive_bayes | INFO | Prediction result: Sour
2025-07-23 10:13:25,655 | App.model | INFO | Calculating target value ratios
2025-07-23 10:13:25,656 | App.naive_bayes | INFO | Making prediction...
2025-07-23 10:13:25,656 | App.naive_bayes | INFO | Calculating posteriors...
2025-07-23 10:13:25,656 | App.naive_bayes | INFO | Posterior calculation completed
2025-07-23 10:13:25,656 | App.naive_bayes | INFO | Prediction result: Sour
2025-07-23 10:13:25,656 | App.model | INFO | Calculating target value ratios
2025-07-23 10:13:25,656 | App.naive_bayes | INFO | Making prediction...
2025-07-23 10:13:25,656 | App.naive_bayes | INFO | Calculating posteriors...
2025-07-23 10:13:25,656 | App.naive_bayes | INFO | Posterior calculation completed
2025-07-23 10:13:25,656 | App.naive_bayes | INFO | Prediction result: Sour
2025-07-23 10:13:25,656 | App.model | INFO | Calculating target value ratios
2025-07-23 10:13:25,657 | App.naive_bayes | INFO | Making prediction...
2025-07-23 10:13:25,657 | App.naive_bayes | INFO | Calculating posteriors...
2025-07-23 10:13:25,657 | App.naive_bayes | INFO | Posterior calculation completed
2025-07-23 10:13:25,657 | App.naive_bayes | INFO | Prediction result: Sweet
2025-07-23 10:13:25,657 | App.model | INFO | Calculating target value ratios
2025-07-23 10:13:25,658 | App.naive_bayes | INFO | Making prediction...
2025-07-23 10:13:25,658 | App.naive_bayes | INFO | Calculating posteriors...
2025-07-23 10:13:25,658 | App.naive_bayes | INFO | Posterior calculation completed
2025-07-23 10:13:25,658 | App.naive_bayes | INFO | Prediction result: Sweet
2025-07-23 10:13:25,658 | App.model | INFO | Calculating target value ratios
2025-07-23 10:13:25,658 | App.naive_bayes | INFO | Making prediction...
2025-07-23 10:13:25,658 | App.naive_bayes | INFO | Calculating posteriors...
2025-07-23 10:13:25,658 | App.naive_bayes | INFO | Posterior calculation completed
2025-07-23 10:13:25,658 | App.naive_bayes | INFO | Prediction result: Sour
2025-07-23 10:13:25,658 | App.model | INFO | Calculating target value ratios
2025-07-23 10:13:25,659 | App.naive_bayes | INFO | Making prediction...
2025-07-23 10:13:25,659 | App.naive_bayes | INFO | Calculating posteriors...
2025-07-23 10:13:25,659 | App.naive_bayes | INFO | Posterior calculation completed
2025-07-23 10:13:25,659 | App.naive_bayes | INFO | Prediction result: Sweet
2025-07-23 10:13:25,659 | App.model | INFO | Calculating target value ratios
2025-07-23 10:13:25,660 | App.naive_bayes | INFO | Making prediction...
2025-07-23 10:13:25,660 | App.naive_bayes | INFO | Calculating posteriors...
2025-07-23 10:13:25,660 | App.naive_bayes | INFO | Posterior calculation completed
2025-07-23 10:13:25,660 | App.naive_bayes | INFO | Prediction result: Sour
2025-07-23 10:13:25,660 | App.model | INFO | Calculating target value ratios
2025-07-23 10:13:25,660 | App.naive_bayes | INFO | Making prediction...
2025-07-23 10:13:25,660 | App.naive_bayes | INFO | Calculating posteriors...
2025-07-23 10:13:25,660 | App.naive_bayes | INFO | Posterior calculation completed
2025-07-23 10:13:25,660 | App.naive_bayes | INFO | Prediction result: Sweet
2025-07-23 10:13:25,660 | App.model | INFO | Calculating target value ratios
2025-07-23 10:13:25,661 | App.naive_bayes | INFO | Making prediction...
2025-07-23 10:13:25,661 | App.naive_bayes | INFO | Calculating posteriors...
2025-07-23 10:13:25,661 | App.naive_bayes | INFO | Posterior calculation completed
2025-07-23 10:13:25,661 | App.naive_bayes | INFO | Prediction result: Sweet
2025-07-23 10:13:25,661 | App.model | INFO | Calculating target value ratios
2025-07-23 10:13:25,662 | App.naive_bayes | INFO | Making prediction...
2025-07-23 10:13:25,662 | App.naive_bayes | INFO | Calculating posteriors...
2025-07-23 10:13:25,662 | App.naive_bayes | INFO | Posterior calculation completed
2025-07-23 10:13:25,662 | App.naive_bayes | INFO | Prediction result: Sweet
2025-07-23 10:13:25,662 | App.model | INFO | Calculating target value ratios
2025-07-23 10:13:25,662 | App.naive_bayes | INFO | Making prediction...
2025-07-23 10:13:25,662 | App.naive_bayes | INFO | Calculating posteriors...
2025-07-23 10:13:25,662 | App.naive_bayes | INFO | Posterior calculation completed
2025-07-23 10:13:25,662 | App.naive_bayes | INFO | Prediction result: Salty
2025-07-23 10:13:25,662 | App.model | INFO | Calculating target value ratios
2025-07-23 10:13:25,663 | App.naive_bayes | INFO | Making prediction...
2025-07-23 10:13:25,663 | App.naive_bayes | INFO | Calculating posteriors...
2025-07-23 10:13:25,663 | App.naive_bayes | INFO | Posterior calculation completed
2025-07-23 10:13:25,663 | App.naive_bayes | INFO | Prediction result: Sweet
2025-07-23 10:13:25,663 | App.model | INFO | Calculating target value ratios
2025-07-23 10:13:25,664 | App.naive_bayes | INFO | Making prediction...
2025-07-23 10:13:25,664 | App.naive_bayes | INFO | Calculating posteriors...
2025-07-23 10:13:25,664 | App.naive_bayes | INFO | Posterior calculation completed
2025-07-23 10:13:25,664 | App.naive_bayes | INFO | Prediction result: Sweet
2025-07-23 10:13:25,664 | App.model | INFO | Calculating target value ratios
2025-07-23 10:13:25,664 | App.naive_bayes | INFO | Making prediction...
2025-07-23 10:13:25,664 | App.naive_bayes | INFO | Calculating posteriors...
2025-07-23 10:13:25,664 | App.naive_bayes | INFO | Posterior calculation completed
2025-07-23 10:13:25,664 | App.naive_bayes | INFO | Prediction result: Sweet
2025-07-23 10:13:25,664 | App.model | INFO | Calculating target value ratios
2025-07-23 10:13:25,665 | App.naive_bayes | INFO | Making prediction...
2025-07-23 10:13:25,665 | App.naive_bayes | INFO | Calculating posteriors...
2025-07-23 10:13:25,665 | App.naive_bayes | INFO | Posterior calculation completed
2025-07-23 10:13:25,665 | App.naive_bayes | INFO | Prediction result: Sour
2025-07-23 10:13:25,665 | App.model | INFO | Calculating target value ratios
2025-07-23 10:13:25,666 | App.naive_bayes | INFO | Making prediction...
2025-07-23 10:13:25,666 | App.naive_bayes | INFO | Calculating posteriors...
2025-07-23 10:13:25,666 | App.naive_bayes | INFO | Posterior calculation completed
2025-07-23 10:13:25,666 | App.naive_bayes | INFO | Prediction result: Sour
2025-07-23 10:13:25,666 | App.model | INFO | Calculating target value ratios
2025-07-23 10:13:25,666 | App.naive_bayes | INFO | Making prediction...
2025-07-23 10:13:25,666 | App.naive_bayes | INFO | Calculating posteriors...
2025-07-23 10:13:25,666 | App.naive_bayes | INFO | Posterior calculation completed
2025-07-23 10:13:25,666 | App.naive_bayes | INFO | Prediction result: Sweet
2025-07-23 10:13:25,666 | App.model | INFO | Calculating target value ratios
2025-07-23 10:13:25,667 | App.naive_bayes | INFO | Making prediction...
2025-07-23 10:13:25,667 | App.naive_bayes | INFO | Calculating posteriors...
2025-07-23 10:13:25,667 | App.naive_bayes | INFO | Posterior calculation completed
2025-07-23 10:13:25,667 | App.naive_bayes | INFO | Prediction result: Sour
2025-07-23 10:13:25,667 | App.model | INFO | Calculating target value ratios
2025-07-23 10:13:25,667 | App.naive_bayes | INFO | Making prediction...
2025-07-23 10:13:25,668 | App.naive_bayes | INFO | Calculating posteriors...
2025-07-23 10:13:25,668 | App.naive_bayes | INFO | Posterior calculation completed
2025-07-23 10:13:25,668 | App.naive_bayes | INFO | Prediction result: Salty
2025-07-23 10:13:25,668 | App.model | INFO | Calculating target value ratios
2025-07-23 10:13:25,668 | App.naive_bayes | INFO | Making prediction...
2025-07-23 10:13:25,668 | App.naive_bayes | INFO | Calculating posteriors...
2025-07-23 10:13:25,668 | App.naive_bayes | INFO | Posterior calculation completed
2025-07-23 10:13:25,668 | App.naive_bayes | INFO | Prediction result: Salty
2025-07-23 10:13:25,668 | App.model | INFO | Calculating target value ratios
2025-07-23 10:13:25,669 | App.naive_bayes | INFO | Making prediction...
2025-07-23 10:13:25,669 | App.naive_bayes | INFO | Calculating posteriors...
2025-07-23 10:13:25,669 | App.naive_bayes | INFO | Posterior calculation completed
2025-07-23 10:13:25,669 | App.naive_bayes | INFO | Prediction result: Sour
2025-07-23 10:13:25,669 | App.model | INFO | Calculating target value ratios
2025-07-23 10:13:25,669 | App.naive_bayes | INFO | Making prediction...
2025-07-23 10:13:25,670 | App.naive_bayes | INFO | Calculating posteriors...
2025-07-23 10:13:25,670 | App.naive_bayes | INFO | Posterior calculation completed
2025-07-23 10:13:25,670 | App.naive_bayes | INFO | Prediction result: Sour
2025-07-23 10:13:25,670 | App.model | INFO | Calculating target value ratios
2025-07-23 10:13:25,670 | App.naive_bayes | INFO | Making prediction...
2025-07-23 10:13:25,670 | App.naive_bayes | INFO | Calculating posteriors...
2025-07-23 10:13:25,670 | App.naive_bayes | INFO | Posterior calculation completed
2025-07-23 10:13:25,670 | App.naive_bayes | INFO | Prediction result: Sweet
2025-07-23 10:13:25,670 | App.model | INFO | Calculating target value ratios
2025-07-23 10:13:25,671 | App.naive_bayes | INFO | Making prediction...
2025-07-23 10:13:25,671 | App.naive_bayes | INFO | Calculating posteriors...
2025-07-23 10:13:25,671 | App.naive_bayes | INFO | Posterior calculation completed
2025-07-23 10:13:25,671 | App.naive_bayes | INFO | Prediction result: Salty
2025-07-23 10:13:25,671 | App.model | INFO | Calculating target value ratios
2025-07-23 10:13:25,672 | App.naive_bayes | INFO | Making prediction...
2025-07-23 10:13:25,672 | App.naive_bayes | INFO | Calculating posteriors...
2025-07-23 10:13:25,672 | App.naive_bayes | INFO | Posterior calculation completed
2025-07-23 10:13:25,672 | App.naive_bayes | INFO | Prediction result: Sour
2025-07-23 10:13:25,672 | App.model | INFO | Calculating target value ratios
2025-07-23 10:13:25,672 | App.naive_bayes | INFO | Making prediction...
2025-07-23 10:13:25,672 | App.naive_bayes | INFO | Calculating posteriors...
2025-07-23 10:13:25,672 | App.naive_bayes | INFO | Posterior calculation completed
2025-07-23 10:13:25,672 | App.naive_bayes | INFO | Prediction result: Sweet
2025-07-23 10:13:25,672 | App.model | INFO | Calculating target value ratios
2025-07-23 10:13:25,673 | App.naive_bayes | INFO | Making prediction...
2025-07-23 10:13:25,673 | App.naive_bayes | INFO | Calculating posteriors...
2025-07-23 10:13:25,673 | App.naive_bayes | INFO | Posterior calculation completed
2025-07-23 10:13:25,673 | App.naive_bayes | INFO | Prediction result: Sour
2025-07-23 10:13:25,673 | App.model | INFO | Calculating target value ratios
2025-07-23 10:13:25,674 | App.naive_bayes | INFO | Making prediction...
2025-07-23 10:13:25,674 | App.naive_bayes | INFO | Calculating posteriors...
2025-07-23 10:13:25,674 | App.naive_bayes | INFO | Posterior calculation completed
2025-07-23 10:13:25,674 | App.naive_bayes | INFO | Prediction result: Sour
2025-07-23 10:13:25,674 | App.model | INFO | Calculating target value ratios
2025-07-23 10:13:25,674 | App.naive_bayes | INFO | Making prediction...
2025-07-23 10:13:25,674 | App.naive_bayes | INFO | Calculating posteriors...
2025-07-23 10:13:25,674 | App.naive_bayes | INFO | Posterior calculation completed
2025-07-23 10:13:25,674 | App.naive_bayes | INFO | Prediction result: Sweet
2025-07-23 10:13:25,674 | App.model | INFO | Calculating target value ratios
2025-07-23 10:13:25,675 | App.naive_bayes | INFO | Making prediction...
2025-07-23 10:13:25,675 | App.naive_bayes | INFO | Calculating posteriors...
2025-07-23 10:13:25,675 | App.naive_bayes | INFO | Posterior calculation completed
2025-07-23 10:13:25,675 | App.naive_bayes | INFO | Prediction result: Sweet
2025-07-23 10:13:25,675 | App.model | INFO | Calculating target value ratios
2025-07-23 10:13:25,676 | App.naive_bayes | INFO | Making prediction...
2025-07-23 10:13:25,676 | App.naive_bayes | INFO | Calculating posteriors...
2025-07-23 10:13:25,676 | App.naive_bayes | INFO | Posterior calculation completed
2025-07-23 10:13:25,676 | App.naive_bayes | INFO | Prediction result: Sour
2025-07-23 10:13:25,676 | App.model | INFO | Calculating target value ratios
2025-07-23 10:13:25,676 | App.naive_bayes | INFO | Making prediction...
2025-07-23 10:13:25,676 | App.naive_bayes | INFO | Calculating posteriors...
2025-07-23 10:13:25,676 | App.naive_bayes | INFO | Posterior calculation completed
2025-07-23 10:13:25,676 | App.naive_bayes | INFO | Prediction result: Sour
2025-07-23 10:13:25,676 | App.model | INFO | Calculating target value ratios
2025-07-23 10:13:25,677 | App.naive_bayes | INFO | Making prediction...
2025-07-23 10:13:25,677 | App.naive_bayes | INFO | Calculating posteriors...
2025-07-23 10:13:25,677 | App.naive_bayes | INFO | Posterior calculation completed
2025-07-23 10:13:25,677 | App.naive_bayes | INFO | Prediction result: Sour
2025-07-23 10:13:25,677 | App.model | INFO | Calculating target value ratios
2025-07-23 10:13:25,678 | App.naive_bayes | INFO | Making prediction...
2025-07-23 10:13:25,678 | App.naive_bayes | INFO | Calculating posteriors...
2025-07-23 10:13:25,678 | App.naive_bayes | INFO | Posterior calculation completed
2025-07-23 10:13:25,678 | App.naive_bayes | INFO | Prediction result: Sour
2025-07-23 10:13:25,678 | App.model | INFO | Calculating target value ratios
2025-07-23 10:13:25,678 | App.naive_bayes | INFO | Making prediction...
2025-07-23 10:13:25,678 | App.naive_bayes | INFO | Calculating posteriors...
2025-07-23 10:13:25,678 | App.naive_bayes | INFO | Posterior calculation completed
2025-07-23 10:13:25,678 | App.naive_bayes | INFO | Prediction result: Sweet
2025-07-23 10:13:25,678 | App.model | INFO | Calculating target value ratios
2025-07-23 10:13:25,679 | App.naive_bayes | INFO | Making prediction...
2025-07-23 10:13:25,679 | App.naive_bayes | INFO | Calculating posteriors...
2025-07-23 10:13:25,679 | App.naive_bayes | INFO | Posterior calculation completed
2025-07-23 10:13:25,679 | App.naive_bayes | INFO | Prediction result: Sour
2025-07-23 10:13:25,679 | App.model | INFO | Calculating target value ratios
2025-07-23 10:13:25,680 | App.naive_bayes | INFO | Making prediction...
2025-07-23 10:13:25,680 | App.naive_bayes | INFO | Calculating posteriors...
2025-07-23 10:13:25,680 | App.naive_bayes | INFO | Posterior calculation completed
2025-07-23 10:13:25,680 | App.naive_bayes | INFO | Prediction result: Sweet
2025-07-23 10:13:25,680 | App.model | INFO | Calculating target value ratios
2025-07-23 10:13:25,680 | App.naive_bayes | INFO | Making prediction...
2025-07-23 10:13:25,680 | App.naive_bayes | INFO | Calculating posteriors...
2025-07-23 10:13:25,680 | App.naive_bayes | INFO | Posterior calculation completed
2025-07-23 10:13:25,680 | App.naive_bayes | INFO | Prediction result: Sour
2025-07-23 10:13:25,680 | App.model | INFO | Calculating target value ratios
2025-07-23 10:13:25,681 | App.naive_bayes | INFO | Making prediction...
2025-07-23 10:13:25,681 | App.naive_bayes | INFO | Calculating posteriors...
2025-07-23 10:13:25,681 | App.naive_bayes | INFO | Posterior calculation completed
2025-07-23 10:13:25,681 | App.naive_bayes | INFO | Prediction result: Salty
2025-07-23 10:13:25,681 | App.model | INFO | Calculating target value ratios
2025-07-23 10:13:25,682 | App.naive_bayes | INFO | Making prediction...
2025-07-23 10:13:25,682 | App.naive_bayes | INFO | Calculating posteriors...
2025-07-23 10:13:25,682 | App.naive_bayes | INFO | Posterior calculation completed
2025-07-23 10:13:25,682 | App.naive_bayes | INFO | Prediction result: Sweet
2025-07-23 10:13:25,682 | App.model | INFO | Calculating target value ratios
2025-07-23 10:13:25,682 | App.naive_bayes | INFO | Making prediction...
2025-07-23 10:13:25,682 | App.naive_bayes | INFO | Calculating posteriors...
2025-07-23 10:13:25,682 | App.naive_bayes | INFO | Posterior calculation completed
2025-07-23 10:13:25,682 | App.naive_bayes | INFO | Prediction result: Sweet
2025-07-23 10:13:25,682 | App.model | INFO | Calculating target value ratios
2025-07-23 10:13:25,683 | App.naive_bayes | INFO | Making prediction...
2025-07-23 10:13:25,683 | App.naive_bayes | INFO | Calculating posteriors...
2025-07-23 10:13:25,683 | App.naive_bayes | INFO | Posterior calculation completed
2025-07-23 10:13:25,683 | App.naive_bayes | INFO | Prediction result: Sweet
2025-07-23 10:13:25,683 | App.model | INFO | Calculating target value ratios
2025-07-23 10:13:25,683 | App.naive_bayes | INFO | Making prediction...
2025-07-23 10:13:25,684 | App.naive_bayes | INFO | Calculating posteriors...
2025-07-23 10:13:25,684 | App.naive_bayes | INFO | Posterior calculation completed
2025-07-23 10:13:25,684 | App.naive_bayes | INFO | Prediction result: Sweet
2025-07-23 10:13:25,684 | App.model | INFO | Calculating target value ratios
2025-07-23 10:13:25,684 | App.naive_bayes | INFO | Making prediction...
2025-07-23 10:13:25,684 | App.naive_bayes | INFO | Calculating posteriors...
2025-07-23 10:13:25,684 | App.naive_bayes | INFO | Posterior calculation completed
2025-07-23 10:13:25,684 | App.naive_bayes | INFO | Prediction result: Sour
2025-07-23 10:13:25,684 | App.model | INFO | Calculating target value ratios
2025-07-23 10:13:25,685 | App.naive_bayes | INFO | Making prediction...
2025-07-23 10:13:25,685 | App.naive_bayes | INFO | Calculating posteriors...
2025-07-23 10:13:25,685 | App.naive_bayes | INFO | Posterior calculation completed
2025-07-23 10:13:25,685 | App.naive_bayes | INFO | Prediction result: Sour
2025-07-23 10:13:25,685 | App.model | INFO | Calculating target value ratios
2025-07-23 10:13:25,685 | App.naive_bayes | INFO | Making prediction...
2025-07-23 10:13:25,686 | App.naive_bayes | INFO | Calculating posteriors...
2025-07-23 10:13:25,686 | App.naive_bayes | INFO | Posterior calculation completed
2025-07-23 10:13:25,686 | App.naive_bayes | INFO | Prediction result: Sour
2025-07-23 10:13:25,686 | App.model | INFO | Calculating target value ratios
2025-07-23 10:13:25,686 | App.naive_bayes | INFO | Making prediction...
2025-07-23 10:13:25,686 | App.naive_bayes | INFO | Calculating posteriors...
2025-07-23 10:13:25,686 | App.naive_bayes | INFO | Posterior calculation completed
2025-07-23 10:13:25,686 | App.naive_bayes | INFO | Prediction result: Sweet
2025-07-23 10:13:25,686 | App.model | INFO | Calculating target value ratios
2025-07-23 10:13:25,687 | App.naive_bayes | INFO | Making prediction...
2025-07-23 10:13:25,687 | App.naive_bayes | INFO | Calculating posteriors...
2025-07-23 10:13:25,687 | App.naive_bayes | INFO | Posterior calculation completed
2025-07-23 10:13:25,687 | App.naive_bayes | INFO | Prediction result: Sweet
2025-07-23 10:13:25,687 | App.model | INFO | Calculating target value ratios
2025-07-23 10:13:25,688 | App.naive_bayes | INFO | Making prediction...
2025-07-23 10:13:25,688 | App.naive_bayes | INFO | Calculating posteriors...
2025-07-23 10:13:25,688 | App.naive_bayes | INFO | Posterior calculation completed
2025-07-23 10:13:25,688 | App.naive_bayes | INFO | Prediction result: Sour
2025-07-23 10:13:25,688 | App.model | INFO | Calculating target value ratios
2025-07-23 10:13:25,688 | App.naive_bayes | INFO | Making prediction...
2025-07-23 10:13:25,688 | App.naive_bayes | INFO | Calculating posteriors...
2025-07-23 10:13:25,688 | App.naive_bayes | INFO | Posterior calculation completed
2025-07-23 10:13:25,688 | App.naive_bayes | INFO | Prediction result: Sour
2025-07-23 10:13:25,688 | App.model | INFO | Calculating target value ratios
2025-07-23 10:13:25,689 | App.naive_bayes | INFO | Making prediction...
2025-07-23 10:13:25,689 | App.naive_bayes | INFO | Calculating posteriors...
2025-07-23 10:13:25,689 | App.naive_bayes | INFO | Posterior calculation completed
2025-07-23 10:13:25,689 | App.naive_bayes | INFO | Prediction result: Sweet
2025-07-23 10:13:25,689 | App.model | INFO | Calculating target value ratios
2025-07-23 10:13:25,690 | App.naive_bayes | INFO | Making prediction...
2025-07-23 10:13:25,690 | App.naive_bayes | INFO | Calculating posteriors...
2025-07-23 10:13:25,690 | App.naive_bayes | INFO | Posterior calculation completed
2025-07-23 10:13:25,690 | App.naive_bayes | INFO | Prediction result: Sweet
2025-07-23 10:13:25,690 | App.model | INFO | Calculating target value ratios
2025-07-23 10:13:25,690 | App.naive_bayes | INFO | Making prediction...
2025-07-23 10:13:25,690 | App.naive_bayes | INFO | Calculating posteriors...
2025-07-23 10:13:25,690 | App.naive_bayes | INFO | Posterior calculation completed
2025-07-23 10:13:25,690 | App.naive_bayes | INFO | Prediction result: Sweet
2025-07-23 10:13:25,690 | App.model | INFO | Calculating target value ratios
2025-07-23 10:13:25,691 | App.naive_bayes | INFO | Making prediction...
2025-07-23 10:13:25,691 | App.naive_bayes | INFO | Calculating posteriors...
2025-07-23 10:13:25,691 | App.naive_bayes | INFO | Posterior calculation completed
2025-07-23 10:13:25,691 | App.naive_bayes | INFO | Prediction result: Sweet
2025-07-23 10:13:25,691 | App.model | INFO | Calculating target value ratios
2025-07-23 10:13:25,692 | App.naive_bayes | INFO | Making prediction...
2025-07-23 10:13:25,692 | App.naive_bayes | INFO | Calculating posteriors...
2025-07-23 10:13:25,692 | App.naive_bayes | INFO | Posterior calculation completed
2025-07-23 10:13:25,692 | App.naive_bayes | INFO | Prediction result: Salty
2025-07-23 10:13:25,692 | App.model | INFO | Calculating target value ratios
2025-07-23 10:13:25,692 | App.naive_bayes | INFO | Making prediction...
2025-07-23 10:13:25,692 | App.naive_bayes | INFO | Calculating posteriors...
2025-07-23 10:13:25,692 | App.naive_bayes | INFO | Posterior calculation completed
2025-07-23 10:13:25,692 | App.naive_bayes | INFO | Prediction result: Sour
2025-07-23 10:13:25,692 | App.model | INFO | Calculating target value ratios
2025-07-23 10:13:25,693 | App.naive_bayes | INFO | Making prediction...
2025-07-23 10:13:25,693 | App.naive_bayes | INFO | Calculating posteriors...
2025-07-23 10:13:25,693 | App.naive_bayes | INFO | Posterior calculation completed
2025-07-23 10:13:25,693 | App.naive_bayes | INFO | Prediction result: Sour
2025-07-23 10:13:25,693 | App.model | INFO | Calculating target value ratios
2025-07-23 10:13:25,694 | App.naive_bayes | INFO | Making prediction...
2025-07-23 10:13:25,694 | App.naive_bayes | INFO | Calculating posteriors...
2025-07-23 10:13:25,694 | App.naive_bayes | INFO | Posterior calculation completed
2025-07-23 10:13:25,694 | App.naive_bayes | INFO | Prediction result: Sour
2025-07-23 10:13:25,694 | App.model | INFO | Calculating target value ratios
2025-07-23 10:13:25,694 | App.naive_bayes | INFO | Making prediction...
2025-07-23 10:13:25,694 | App.naive_bayes | INFO | Calculating posteriors...
2025-07-23 10:13:25,694 | App.naive_bayes | INFO | Posterior calculation completed
2025-07-23 10:13:25,694 | App.naive_bayes | INFO | Prediction result: Sweet
2025-07-23 10:13:25,694 | App.model | INFO | Calculating target value ratios
2025-07-23 10:13:25,695 | App.naive_bayes | INFO | Making prediction...
2025-07-23 10:13:25,695 | App.naive_bayes | INFO | Calculating posteriors...
2025-07-23 10:13:25,695 | App.naive_bayes | INFO | Posterior calculation completed
2025-07-23 10:13:25,695 | App.naive_bayes | INFO | Prediction result: Sour
2025-07-23 10:13:25,695 | App.model | INFO | Calculating target value ratios
2025-07-23 10:13:25,696 | App.naive_bayes | INFO | Making prediction...
2025-07-23 10:13:25,696 | App.naive_bayes | INFO | Calculating posteriors...
2025-07-23 10:13:25,696 | App.naive_bayes | INFO | Posterior calculation completed
2025-07-23 10:13:25,696 | App.naive_bayes | INFO | Prediction result: Sweet
2025-07-23 10:13:25,696 | App.model | INFO | Calculating target value ratios
2025-07-23 10:13:25,696 | App.naive_bayes | INFO | Making prediction...
2025-07-23 10:13:25,696 | App.naive_bayes | INFO | Calculating posteriors...
2025-07-23 10:13:25,696 | App.naive_bayes | INFO | Posterior calculation completed
2025-07-23 10:13:25,696 | App.naive_bayes | INFO | Prediction result: Sour
2025-07-23 10:13:25,696 | App.model | INFO | Calculating target value ratios
2025-07-23 10:13:25,697 | App.naive_bayes | INFO | Making prediction...
2025-07-23 10:13:25,697 | App.naive_bayes | INFO | Calculating posteriors...
2025-07-23 10:13:25,697 | App.naive_bayes | INFO | Posterior calculation completed
2025-07-23 10:13:25,697 | App.naive_bayes | INFO | Prediction result: Sour
2025-07-23 10:13:25,697 | App.model | INFO | Calculating target value ratios
2025-07-23 10:13:25,698 | App.naive_bayes | INFO | Making prediction...
2025-07-23 10:13:25,698 | App.naive_bayes | INFO | Calculating posteriors...
2025-07-23 10:13:25,698 | App.naive_bayes | INFO | Posterior calculation completed
2025-07-23 10:13:25,698 | App.naive_bayes | INFO | Prediction result: Sweet
2025-07-23 10:13:25,698 | App.model | INFO | Calculating target value ratios
2025-07-23 10:13:25,698 | App.naive_bayes | INFO | Making prediction...
2025-07-23 10:13:25,698 | App.naive_bayes | INFO | Calculating posteriors...
2025-07-23 10:13:25,698 | App.naive_bayes | INFO | Posterior calculation completed
2025-07-23 10:13:25,698 | App.naive_bayes | INFO | Prediction result: Sweet
2025-07-23 10:13:25,698 | App.model | INFO | Calculating target value ratios
2025-07-23 10:13:25,699 | App.naive_bayes | INFO | Making prediction...
2025-07-23 10:13:25,699 | App.naive_bayes | INFO | Calculating posteriors...
2025-07-23 10:13:25,699 | App.naive_bayes | INFO | Posterior calculation completed
2025-07-23 10:13:25,699 | App.naive_bayes | INFO | Prediction result: Salty
2025-07-23 10:13:25,699 | App.model | INFO | Calculating target value ratios
2025-07-23 10:13:25,700 | App.naive_bayes | INFO | Making prediction...
2025-07-23 10:13:25,700 | App.naive_bayes | INFO | Calculating posteriors...
2025-07-23 10:13:25,700 | App.naive_bayes | INFO | Posterior calculation completed
2025-07-23 10:13:25,700 | App.naive_bayes | INFO | Prediction result: Sweet
2025-07-23 10:13:25,700 | App.model | INFO | Calculating target value ratios
2025-07-23 10:13:25,700 | App.naive_bayes | INFO | Making prediction...
2025-07-23 10:13:25,700 | App.naive_bayes | INFO | Calculating posteriors...
2025-07-23 10:13:25,700 | App.naive_bayes | INFO | Posterior calculation completed
2025-07-23 10:13:25,700 | App.naive_bayes | INFO | Prediction result: Sweet
2025-07-23 10:13:25,700 | App.model | INFO | Calculating target value ratios
2025-07-23 10:13:25,701 | App.naive_bayes | INFO | Making prediction...
2025-07-23 10:13:25,701 | App.naive_bayes | INFO | Calculating posteriors...
2025-07-23 10:13:25,701 | App.naive_bayes | INFO | Posterior calculation completed
2025-07-23 10:13:25,701 | App.naive_bayes | INFO | Prediction result: Sour
2025-07-23 10:13:25,701 | App.model | INFO | Calculating target value ratios
2025-07-23 10:13:25,701 | App.naive_bayes | INFO | Making prediction...
2025-07-23 10:13:25,702 | App.naive_bayes | INFO | Calculating posteriors...
2025-07-23 10:13:25,702 | App.naive_bayes | INFO | Posterior calculation completed
2025-07-23 10:13:25,702 | App.naive_bayes | INFO | Prediction result: Sweet
2025-07-23 10:13:25,702 | App.model | INFO | Calculating target value ratios
2025-07-23 10:13:25,702 | App.naive_bayes | INFO | Making prediction...
2025-07-23 10:13:25,702 | App.naive_bayes | INFO | Calculating posteriors...
2025-07-23 10:13:25,703 | App.naive_bayes | INFO | Posterior calculation completed
2025-07-23 10:13:25,703 | App.naive_bayes | INFO | Prediction result: Sweet
2025-07-23 10:13:25,703 | App.model | INFO | Calculating target value ratios
2025-07-23 10:13:25,703 | App.naive_bayes | INFO | Making prediction...
2025-07-23 10:13:25,703 | App.naive_bayes | INFO | Calculating posteriors...
2025-07-23 10:13:25,703 | App.naive_bayes | INFO | Posterior calculation completed
2025-07-23 10:13:25,703 | App.naive_bayes | INFO | Prediction result: Salty
2025-07-23 10:13:25,703 | App.model | INFO | Calculating target value ratios
2025-07-23 10:13:25,704 | App.naive_bayes | INFO | Making prediction...
2025-07-23 10:13:25,704 | App.naive_bayes | INFO | Calculating posteriors...
2025-07-23 10:13:25,704 | App.naive_bayes | INFO | Posterior calculation completed
2025-07-23 10:13:25,704 | App.naive_bayes | INFO | Prediction result: Sour
2025-07-23 10:13:25,704 | App.model | INFO | Calculating target value ratios
2025-07-23 10:13:25,705 | App.naive_bayes | INFO | Making prediction...
2025-07-23 10:13:25,705 | App.naive_bayes | INFO | Calculating posteriors...
2025-07-23 10:13:25,705 | App.naive_bayes | INFO | Posterior calculation completed
2025-07-23 10:13:25,705 | App.naive_bayes | INFO | Prediction result: Sour
2025-07-23 10:13:25,705 | App.model | INFO | Calculating target value ratios
2025-07-23 10:13:25,705 | App.naive_bayes | INFO | Making prediction...
2025-07-23 10:13:25,705 | App.naive_bayes | INFO | Calculating posteriors...
2025-07-23 10:13:25,705 | App.naive_bayes | INFO | Posterior calculation completed
2025-07-23 10:13:25,705 | App.naive_bayes | INFO | Prediction result: Sour
2025-07-23 10:13:25,706 | App.model | INFO | Calculating target value ratios
2025-07-23 10:13:25,706 | App.naive_bayes | INFO | Making prediction...
2025-07-23 10:13:25,706 | App.naive_bayes | INFO | Calculating posteriors...
2025-07-23 10:13:25,706 | App.naive_bayes | INFO | Posterior calculation completed
2025-07-23 10:13:25,706 | App.naive_bayes | INFO | Prediction result: Sour
2025-07-23 10:13:25,706 | App.model | INFO | Calculating target value ratios
2025-07-23 10:13:25,707 | App.naive_bayes | INFO | Making prediction...
2025-07-23 10:13:25,707 | App.naive_bayes | INFO | Calculating posteriors...
2025-07-23 10:13:25,707 | App.naive_bayes | INFO | Posterior calculation completed
2025-07-23 10:13:25,707 | App.naive_bayes | INFO | Prediction result: Sweet
2025-07-23 10:13:25,707 | App.model | INFO | Calculating target value ratios
2025-07-23 10:13:25,707 | App.naive_bayes | INFO | Making prediction...
2025-07-23 10:13:25,707 | App.naive_bayes | INFO | Calculating posteriors...
2025-07-23 10:13:25,707 | App.naive_bayes | INFO | Posterior calculation completed
2025-07-23 10:13:25,707 | App.naive_bayes | INFO | Prediction result: Spicy
2025-07-23 10:13:25,708 | App.model | INFO | Calculating target value ratios
2025-07-23 10:13:25,708 | App.naive_bayes | INFO | Making prediction...
2025-07-23 10:13:25,708 | App.naive_bayes | INFO | Calculating posteriors...
2025-07-23 10:13:25,708 | App.naive_bayes | INFO | Posterior calculation completed
2025-07-23 10:13:25,708 | App.naive_bayes | INFO | Prediction result: Sour
2025-07-23 10:13:25,708 | App.model | INFO | Calculating target value ratios
2025-07-23 10:13:25,709 | App.naive_bayes | INFO | Making prediction...
2025-07-23 10:13:25,709 | App.naive_bayes | INFO | Calculating posteriors...
2025-07-23 10:13:25,709 | App.naive_bayes | INFO | Posterior calculation completed
2025-07-23 10:13:25,709 | App.naive_bayes | INFO | Prediction result: Salty
2025-07-23 10:13:25,709 | App.model | INFO | Calculating target value ratios
2025-07-23 10:13:25,709 | App.naive_bayes | INFO | Making prediction...
2025-07-23 10:13:25,709 | App.naive_bayes | INFO | Calculating posteriors...
2025-07-23 10:13:25,709 | App.naive_bayes | INFO | Posterior calculation completed
2025-07-23 10:13:25,709 | App.naive_bayes | INFO | Prediction result: Sour
2025-07-23 10:13:25,710 | App.model | INFO | Calculating target value ratios
2025-07-23 10:13:25,710 | App.naive_bayes | INFO | Making prediction...
2025-07-23 10:13:25,710 | App.naive_bayes | INFO | Calculating posteriors...
2025-07-23 10:13:25,710 | App.naive_bayes | INFO | Posterior calculation completed
2025-07-23 10:13:25,710 | App.naive_bayes | INFO | Prediction result: Sour
2025-07-23 10:13:25,710 | App.model | INFO | Calculating target value ratios
2025-07-23 10:13:25,711 | App.naive_bayes | INFO | Making prediction...
2025-07-23 10:13:25,711 | App.naive_bayes | INFO | Calculating posteriors...
2025-07-23 10:13:25,711 | App.naive_bayes | INFO | Posterior calculation completed
2025-07-23 10:13:25,711 | App.naive_bayes | INFO | Prediction result: Sweet
2025-07-23 10:13:25,711 | App.model | INFO | Calculating target value ratios
2025-07-23 10:13:25,711 | App.naive_bayes | INFO | Making prediction...
2025-07-23 10:13:25,711 | App.naive_bayes | INFO | Calculating posteriors...
2025-07-23 10:13:25,711 | App.naive_bayes | INFO | Posterior calculation completed
2025-07-23 10:13:25,711 | App.naive_bayes | INFO | Prediction result: Sour
2025-07-23 10:13:25,712 | App.model | INFO | Calculating target value ratios
2025-07-23 10:13:25,712 | App.naive_bayes | INFO | Making prediction...
2025-07-23 10:13:25,712 | App.naive_bayes | INFO | Calculating posteriors...
2025-07-23 10:13:25,712 | App.naive_bayes | INFO | Posterior calculation completed
2025-07-23 10:13:25,712 | App.naive_bayes | INFO | Prediction result: Sour
2025-07-23 10:13:25,712 | App.model | INFO | Calculating target value ratios
2025-07-23 10:13:25,713 | App.naive_bayes | INFO | Making prediction...
2025-07-23 10:13:25,713 | App.naive_bayes | INFO | Calculating posteriors...
2025-07-23 10:13:25,713 | App.naive_bayes | INFO | Posterior calculation completed
2025-07-23 10:13:25,713 | App.naive_bayes | INFO | Prediction result: Sweet
2025-07-23 10:13:25,713 | App.model | INFO | Calculating target value ratios
2025-07-23 10:13:25,713 | App.naive_bayes | INFO | Making prediction...
2025-07-23 10:13:25,713 | App.naive_bayes | INFO | Calculating posteriors...
2025-07-23 10:13:25,713 | App.naive_bayes | INFO | Posterior calculation completed
2025-07-23 10:13:25,713 | App.naive_bayes | INFO | Prediction result: Salty
2025-07-23 10:13:25,714 | App.model | INFO | Calculating target value ratios
2025-07-23 10:13:25,714 | App.naive_bayes | INFO | Making prediction...
2025-07-23 10:13:25,714 | App.naive_bayes | INFO | Calculating posteriors...
2025-07-23 10:13:25,714 | App.naive_bayes | INFO | Posterior calculation completed
2025-07-23 10:13:25,714 | App.naive_bayes | INFO | Prediction result: Sweet
2025-07-23 10:13:25,714 | App.model | INFO | Calculating target value ratios
2025-07-23 10:13:25,715 | App.naive_bayes | INFO | Making prediction...
2025-07-23 10:13:25,715 | App.naive_bayes | INFO | Calculating posteriors...
2025-07-23 10:13:25,715 | App.naive_bayes | INFO | Posterior calculation completed
2025-07-23 10:13:25,715 | App.naive_bayes | INFO | Prediction result: Sweet
2025-07-23 10:13:25,715 | App.model | INFO | Calculating target value ratios
2025-07-23 10:13:25,715 | App.naive_bayes | INFO | Making prediction...
2025-07-23 10:13:25,715 | App.naive_bayes | INFO | Calculating posteriors...
2025-07-23 10:13:25,715 | App.naive_bayes | INFO | Posterior calculation completed
2025-07-23 10:13:25,715 | App.naive_bayes | INFO | Prediction result: Sour
2025-07-23 10:13:25,715 | App.model | INFO | Calculating target value ratios
2025-07-23 10:13:25,716 | App.naive_bayes | INFO | Making prediction...
2025-07-23 10:13:25,716 | App.naive_bayes | INFO | Calculating posteriors...
2025-07-23 10:13:25,716 | App.naive_bayes | INFO | Posterior calculation completed
2025-07-23 10:13:25,716 | App.naive_bayes | INFO | Prediction result: Sour
2025-07-23 10:13:25,716 | App.model | INFO | Calculating target value ratios
2025-07-23 10:13:25,717 | App.naive_bayes | INFO | Making prediction...
2025-07-23 10:13:25,717 | App.naive_bayes | INFO | Calculating posteriors...
2025-07-23 10:13:25,717 | App.naive_bayes | INFO | Posterior calculation completed
2025-07-23 10:13:25,717 | App.naive_bayes | INFO | Prediction result: Sweet
2025-07-23 10:13:25,717 | App.model | INFO | Calculating target value ratios
2025-07-23 10:13:25,717 | App.naive_bayes | INFO | Making prediction...
2025-07-23 10:13:25,717 | App.naive_bayes | INFO | Calculating posteriors...
2025-07-23 10:13:25,717 | App.naive_bayes | INFO | Posterior calculation completed
2025-07-23 10:13:25,718 | App.naive_bayes | INFO | Prediction result: Sour
2025-07-23 10:13:25,718 | App.model | INFO | Calculating target value ratios
2025-07-23 10:13:25,718 | App.naive_bayes | INFO | Making prediction...
2025-07-23 10:13:25,718 | App.naive_bayes | INFO | Calculating posteriors...
2025-07-23 10:13:25,718 | App.naive_bayes | INFO | Posterior calculation completed
2025-07-23 10:13:25,718 | App.naive_bayes | INFO | Prediction result: Sweet
2025-07-23 10:13:25,718 | App.model | INFO | Calculating target value ratios
2025-07-23 10:13:25,719 | App.naive_bayes | INFO | Making prediction...
2025-07-23 10:13:25,719 | App.naive_bayes | INFO | Calculating posteriors...
2025-07-23 10:13:25,719 | App.naive_bayes | INFO | Posterior calculation completed
2025-07-23 10:13:25,719 | App.naive_bayes | INFO | Prediction result: Sweet
2025-07-23 10:13:25,719 | App.model | INFO | Calculating target value ratios
2025-07-23 10:13:25,720 | App.naive_bayes | INFO | Making prediction...
2025-07-23 10:13:25,720 | App.naive_bayes | INFO | Calculating posteriors...
2025-07-23 10:13:25,720 | App.naive_bayes | INFO | Posterior calculation completed
2025-07-23 10:13:25,720 | App.naive_bayes | INFO | Prediction result: Sweet
2025-07-23 10:13:25,720 | App.model | INFO | Calculating target value ratios
2025-07-23 10:13:25,720 | App.naive_bayes | INFO | Making prediction...
2025-07-23 10:13:25,720 | App.naive_bayes | INFO | Calculating posteriors...
2025-07-23 10:13:25,720 | App.naive_bayes | INFO | Posterior calculation completed
2025-07-23 10:13:25,720 | App.naive_bayes | INFO | Prediction result: Salty
2025-07-23 10:13:25,720 | App.model | INFO | Calculating target value ratios
2025-07-23 10:13:25,721 | App.naive_bayes | INFO | Making prediction...
2025-07-23 10:13:25,721 | App.naive_bayes | INFO | Calculating posteriors...
2025-07-23 10:13:25,721 | App.naive_bayes | INFO | Posterior calculation completed
2025-07-23 10:13:25,721 | App.naive_bayes | INFO | Prediction result: Sweet
2025-07-23 10:13:25,721 | App.model | INFO | Calculating target value ratios
2025-07-23 10:13:25,722 | App.naive_bayes | INFO | Making prediction...
2025-07-23 10:13:25,722 | App.naive_bayes | INFO | Calculating posteriors...
2025-07-23 10:13:25,722 | App.naive_bayes | INFO | Posterior calculation completed
2025-07-23 10:13:25,722 | App.naive_bayes | INFO | Prediction result: Salty
2025-07-23 10:13:25,722 | App.model | INFO | Calculating target value ratios
2025-07-23 10:13:25,722 | App.naive_bayes | INFO | Making prediction...
2025-07-23 10:13:25,722 | App.naive_bayes | INFO | Calculating posteriors...
2025-07-23 10:13:25,722 | App.naive_bayes | INFO | Posterior calculation completed
2025-07-23 10:13:25,722 | App.naive_bayes | INFO | Prediction result: Sour
2025-07-23 10:13:25,722 | App.model | INFO | Calculating target value ratios
2025-07-23 10:13:25,723 | App.naive_bayes | INFO | Making prediction...
2025-07-23 10:13:25,723 | App.naive_bayes | INFO | Calculating posteriors...
2025-07-23 10:13:25,723 | App.naive_bayes | INFO | Posterior calculation completed
2025-07-23 10:13:25,723 | App.naive_bayes | INFO | Prediction result: Salty
2025-07-23 10:13:25,723 | App.model | INFO | Calculating target value ratios
2025-07-23 10:13:25,723 | App.naive_bayes | INFO | Making prediction...
2025-07-23 10:13:25,723 | App.naive_bayes | INFO | Calculating posteriors...
2025-07-23 10:13:25,724 | App.naive_bayes | INFO | Posterior calculation completed
2025-07-23 10:13:25,724 | App.naive_bayes | INFO | Prediction result: Salty
2025-07-23 10:13:25,724 | App.model | INFO | Calculating target value ratios
2025-07-23 10:13:25,724 | App.naive_bayes | INFO | Making prediction...
2025-07-23 10:13:25,724 | App.naive_bayes | INFO | Calculating posteriors...
2025-07-23 10:13:25,724 | App.naive_bayes | INFO | Posterior calculation completed
2025-07-23 10:13:25,724 | App.naive_bayes | INFO | Prediction result: Sour
2025-07-23 10:13:25,724 | App.model | INFO | Calculating target value ratios
2025-07-23 10:13:25,725 | App.naive_bayes | INFO | Making prediction...
2025-07-23 10:13:25,725 | App.naive_bayes | INFO | Calculating posteriors...
2025-07-23 10:13:25,725 | App.naive_bayes | INFO | Posterior calculation completed
2025-07-23 10:13:25,725 | App.naive_bayes | INFO | Prediction result: Sour
2025-07-23 10:13:25,725 | App.model | INFO | Calculating target value ratios
2025-07-23 10:13:25,725 | App.naive_bayes | INFO | Making prediction...
2025-07-23 10:13:25,725 | App.naive_bayes | INFO | Calculating posteriors...
2025-07-23 10:13:25,725 | App.naive_bayes | INFO | Posterior calculation completed
2025-07-23 10:13:25,725 | App.naive_bayes | INFO | Prediction result: Sour
2025-07-23 10:13:25,726 | App.model | INFO | Calculating target value ratios
2025-07-23 10:13:25,726 | App.naive_bayes | INFO | Making prediction...
2025-07-23 10:13:25,726 | App.naive_bayes | INFO | Calculating posteriors...
2025-07-23 10:13:25,726 | App.naive_bayes | INFO | Posterior calculation completed
2025-07-23 10:13:25,726 | App.naive_bayes | INFO | Prediction result: Sweet
2025-07-23 10:13:25,726 | App.model | INFO | Calculating target value ratios
2025-07-23 10:13:25,727 | App.naive_bayes | INFO | Making prediction...
2025-07-23 10:13:25,727 | App.naive_bayes | INFO | Calculating posteriors...
2025-07-23 10:13:25,727 | App.naive_bayes | INFO | Posterior calculation completed
2025-07-23 10:13:25,727 | App.naive_bayes | INFO | Prediction result: Sweet
2025-07-23 10:13:25,727 | App.model | INFO | Calculating target value ratios
2025-07-23 10:13:25,727 | App.naive_bayes | INFO | Making prediction...
2025-07-23 10:13:25,727 | App.naive_bayes | INFO | Calculating posteriors...
2025-07-23 10:13:25,727 | App.naive_bayes | INFO | Posterior calculation completed
2025-07-23 10:13:25,727 | App.naive_bayes | INFO | Prediction result: Sour
2025-07-23 10:13:25,727 | App.model | INFO | Calculating target value ratios
2025-07-23 10:13:25,728 | App.naive_bayes | INFO | Making prediction...
2025-07-23 10:13:25,728 | App.naive_bayes | INFO | Calculating posteriors...
2025-07-23 10:13:25,728 | App.naive_bayes | INFO | Posterior calculation completed
2025-07-23 10:13:25,728 | App.naive_bayes | INFO | Prediction result: Sweet
2025-07-23 10:13:25,728 | App.model | INFO | Calculating target value ratios
2025-07-23 10:13:25,728 | App.naive_bayes | INFO | Making prediction...
2025-07-23 10:13:25,729 | App.naive_bayes | INFO | Calculating posteriors...
2025-07-23 10:13:25,729 | App.naive_bayes | INFO | Posterior calculation completed
2025-07-23 10:13:25,729 | App.naive_bayes | INFO | Prediction result: Sweet
2025-07-23 10:13:25,729 | App.model | INFO | Calculating target value ratios
2025-07-23 10:13:25,729 | App.naive_bayes | INFO | Making prediction...
2025-07-23 10:13:25,729 | App.naive_bayes | INFO | Calculating posteriors...
2025-07-23 10:13:25,729 | App.naive_bayes | INFO | Posterior calculation completed
2025-07-23 10:13:25,729 | App.naive_bayes | INFO | Prediction result: Sour
2025-07-23 10:13:25,729 | App.model | INFO | Calculating target value ratios
2025-07-23 10:13:25,730 | App.naive_bayes | INFO | Making prediction...
2025-07-23 10:13:25,730 | App.naive_bayes | INFO | Calculating posteriors...
2025-07-23 10:13:25,730 | App.naive_bayes | INFO | Posterior calculation completed
2025-07-23 10:13:25,730 | App.naive_bayes | INFO | Prediction result: Sour
2025-07-23 10:13:25,730 | App.model | INFO | Calculating target value ratios
2025-07-23 10:13:25,730 | App.naive_bayes | INFO | Making prediction...
2025-07-23 10:13:25,730 | App.naive_bayes | INFO | Calculating posteriors...
2025-07-23 10:13:25,730 | App.naive_bayes | INFO | Posterior calculation completed
2025-07-23 10:13:25,730 | App.naive_bayes | INFO | Prediction result: Sweet
2025-07-23 10:13:25,731 | App.model | INFO | Calculating target value ratios
2025-07-23 10:13:25,731 | App.naive_bayes | INFO | Making prediction...
2025-07-23 10:13:25,731 | App.naive_bayes | INFO | Calculating posteriors...
2025-07-23 10:13:25,731 | App.naive_bayes | INFO | Posterior calculation completed
2025-07-23 10:13:25,731 | App.naive_bayes | INFO | Prediction result: Salty
2025-07-23 10:13:25,731 | App.model | INFO | Calculating target value ratios
2025-07-23 10:13:25,732 | App.naive_bayes | INFO | Making prediction...
2025-07-23 10:13:25,732 | App.naive_bayes | INFO | Calculating posteriors...
2025-07-23 10:13:25,732 | App.naive_bayes | INFO | Posterior calculation completed
2025-07-23 10:13:25,732 | App.naive_bayes | INFO | Prediction result: Sweet
2025-07-23 10:13:25,732 | App.model | INFO | Calculating target value ratios
2025-07-23 10:13:25,732 | App.naive_bayes | INFO | Making prediction...
2025-07-23 10:13:25,732 | App.naive_bayes | INFO | Calculating posteriors...
2025-07-23 10:13:25,732 | App.naive_bayes | INFO | Posterior calculation completed
2025-07-23 10:13:25,732 | App.naive_bayes | INFO | Prediction result: Sour
2025-07-23 10:13:25,732 | App.model | INFO | Calculating target value ratios
2025-07-23 10:13:25,733 | App.naive_bayes | INFO | Making prediction...
2025-07-23 10:13:25,733 | App.naive_bayes | INFO | Calculating posteriors...
2025-07-23 10:13:25,733 | App.naive_bayes | INFO | Posterior calculation completed
2025-07-23 10:13:25,733 | App.naive_bayes | INFO | Prediction result: Sweet
2025-07-23 10:13:25,733 | App.model | INFO | Calculating target value ratios
2025-07-23 10:13:25,734 | App.naive_bayes | INFO | Making prediction...
2025-07-23 10:13:25,734 | App.naive_bayes | INFO | Calculating posteriors...
2025-07-23 10:13:25,734 | App.naive_bayes | INFO | Posterior calculation completed
2025-07-23 10:13:25,734 | App.naive_bayes | INFO | Prediction result: Sweet
2025-07-23 10:13:25,734 | App.model | INFO | Calculating target value ratios
2025-07-23 10:13:25,734 | App.naive_bayes | INFO | Making prediction...
2025-07-23 10:13:25,734 | App.naive_bayes | INFO | Calculating posteriors...
2025-07-23 10:13:25,735 | App.naive_bayes | INFO | Posterior calculation completed
2025-07-23 10:13:25,735 | App.naive_bayes | INFO | Prediction result: Sweet
2025-07-23 10:13:25,735 | App.model | INFO | Calculating target value ratios
2025-07-23 10:13:25,735 | App.naive_bayes | INFO | Making prediction...
2025-07-23 10:13:25,735 | App.naive_bayes | INFO | Calculating posteriors...
2025-07-23 10:13:25,735 | App.naive_bayes | INFO | Posterior calculation completed
2025-07-23 10:13:25,735 | App.naive_bayes | INFO | Prediction result: Salty
2025-07-23 10:13:25,735 | App.model | INFO | Calculating target value ratios
2025-07-23 10:13:25,736 | App.naive_bayes | INFO | Making prediction...
2025-07-23 10:13:25,736 | App.naive_bayes | INFO | Calculating posteriors...
2025-07-23 10:13:25,736 | App.naive_bayes | INFO | Posterior calculation completed
2025-07-23 10:13:25,736 | App.naive_bayes | INFO | Prediction result: Sweet
2025-07-23 10:13:25,736 | App.model | INFO | Calculating target value ratios
2025-07-23 10:13:25,736 | App.naive_bayes | INFO | Making prediction...
2025-07-23 10:13:25,736 | App.naive_bayes | INFO | Calculating posteriors...
2025-07-23 10:13:25,736 | App.naive_bayes | INFO | Posterior calculation completed
2025-07-23 10:13:25,736 | App.naive_bayes | INFO | Prediction result: Sweet
2025-07-23 10:13:25,736 | App.model | INFO | Calculating target value ratios
2025-07-23 10:13:25,737 | App.naive_bayes | INFO | Making prediction...
2025-07-23 10:13:25,737 | App.naive_bayes | INFO | Calculating posteriors...
2025-07-23 10:13:25,737 | App.naive_bayes | INFO | Posterior calculation completed
2025-07-23 10:13:25,737 | App.naive_bayes | INFO | Prediction result: Sour
2025-07-23 10:13:25,737 | App.model | INFO | Calculating target value ratios
2025-07-23 10:13:25,738 | App.naive_bayes | INFO | Making prediction...
2025-07-23 10:13:25,738 | App.naive_bayes | INFO | Calculating posteriors...
2025-07-23 10:13:25,738 | App.naive_bayes | INFO | Posterior calculation completed
2025-07-23 10:13:25,738 | App.naive_bayes | INFO | Prediction result: Sour
2025-07-23 10:13:25,738 | App.model | INFO | Calculating target value ratios
2025-07-23 10:13:25,738 | App.naive_bayes | INFO | Making prediction...
2025-07-23 10:13:25,738 | App.naive_bayes | INFO | Calculating posteriors...
2025-07-23 10:13:25,738 | App.naive_bayes | INFO | Posterior calculation completed
2025-07-23 10:13:25,738 | App.naive_bayes | INFO | Prediction result: Sweet
2025-07-23 10:13:25,738 | App.model | INFO | Calculating target value ratios
2025-07-23 10:13:25,739 | App.naive_bayes | INFO | Making prediction...
2025-07-23 10:13:25,739 | App.naive_bayes | INFO | Calculating posteriors...
2025-07-23 10:13:25,739 | App.naive_bayes | INFO | Posterior calculation completed
2025-07-23 10:13:25,739 | App.naive_bayes | INFO | Prediction result: Salty
2025-07-23 10:13:25,739 | App.model | INFO | Calculating target value ratios
2025-07-23 10:13:25,739 | App.naive_bayes | INFO | Making prediction...
2025-07-23 10:13:25,739 | App.naive_bayes | INFO | Calculating posteriors...
2025-07-23 10:13:25,740 | App.naive_bayes | INFO | Posterior calculation completed
2025-07-23 10:13:25,740 | App.naive_bayes | INFO | Prediction result: Sour
2025-07-23 10:13:25,740 | App.model | INFO | Calculating target value ratios
2025-07-23 10:13:25,740 | App.naive_bayes | INFO | Making prediction...
2025-07-23 10:13:25,740 | App.naive_bayes | INFO | Calculating posteriors...
2025-07-23 10:13:25,740 | App.naive_bayes | INFO | Posterior calculation completed
2025-07-23 10:13:25,740 | App.naive_bayes | INFO | Prediction result: Sweet
2025-07-23 10:13:25,740 | App.model | INFO | Calculating target value ratios
2025-07-23 10:13:25,741 | App.naive_bayes | INFO | Making prediction...
2025-07-23 10:13:25,741 | App.naive_bayes | INFO | Calculating posteriors...
2025-07-23 10:13:25,741 | App.naive_bayes | INFO | Posterior calculation completed
2025-07-23 10:13:25,741 | App.naive_bayes | INFO | Prediction result: Sweet
2025-07-23 10:13:25,741 | App.model | INFO | Calculating target value ratios
2025-07-23 10:13:25,741 | App.naive_bayes | INFO | Making prediction...
2025-07-23 10:13:25,741 | App.naive_bayes | INFO | Calculating posteriors...
2025-07-23 10:13:25,741 | App.naive_bayes | INFO | Posterior calculation completed
2025-07-23 10:13:25,741 | App.naive_bayes | INFO | Prediction result: Salty
2025-07-23 10:13:25,742 | App.model | INFO | Calculating target value ratios
2025-07-23 10:13:25,742 | App.naive_bayes | INFO | Making prediction...
2025-07-23 10:13:25,742 | App.naive_bayes | INFO | Calculating posteriors...
2025-07-23 10:13:25,742 | App.naive_bayes | INFO | Posterior calculation completed
2025-07-23 10:13:25,742 | App.naive_bayes | INFO | Prediction result: Sweet
2025-07-23 10:13:25,742 | App.model | INFO | Calculating target value ratios
2025-07-23 10:13:25,743 | App.naive_bayes | INFO | Making prediction...
2025-07-23 10:13:25,743 | App.naive_bayes | INFO | Calculating posteriors...
2025-07-23 10:13:25,743 | App.naive_bayes | INFO | Posterior calculation completed
2025-07-23 10:13:25,743 | App.naive_bayes | INFO | Prediction result: Sweet
2025-07-23 10:13:25,743 | App.model | INFO | Calculating target value ratios
2025-07-23 10:13:25,743 | App.naive_bayes | INFO | Making prediction...
2025-07-23 10:13:25,743 | App.naive_bayes | INFO | Calculating posteriors...
2025-07-23 10:13:25,743 | App.naive_bayes | INFO | Posterior calculation completed
2025-07-23 10:13:25,743 | App.naive_bayes | INFO | Prediction result: Sweet
2025-07-23 10:13:25,743 | App.model | INFO | Calculating target value ratios
2025-07-23 10:13:25,744 | App.naive_bayes | INFO | Making prediction...
2025-07-23 10:13:25,744 | App.naive_bayes | INFO | Calculating posteriors...
2025-07-23 10:13:25,744 | App.naive_bayes | INFO | Posterior calculation completed
2025-07-23 10:13:25,744 | App.naive_bayes | INFO | Prediction result: Salty
2025-07-23 10:13:25,744 | App.model | INFO | Calculating target value ratios
2025-07-23 10:13:25,744 | App.naive_bayes | INFO | Making prediction...
2025-07-23 10:13:25,745 | App.naive_bayes | INFO | Calculating posteriors...
2025-07-23 10:13:25,745 | App.naive_bayes | INFO | Posterior calculation completed
2025-07-23 10:13:25,745 | App.naive_bayes | INFO | Prediction result: Salty
2025-07-23 10:13:25,745 | App.model | INFO | Calculating target value ratios
2025-07-23 10:13:25,745 | App.naive_bayes | INFO | Making prediction...
2025-07-23 10:13:25,745 | App.naive_bayes | INFO | Calculating posteriors...
2025-07-23 10:13:25,745 | App.naive_bayes | INFO | Posterior calculation completed
2025-07-23 10:13:25,745 | App.naive_bayes | INFO | Prediction result: Sweet
2025-07-23 10:13:25,745 | App.model | INFO | Calculating target value ratios
2025-07-23 10:13:25,746 | App.naive_bayes | INFO | Making prediction...
2025-07-23 10:13:25,746 | App.naive_bayes | INFO | Calculating posteriors...
2025-07-23 10:13:25,746 | App.naive_bayes | INFO | Posterior calculation completed
2025-07-23 10:13:25,746 | App.naive_bayes | INFO | Prediction result: Sweet
2025-07-23 10:13:25,746 | App.model | INFO | Calculating target value ratios
2025-07-23 10:13:25,746 | App.naive_bayes | INFO | Making prediction...
2025-07-23 10:13:25,746 | App.naive_bayes | INFO | Calculating posteriors...
2025-07-23 10:13:25,746 | App.naive_bayes | INFO | Posterior calculation completed
2025-07-23 10:13:25,746 | App.naive_bayes | INFO | Prediction result: Sweet
2025-07-23 10:13:25,747 | App.model | INFO | Calculating target value ratios
2025-07-23 10:13:25,747 | App.naive_bayes | INFO | Making prediction...
2025-07-23 10:13:25,747 | App.naive_bayes | INFO | Calculating posteriors...
2025-07-23 10:13:25,747 | App.naive_bayes | INFO | Posterior calculation completed
2025-07-23 10:13:25,747 | App.naive_bayes | INFO | Prediction result: Salty
2025-07-23 10:13:25,747 | App.model | INFO | Calculating target value ratios
2025-07-23 10:13:25,748 | App.naive_bayes | INFO | Making prediction...
2025-07-23 10:13:25,748 | App.naive_bayes | INFO | Calculating posteriors...
2025-07-23 10:13:25,748 | App.naive_bayes | INFO | Posterior calculation completed
2025-07-23 10:13:25,748 | App.naive_bayes | INFO | Prediction result: Salty
2025-07-23 10:13:25,748 | App.model | INFO | Calculating target value ratios
2025-07-23 10:13:25,748 | App.naive_bayes | INFO | Making prediction...
2025-07-23 10:13:25,748 | App.naive_bayes | INFO | Calculating posteriors...
2025-07-23 10:13:25,748 | App.naive_bayes | INFO | Posterior calculation completed
2025-07-23 10:13:25,748 | App.naive_bayes | INFO | Prediction result: Sweet
2025-07-23 10:13:25,748 | App.model | INFO | Calculating target value ratios
2025-07-23 10:13:25,749 | App.naive_bayes | INFO | Making prediction...
2025-07-23 10:13:25,749 | App.naive_bayes | INFO | Calculating posteriors...
2025-07-23 10:13:25,749 | App.naive_bayes | INFO | Posterior calculation completed
2025-07-23 10:13:25,749 | App.naive_bayes | INFO | Prediction result: Sweet
2025-07-23 10:13:25,749 | App.model | INFO | Calculating target value ratios
2025-07-23 10:13:25,750 | App.naive_bayes | INFO | Making prediction...
2025-07-23 10:13:25,750 | App.naive_bayes | INFO | Calculating posteriors...
2025-07-23 10:13:25,750 | App.naive_bayes | INFO | Posterior calculation completed
2025-07-23 10:13:25,750 | App.naive_bayes | INFO | Prediction result: Sour
2025-07-23 10:13:25,750 | App.model | INFO | Calculating target value ratios
2025-07-23 10:13:25,750 | App.naive_bayes | INFO | Making prediction...
2025-07-23 10:13:25,750 | App.naive_bayes | INFO | Calculating posteriors...
2025-07-23 10:13:25,751 | App.naive_bayes | INFO | Posterior calculation completed
2025-07-23 10:13:25,751 | App.naive_bayes | INFO | Prediction result: Sour
2025-07-23 10:13:25,751 | App.model | INFO | Calculating target value ratios
2025-07-23 10:13:25,751 | App.naive_bayes | INFO | Making prediction...
2025-07-23 10:13:25,751 | App.naive_bayes | INFO | Calculating posteriors...
2025-07-23 10:13:25,751 | App.naive_bayes | INFO | Posterior calculation completed
2025-07-23 10:13:25,751 | App.naive_bayes | INFO | Prediction result: Salty
2025-07-23 10:13:25,751 | App.model | INFO | Calculating target value ratios
2025-07-23 10:13:25,752 | App.naive_bayes | INFO | Making prediction...
2025-07-23 10:13:25,752 | App.naive_bayes | INFO | Calculating posteriors...
2025-07-23 10:13:25,752 | App.naive_bayes | INFO | Posterior calculation completed
2025-07-23 10:13:25,752 | App.naive_bayes | INFO | Prediction result: Sweet
2025-07-23 10:13:25,752 | App.model | INFO | Calculating target value ratios
2025-07-23 10:13:25,752 | App.naive_bayes | INFO | Making prediction...
2025-07-23 10:13:25,752 | App.naive_bayes | INFO | Calculating posteriors...
2025-07-23 10:13:25,752 | App.naive_bayes | INFO | Posterior calculation completed
2025-07-23 10:13:25,753 | App.naive_bayes | INFO | Prediction result: Sour
2025-07-23 10:13:25,753 | App.model | INFO | Calculating target value ratios
2025-07-23 10:13:25,753 | App.naive_bayes | INFO | Making prediction...
2025-07-23 10:13:25,753 | App.naive_bayes | INFO | Calculating posteriors...
2025-07-23 10:13:25,753 | App.naive_bayes | INFO | Posterior calculation completed
2025-07-23 10:13:25,753 | App.naive_bayes | INFO | Prediction result: Sour
2025-07-23 10:13:25,753 | App.model | INFO | Calculating target value ratios
2025-07-23 10:13:25,754 | App.naive_bayes | INFO | Making prediction...
2025-07-23 10:13:25,754 | App.naive_bayes | INFO | Calculating posteriors...
2025-07-23 10:13:25,754 | App.naive_bayes | INFO | Posterior calculation completed
2025-07-23 10:13:25,754 | App.naive_bayes | INFO | Prediction result: Sour
2025-07-23 10:13:25,754 | App.model | INFO | Calculating target value ratios
2025-07-23 10:13:25,754 | App.naive_bayes | INFO | Making prediction...
2025-07-23 10:13:25,754 | App.naive_bayes | INFO | Calculating posteriors...
2025-07-23 10:13:25,754 | App.naive_bayes | INFO | Posterior calculation completed
2025-07-23 10:13:25,754 | App.naive_bayes | INFO | Prediction result: Sour
2025-07-23 10:13:25,754 | App.model | INFO | Calculating target value ratios
2025-07-23 10:13:25,755 | App.naive_bayes | INFO | Making prediction...
2025-07-23 10:13:25,755 | App.naive_bayes | INFO | Calculating posteriors...
2025-07-23 10:13:25,755 | App.naive_bayes | INFO | Posterior calculation completed
2025-07-23 10:13:25,755 | App.naive_bayes | INFO | Prediction result: Sweet
2025-07-23 10:13:25,755 | App.model | INFO | Calculating target value ratios
2025-07-23 10:13:25,756 | App.naive_bayes | INFO | Making prediction...
2025-07-23 10:13:25,756 | App.naive_bayes | INFO | Calculating posteriors...
2025-07-23 10:13:25,756 | App.naive_bayes | INFO | Posterior calculation completed
2025-07-23 10:13:25,756 | App.naive_bayes | INFO | Prediction result: Salty
2025-07-23 10:13:25,756 | App.model | INFO | Calculating target value ratios
2025-07-23 10:13:25,756 | App.naive_bayes | INFO | Making prediction...
2025-07-23 10:13:25,757 | App.naive_bayes | INFO | Calculating posteriors...
2025-07-23 10:13:25,757 | App.naive_bayes | INFO | Posterior calculation completed
2025-07-23 10:13:25,757 | App.naive_bayes | INFO | Prediction result: Salty
2025-07-23 10:13:25,757 | App.model | INFO | Calculating target value ratios
2025-07-23 10:13:25,757 | App.naive_bayes | INFO | Making prediction...
2025-07-23 10:13:25,757 | App.naive_bayes | INFO | Calculating posteriors...
2025-07-23 10:13:25,757 | App.naive_bayes | INFO | Posterior calculation completed
2025-07-23 10:13:25,757 | App.naive_bayes | INFO | Prediction result: Sweet
2025-07-23 10:13:25,757 | App.model | INFO | Calculating target value ratios
2025-07-23 10:13:25,758 | App.naive_bayes | INFO | Making prediction...
2025-07-23 10:13:25,758 | App.naive_bayes | INFO | Calculating posteriors...
2025-07-23 10:13:25,758 | App.naive_bayes | INFO | Posterior calculation completed
2025-07-23 10:13:25,758 | App.naive_bayes | INFO | Prediction result: Sweet
2025-07-23 10:13:25,758 | App.model | INFO | Calculating target value ratios
2025-07-23 10:13:25,758 | App.naive_bayes | INFO | Making prediction...
2025-07-23 10:13:25,758 | App.naive_bayes | INFO | Calculating posteriors...
2025-07-23 10:13:25,758 | App.naive_bayes | INFO | Posterior calculation completed
2025-07-23 10:13:25,758 | App.naive_bayes | INFO | Prediction result: Sour
2025-07-23 10:13:25,759 | App.model | INFO | Calculating target value ratios
2025-07-23 10:13:25,759 | App.naive_bayes | INFO | Making prediction...
2025-07-23 10:13:25,759 | App.naive_bayes | INFO | Calculating posteriors...
2025-07-23 10:13:25,759 | App.naive_bayes | INFO | Posterior calculation completed
2025-07-23 10:13:25,759 | App.naive_bayes | INFO | Prediction result: Sweet
2025-07-23 10:13:25,759 | App.model | INFO | Calculating target value ratios
2025-07-23 10:13:25,760 | App.naive_bayes | INFO | Making prediction...
2025-07-23 10:13:25,760 | App.naive_bayes | INFO | Calculating posteriors...
2025-07-23 10:13:25,760 | App.naive_bayes | INFO | Posterior calculation completed
2025-07-23 10:13:25,760 | App.naive_bayes | INFO | Prediction result: Sweet
2025-07-23 10:13:25,760 | App.model | INFO | Calculating target value ratios
2025-07-23 10:13:25,760 | App.naive_bayes | INFO | Making prediction...
2025-07-23 10:13:25,760 | App.naive_bayes | INFO | Calculating posteriors...
2025-07-23 10:13:25,760 | App.naive_bayes | INFO | Posterior calculation completed
2025-07-23 10:13:25,760 | App.naive_bayes | INFO | Prediction result: Sour
2025-07-23 10:13:25,760 | App.model | INFO | Calculating target value ratios
2025-07-23 10:13:25,761 | App.naive_bayes | INFO | Making prediction...
2025-07-23 10:13:25,761 | App.naive_bayes | INFO | Calculating posteriors...
2025-07-23 10:13:25,761 | App.naive_bayes | INFO | Posterior calculation completed
2025-07-23 10:13:25,761 | App.naive_bayes | INFO | Prediction result: Sour
2025-07-23 10:13:25,761 | App.model | INFO | Calculating target value ratios
2025-07-23 10:13:25,762 | App.naive_bayes | INFO | Making prediction...
2025-07-23 10:13:25,762 | App.naive_bayes | INFO | Calculating posteriors...
2025-07-23 10:13:25,762 | App.naive_bayes | INFO | Posterior calculation completed
2025-07-23 10:13:25,762 | App.naive_bayes | INFO | Prediction result: Sweet
2025-07-23 10:13:25,762 | App.model | INFO | Calculating target value ratios
2025-07-23 10:13:25,762 | App.naive_bayes | INFO | Making prediction...
2025-07-23 10:13:25,762 | App.naive_bayes | INFO | Calculating posteriors...
2025-07-23 10:13:25,762 | App.naive_bayes | INFO | Posterior calculation completed
2025-07-23 10:13:25,762 | App.naive_bayes | INFO | Prediction result: Sweet
2025-07-23 10:13:25,763 | App.model | INFO | Calculating target value ratios
2025-07-23 10:13:25,763 | App.naive_bayes | INFO | Making prediction...
2025-07-23 10:13:25,763 | App.naive_bayes | INFO | Calculating posteriors...
2025-07-23 10:13:25,763 | App.naive_bayes | INFO | Posterior calculation completed
2025-07-23 10:13:25,763 | App.naive_bayes | INFO | Prediction result: Sour
2025-07-23 10:13:25,763 | App.model | INFO | Calculating target value ratios
2025-07-23 10:13:25,764 | App.naive_bayes | INFO | Making prediction...
2025-07-23 10:13:25,764 | App.naive_bayes | INFO | Calculating posteriors...
2025-07-23 10:13:25,764 | App.naive_bayes | INFO | Posterior calculation completed
2025-07-23 10:13:25,764 | App.naive_bayes | INFO | Prediction result: Sweet
2025-07-23 10:13:25,764 | App.model | INFO | Calculating target value ratios
2025-07-23 10:13:25,764 | App.naive_bayes | INFO | Making prediction...
2025-07-23 10:13:25,765 | App.naive_bayes | INFO | Calculating posteriors...
2025-07-23 10:13:25,765 | App.naive_bayes | INFO | Posterior calculation completed
2025-07-23 10:13:25,765 | App.naive_bayes | INFO | Prediction result: Sweet
2025-07-23 10:13:25,765 | App.model | INFO | Calculating target value ratios
2025-07-23 10:13:25,765 | App.naive_bayes | INFO | Making prediction...
2025-07-23 10:13:25,765 | App.naive_bayes | INFO | Calculating posteriors...
2025-07-23 10:13:25,765 | App.naive_bayes | INFO | Posterior calculation completed
2025-07-23 10:13:25,765 | App.naive_bayes | INFO | Prediction result: Sweet
2025-07-23 10:13:25,765 | App.model | INFO | Calculating target value ratios
2025-07-23 10:13:25,766 | App.naive_bayes | INFO | Making prediction...
2025-07-23 10:13:25,766 | App.naive_bayes | INFO | Calculating posteriors...
2025-07-23 10:13:25,766 | App.naive_bayes | INFO | Posterior calculation completed
2025-07-23 10:13:25,766 | App.naive_bayes | INFO | Prediction result: Sour
2025-07-23 10:13:25,766 | App.model | INFO | Calculating target value ratios
2025-07-23 10:13:25,766 | App.naive_bayes | INFO | Making prediction...
2025-07-23 10:13:25,766 | App.naive_bayes | INFO | Calculating posteriors...
2025-07-23 10:13:25,766 | App.naive_bayes | INFO | Posterior calculation completed
2025-07-23 10:13:25,766 | App.naive_bayes | INFO | Prediction result: Sweet
2025-07-23 10:13:25,767 | App.model | INFO | Calculating target value ratios
2025-07-23 10:13:25,767 | App.naive_bayes | INFO | Making prediction...
2025-07-23 10:13:25,767 | App.naive_bayes | INFO | Calculating posteriors...
2025-07-23 10:13:25,767 | App.naive_bayes | INFO | Posterior calculation completed
2025-07-23 10:13:25,767 | App.naive_bayes | INFO | Prediction result: Sour
2025-07-23 10:13:25,767 | App.model | INFO | Calculating target value ratios
2025-07-23 10:13:25,768 | App.naive_bayes | INFO | Making prediction...
2025-07-23 10:13:25,768 | App.naive_bayes | INFO | Calculating posteriors...
2025-07-23 10:13:25,768 | App.naive_bayes | INFO | Posterior calculation completed
2025-07-23 10:13:25,768 | App.naive_bayes | INFO | Prediction result: Sweet
2025-07-23 10:13:25,768 | App.model | INFO | Calculating target value ratios
2025-07-23 10:13:25,768 | App.naive_bayes | INFO | Making prediction...
2025-07-23 10:13:25,768 | App.naive_bayes | INFO | Calculating posteriors...
2025-07-23 10:13:25,768 | App.naive_bayes | INFO | Posterior calculation completed
2025-07-23 10:13:25,768 | App.naive_bayes | INFO | Prediction result: Sour
2025-07-23 10:13:25,768 | App.model | INFO | Calculating target value ratios
2025-07-23 10:13:25,769 | App.naive_bayes | INFO | Making prediction...
2025-07-23 10:13:25,769 | App.naive_bayes | INFO | Calculating posteriors...
2025-07-23 10:13:25,769 | App.naive_bayes | INFO | Posterior calculation completed
2025-07-23 10:13:25,769 | App.naive_bayes | INFO | Prediction result: Sweet
2025-07-23 10:13:25,769 | App.model | INFO | Calculating target value ratios
2025-07-23 10:13:25,769 | App.naive_bayes | INFO | Making prediction...
2025-07-23 10:13:25,770 | App.naive_bayes | INFO | Calculating posteriors...
2025-07-23 10:13:25,770 | App.naive_bayes | INFO | Posterior calculation completed
2025-07-23 10:13:25,770 | App.naive_bayes | INFO | Prediction result: Sweet
2025-07-23 10:13:25,770 | App.model | INFO | Calculating target value ratios
2025-07-23 10:13:25,770 | App.naive_bayes | INFO | Making prediction...
2025-07-23 10:13:25,770 | App.naive_bayes | INFO | Calculating posteriors...
2025-07-23 10:13:25,770 | App.naive_bayes | INFO | Posterior calculation completed
2025-07-23 10:13:25,770 | App.naive_bayes | INFO | Prediction result: Sour
2025-07-23 10:13:25,770 | App.model | INFO | Calculating target value ratios
2025-07-23 10:13:25,771 | App.naive_bayes | INFO | Making prediction...
2025-07-23 10:13:25,771 | App.naive_bayes | INFO | Calculating posteriors...
2025-07-23 10:13:25,771 | App.naive_bayes | INFO | Posterior calculation completed
2025-07-23 10:13:25,771 | App.naive_bayes | INFO | Prediction result: Sweet
2025-07-23 10:13:25,771 | App.model | INFO | Calculating target value ratios
2025-07-23 10:13:25,771 | App.naive_bayes | INFO | Making prediction...
2025-07-23 10:13:25,771 | App.naive_bayes | INFO | Calculating posteriors...
2025-07-23 10:13:25,771 | App.naive_bayes | INFO | Posterior calculation completed
2025-07-23 10:13:25,772 | App.naive_bayes | INFO | Prediction result: Sour
2025-07-23 10:13:25,772 | App.model | INFO | Calculating target value ratios
2025-07-23 10:13:25,772 | App.naive_bayes | INFO | Making prediction...
2025-07-23 10:13:25,772 | App.naive_bayes | INFO | Calculating posteriors...
2025-07-23 10:13:25,772 | App.naive_bayes | INFO | Posterior calculation completed
2025-07-23 10:13:25,772 | App.naive_bayes | INFO | Prediction result: Sour
2025-07-23 10:13:25,772 | App.model | INFO | Calculating target value ratios
2025-07-23 10:13:25,773 | App.naive_bayes | INFO | Making prediction...
2025-07-23 10:13:25,773 | App.naive_bayes | INFO | Calculating posteriors...
2025-07-23 10:13:25,773 | App.naive_bayes | INFO | Posterior calculation completed
2025-07-23 10:13:25,773 | App.naive_bayes | INFO | Prediction result: Sweet
2025-07-23 10:13:25,773 | App.model | INFO | Calculating target value ratios
2025-07-23 10:13:25,773 | App.naive_bayes | INFO | Making prediction...
2025-07-23 10:13:25,773 | App.naive_bayes | INFO | Calculating posteriors...
2025-07-23 10:13:25,773 | App.naive_bayes | INFO | Posterior calculation completed
2025-07-23 10:13:25,773 | App.naive_bayes | INFO | Prediction result: Salty
2025-07-23 10:13:25,773 | App.model | INFO | Calculating target value ratios
2025-07-23 10:13:25,774 | App.naive_bayes | INFO | Making prediction...
2025-07-23 10:13:25,774 | App.naive_bayes | INFO | Calculating posteriors...
2025-07-23 10:13:25,774 | App.naive_bayes | INFO | Posterior calculation completed
2025-07-23 10:13:25,774 | App.naive_bayes | INFO | Prediction result: Sour
2025-07-23 10:13:25,774 | App.model | INFO | Calculating target value ratios
2025-07-23 10:13:25,775 | App.naive_bayes | INFO | Making prediction...
2025-07-23 10:13:25,775 | App.naive_bayes | INFO | Calculating posteriors...
2025-07-23 10:13:25,775 | App.naive_bayes | INFO | Posterior calculation completed
2025-07-23 10:13:25,775 | App.naive_bayes | INFO | Prediction result: Sour
2025-07-23 10:13:25,775 | App.model | INFO | Calculating target value ratios
2025-07-23 10:13:25,775 | App.naive_bayes | INFO | Making prediction...
2025-07-23 10:13:25,775 | App.naive_bayes | INFO | Calculating posteriors...
2025-07-23 10:13:25,775 | App.naive_bayes | INFO | Posterior calculation completed
2025-07-23 10:13:25,775 | App.naive_bayes | INFO | Prediction result: Sour
2025-07-23 10:13:25,775 | App.model | INFO | Calculating target value ratios
2025-07-23 10:13:25,776 | App.naive_bayes | INFO | Making prediction...
2025-07-23 10:13:25,776 | App.naive_bayes | INFO | Calculating posteriors...
2025-07-23 10:13:25,776 | App.naive_bayes | INFO | Posterior calculation completed
2025-07-23 10:13:25,776 | App.naive_bayes | INFO | Prediction result: Salty
2025-07-23 10:13:25,776 | App.model | INFO | Calculating target value ratios
2025-07-23 10:13:25,776 | App.naive_bayes | INFO | Making prediction...
2025-07-23 10:13:25,776 | App.naive_bayes | INFO | Calculating posteriors...
2025-07-23 10:13:25,776 | App.naive_bayes | INFO | Posterior calculation completed
2025-07-23 10:13:25,777 | App.naive_bayes | INFO | Prediction result: Salty
2025-07-23 10:13:25,777 | App.model | INFO | Calculating target value ratios
2025-07-23 10:13:25,777 | App.naive_bayes | INFO | Making prediction...
2025-07-23 10:13:25,777 | App.naive_bayes | INFO | Calculating posteriors...
2025-07-23 10:13:25,777 | App.naive_bayes | INFO | Posterior calculation completed
2025-07-23 10:13:25,777 | App.naive_bayes | INFO | Prediction result: Sour
2025-07-23 10:13:25,777 | App.model | INFO | Calculating target value ratios
2025-07-23 10:13:25,778 | App.naive_bayes | INFO | Making prediction...
2025-07-23 10:13:25,778 | App.naive_bayes | INFO | Calculating posteriors...
2025-07-23 10:13:25,778 | App.naive_bayes | INFO | Posterior calculation completed
2025-07-23 10:13:25,778 | App.naive_bayes | INFO | Prediction result: Sweet
2025-07-23 10:13:25,778 | App.model | INFO | Calculating target value ratios
2025-07-23 10:13:25,778 | App.naive_bayes | INFO | Making prediction...
2025-07-23 10:13:25,778 | App.naive_bayes | INFO | Calculating posteriors...
2025-07-23 10:13:25,778 | App.naive_bayes | INFO | Posterior calculation completed
2025-07-23 10:13:25,778 | App.naive_bayes | INFO | Prediction result: Sweet
2025-07-23 10:13:25,779 | App.model | INFO | Calculating target value ratios
2025-07-23 10:13:25,779 | App.naive_bayes | INFO | Making prediction...
2025-07-23 10:13:25,779 | App.naive_bayes | INFO | Calculating posteriors...
2025-07-23 10:13:25,779 | App.naive_bayes | INFO | Posterior calculation completed
2025-07-23 10:13:25,779 | App.naive_bayes | INFO | Prediction result: Sweet
2025-07-23 10:13:25,779 | App.model | INFO | Calculating target value ratios
2025-07-23 10:13:25,780 | App.naive_bayes | INFO | Making prediction...
2025-07-23 10:13:25,780 | App.naive_bayes | INFO | Calculating posteriors...
2025-07-23 10:13:25,780 | App.naive_bayes | INFO | Posterior calculation completed
2025-07-23 10:13:25,780 | App.naive_bayes | INFO | Prediction result: Sweet
2025-07-23 10:13:25,780 | App.model | INFO | Calculating target value ratios
2025-07-23 10:13:25,780 | App.naive_bayes | INFO | Making prediction...
2025-07-23 10:13:25,780 | App.naive_bayes | INFO | Calculating posteriors...
2025-07-23 10:13:25,780 | App.naive_bayes | INFO | Posterior calculation completed
2025-07-23 10:13:25,780 | App.naive_bayes | INFO | Prediction result: Sour
2025-07-23 10:13:25,780 | App.model | INFO | Calculating target value ratios
2025-07-23 10:13:25,781 | App.naive_bayes | INFO | Making prediction...
2025-07-23 10:13:25,781 | App.naive_bayes | INFO | Calculating posteriors...
2025-07-23 10:13:25,781 | App.naive_bayes | INFO | Posterior calculation completed
2025-07-23 10:13:25,781 | App.naive_bayes | INFO | Prediction result: Salty
2025-07-23 10:13:25,781 | App.model | INFO | Calculating target value ratios
2025-07-23 10:13:25,782 | App.naive_bayes | INFO | Making prediction...
2025-07-23 10:13:25,782 | App.naive_bayes | INFO | Calculating posteriors...
2025-07-23 10:13:25,782 | App.naive_bayes | INFO | Posterior calculation completed
2025-07-23 10:13:25,782 | App.naive_bayes | INFO | Prediction result: Sweet
2025-07-23 10:13:25,782 | App.model | INFO | Calculating target value ratios
2025-07-23 10:13:25,782 | App.naive_bayes | INFO | Making prediction...
2025-07-23 10:13:25,782 | App.naive_bayes | INFO | Calculating posteriors...
2025-07-23 10:13:25,782 | App.naive_bayes | INFO | Posterior calculation completed
2025-07-23 10:13:25,782 | App.naive_bayes | INFO | Prediction result: Salty
2025-07-23 10:13:25,782 | App.model | INFO | Calculating target value ratios
2025-07-23 10:13:25,783 | App.naive_bayes | INFO | Making prediction...
2025-07-23 10:13:25,783 | App.naive_bayes | INFO | Calculating posteriors...
2025-07-23 10:13:25,783 | App.naive_bayes | INFO | Posterior calculation completed
2025-07-23 10:13:25,783 | App.naive_bayes | INFO | Prediction result: Sweet
2025-07-23 10:13:25,783 | App.model | INFO | Calculating target value ratios
2025-07-23 10:13:25,783 | App.naive_bayes | INFO | Making prediction...
2025-07-23 10:13:25,783 | App.naive_bayes | INFO | Calculating posteriors...
2025-07-23 10:13:25,784 | App.naive_bayes | INFO | Posterior calculation completed
2025-07-23 10:13:25,784 | App.naive_bayes | INFO | Prediction result: Sour
2025-07-23 10:13:25,784 | App.model | INFO | Calculating target value ratios
2025-07-23 10:13:25,784 | App.naive_bayes | INFO | Making prediction...
2025-07-23 10:13:25,784 | App.naive_bayes | INFO | Calculating posteriors...
2025-07-23 10:13:25,784 | App.naive_bayes | INFO | Posterior calculation completed
2025-07-23 10:13:25,784 | App.naive_bayes | INFO | Prediction result: Salty
2025-07-23 10:13:25,784 | App.model | INFO | Calculating target value ratios
2025-07-23 10:13:25,785 | App.naive_bayes | INFO | Making prediction...
2025-07-23 10:13:25,785 | App.naive_bayes | INFO | Calculating posteriors...
2025-07-23 10:13:25,785 | App.naive_bayes | INFO | Posterior calculation completed
2025-07-23 10:13:25,785 | App.naive_bayes | INFO | Prediction result: Sweet
2025-07-23 10:13:25,785 | App.model | INFO | Calculating target value ratios
2025-07-23 10:13:25,785 | App.naive_bayes | INFO | Making prediction...
2025-07-23 10:13:25,785 | App.naive_bayes | INFO | Calculating posteriors...
2025-07-23 10:13:25,785 | App.naive_bayes | INFO | Posterior calculation completed
2025-07-23 10:13:25,785 | App.naive_bayes | INFO | Prediction result: Sweet
2025-07-23 10:13:25,785 | App.model | INFO | Calculating target value ratios
2025-07-23 10:13:25,786 | App.naive_bayes | INFO | Making prediction...
2025-07-23 10:13:25,786 | App.naive_bayes | INFO | Calculating posteriors...
2025-07-23 10:13:25,786 | App.naive_bayes | INFO | Posterior calculation completed
2025-07-23 10:13:25,786 | App.naive_bayes | INFO | Prediction result: Sour
2025-07-23 10:13:25,786 | App.model | INFO | Calculating target value ratios
2025-07-23 10:13:25,787 | App.naive_bayes | INFO | Making prediction...
2025-07-23 10:13:25,787 | App.naive_bayes | INFO | Calculating posteriors...
2025-07-23 10:13:25,787 | App.naive_bayes | INFO | Posterior calculation completed
2025-07-23 10:13:25,787 | App.naive_bayes | INFO | Prediction result: Sweet
2025-07-23 10:13:25,787 | App.model | INFO | Calculating target value ratios
2025-07-23 10:13:25,787 | App.naive_bayes | INFO | Making prediction...
2025-07-23 10:13:25,787 | App.naive_bayes | INFO | Calculating posteriors...
2025-07-23 10:13:25,787 | App.naive_bayes | INFO | Posterior calculation completed
2025-07-23 10:13:25,787 | App.naive_bayes | INFO | Prediction result: Sweet
2025-07-23 10:13:25,787 | App.model | INFO | Calculating target value ratios
2025-07-23 10:13:25,788 | App.naive_bayes | INFO | Making prediction...
2025-07-23 10:13:25,788 | App.naive_bayes | INFO | Calculating posteriors...
2025-07-23 10:13:25,788 | App.naive_bayes | INFO | Posterior calculation completed
2025-07-23 10:13:25,788 | App.naive_bayes | INFO | Prediction result: Sour
2025-07-23 10:13:25,788 | App.model | INFO | Calculating target value ratios
2025-07-23 10:13:25,788 | App.naive_bayes | INFO | Making prediction...
2025-07-23 10:13:25,788 | App.naive_bayes | INFO | Calculating posteriors...
2025-07-23 10:13:25,789 | App.naive_bayes | INFO | Posterior calculation completed
2025-07-23 10:13:25,789 | App.naive_bayes | INFO | Prediction result: Salty
2025-07-23 10:13:25,789 | App.model | INFO | Calculating target value ratios
2025-07-23 10:13:25,789 | App.naive_bayes | INFO | Making prediction...
2025-07-23 10:13:25,789 | App.naive_bayes | INFO | Calculating posteriors...
2025-07-23 10:13:25,789 | App.naive_bayes | INFO | Posterior calculation completed
2025-07-23 10:13:25,789 | App.naive_bayes | INFO | Prediction result: Salty
2025-07-23 10:13:25,789 | App.model | INFO | Calculating target value ratios
2025-07-23 10:13:25,790 | App.naive_bayes | INFO | Making prediction...
2025-07-23 10:13:25,790 | App.naive_bayes | INFO | Calculating posteriors...
2025-07-23 10:13:25,790 | App.naive_bayes | INFO | Posterior calculation completed
2025-07-23 10:13:25,790 | App.naive_bayes | INFO | Prediction result: Sour
2025-07-23 10:13:25,790 | App.model | INFO | Calculating target value ratios
2025-07-23 10:13:25,790 | App.naive_bayes | INFO | Making prediction...
2025-07-23 10:13:25,790 | App.naive_bayes | INFO | Calculating posteriors...
2025-07-23 10:13:25,790 | App.naive_bayes | INFO | Posterior calculation completed
2025-07-23 10:13:25,790 | App.naive_bayes | INFO | Prediction result: Sour
2025-07-23 10:13:25,791 | App.model | INFO | Calculating target value ratios
2025-07-23 10:13:25,791 | App.naive_bayes | INFO | Making prediction...
2025-07-23 10:13:25,791 | App.naive_bayes | INFO | Calculating posteriors...
2025-07-23 10:13:25,791 | App.naive_bayes | INFO | Posterior calculation completed
2025-07-23 10:13:25,791 | App.naive_bayes | INFO | Prediction result: Sour
2025-07-23 10:13:25,791 | App.model | INFO | Calculating target value ratios
2025-07-23 10:13:25,792 | App.naive_bayes | INFO | Making prediction...
2025-07-23 10:13:25,792 | App.naive_bayes | INFO | Calculating posteriors...
2025-07-23 10:13:25,792 | App.naive_bayes | INFO | Posterior calculation completed
2025-07-23 10:13:25,792 | App.naive_bayes | INFO | Prediction result: Sweet
2025-07-23 10:13:25,792 | App.model | INFO | Calculating target value ratios
2025-07-23 10:13:25,792 | App.naive_bayes | INFO | Making prediction...
2025-07-23 10:13:25,792 | App.naive_bayes | INFO | Calculating posteriors...
2025-07-23 10:13:25,792 | App.naive_bayes | INFO | Posterior calculation completed
2025-07-23 10:13:25,792 | App.naive_bayes | INFO | Prediction result: Sour
2025-07-23 10:13:25,792 | App.model | INFO | Calculating target value ratios
2025-07-23 10:13:25,793 | App.naive_bayes | INFO | Making prediction...
2025-07-23 10:13:25,793 | App.naive_bayes | INFO | Calculating posteriors...
2025-07-23 10:13:25,793 | App.naive_bayes | INFO | Posterior calculation completed
2025-07-23 10:13:25,793 | App.naive_bayes | INFO | Prediction result: Sour
2025-07-23 10:13:25,793 | App.model | INFO | Calculating target value ratios
2025-07-23 10:13:25,793 | App.naive_bayes | INFO | Making prediction...
2025-07-23 10:13:25,794 | App.naive_bayes | INFO | Calculating posteriors...
2025-07-23 10:13:25,794 | App.naive_bayes | INFO | Posterior calculation completed
2025-07-23 10:13:25,794 | App.naive_bayes | INFO | Prediction result: Sour
2025-07-23 10:13:25,794 | App.model | INFO | Calculating target value ratios
2025-07-23 10:13:25,795 | App.naive_bayes | INFO | Making prediction...
2025-07-23 10:13:25,795 | App.naive_bayes | INFO | Calculating posteriors...
2025-07-23 10:13:25,795 | App.naive_bayes | INFO | Posterior calculation completed
2025-07-23 10:13:25,795 | App.naive_bayes | INFO | Prediction result: Sour
2025-07-23 10:13:25,795 | App.model | INFO | Calculating target value ratios
2025-07-23 10:13:25,795 | App.naive_bayes | INFO | Making prediction...
2025-07-23 10:13:25,795 | App.naive_bayes | INFO | Calculating posteriors...
2025-07-23 10:13:25,795 | App.naive_bayes | INFO | Posterior calculation completed
2025-07-23 10:13:25,795 | App.naive_bayes | INFO | Prediction result: Salty
2025-07-23 10:13:25,795 | App.model | INFO | Calculating target value ratios
2025-07-23 10:13:25,796 | App.naive_bayes | INFO | Making prediction...
2025-07-23 10:13:25,796 | App.naive_bayes | INFO | Calculating posteriors...
2025-07-23 10:13:25,796 | App.naive_bayes | INFO | Posterior calculation completed
2025-07-23 10:13:25,796 | App.naive_bayes | INFO | Prediction result: Sweet
2025-07-23 10:13:25,796 | App.model | INFO | Calculating target value ratios
2025-07-23 10:13:25,796 | App.naive_bayes | INFO | Making prediction...
2025-07-23 10:13:25,797 | App.naive_bayes | INFO | Calculating posteriors...
2025-07-23 10:13:25,797 | App.naive_bayes | INFO | Posterior calculation completed
2025-07-23 10:13:25,797 | App.naive_bayes | INFO | Prediction result: Sweet
2025-07-23 10:13:25,797 | App.model | INFO | Calculating target value ratios
2025-07-23 10:13:25,797 | App.naive_bayes | INFO | Making prediction...
2025-07-23 10:13:25,797 | App.naive_bayes | INFO | Calculating posteriors...
2025-07-23 10:13:25,797 | App.naive_bayes | INFO | Posterior calculation completed
2025-07-23 10:13:25,797 | App.naive_bayes | INFO | Prediction result: Sour
2025-07-23 10:13:25,797 | App.model | INFO | Calculating target value ratios
2025-07-23 10:13:25,798 | App.naive_bayes | INFO | Making prediction...
2025-07-23 10:13:25,798 | App.naive_bayes | INFO | Calculating posteriors...
2025-07-23 10:13:25,798 | App.naive_bayes | INFO | Posterior calculation completed
2025-07-23 10:13:25,798 | App.naive_bayes | INFO | Prediction result: Sour
2025-07-23 10:13:25,798 | App.model | INFO | Calculating target value ratios
2025-07-23 10:13:25,799 | App.naive_bayes | INFO | Making prediction...
2025-07-23 10:13:25,799 | App.naive_bayes | INFO | Calculating posteriors...
2025-07-23 10:13:25,799 | App.naive_bayes | INFO | Posterior calculation completed
2025-07-23 10:13:25,799 | App.naive_bayes | INFO | Prediction result: Sweet
2025-07-23 10:13:25,799 | App.model | INFO | Calculating target value ratios
2025-07-23 10:13:25,799 | App.naive_bayes | INFO | Making prediction...
2025-07-23 10:13:25,799 | App.naive_bayes | INFO | Calculating posteriors...
2025-07-23 10:13:25,799 | App.naive_bayes | INFO | Posterior calculation completed
2025-07-23 10:13:25,799 | App.naive_bayes | INFO | Prediction result: Salty
2025-07-23 10:13:25,799 | App.model | INFO | Calculating target value ratios
2025-07-23 10:13:25,800 | App.naive_bayes | INFO | Making prediction...
2025-07-23 10:13:25,800 | App.naive_bayes | INFO | Calculating posteriors...
2025-07-23 10:13:25,800 | App.naive_bayes | INFO | Posterior calculation completed
2025-07-23 10:13:25,800 | App.naive_bayes | INFO | Prediction result: Sour
2025-07-23 10:13:25,800 | App.model | INFO | Calculating target value ratios
2025-07-23 10:13:25,800 | App.naive_bayes | INFO | Making prediction...
2025-07-23 10:13:25,801 | App.naive_bayes | INFO | Calculating posteriors...
2025-07-23 10:13:25,801 | App.naive_bayes | INFO | Posterior calculation completed
2025-07-23 10:13:25,801 | App.naive_bayes | INFO | Prediction result: Sweet
2025-07-23 10:13:25,801 | App.model | INFO | Calculating target value ratios
2025-07-23 10:13:25,801 | App.naive_bayes | INFO | Making prediction...
2025-07-23 10:13:25,801 | App.naive_bayes | INFO | Calculating posteriors...
2025-07-23 10:13:25,801 | App.naive_bayes | INFO | Posterior calculation completed
2025-07-23 10:13:25,801 | App.naive_bayes | INFO | Prediction result: Sweet
2025-07-23 10:13:25,801 | App.model | INFO | Calculating target value ratios
2025-07-23 10:13:25,802 | App.naive_bayes | INFO | Making prediction...
2025-07-23 10:13:25,802 | App.naive_bayes | INFO | Calculating posteriors...
2025-07-23 10:13:25,802 | App.naive_bayes | INFO | Posterior calculation completed
2025-07-23 10:13:25,802 | App.naive_bayes | INFO | Prediction result: Sweet
2025-07-23 10:13:25,802 | App.model | INFO | Calculating target value ratios
2025-07-23 10:13:25,803 | App.naive_bayes | INFO | Making prediction...
2025-07-23 10:13:25,803 | App.naive_bayes | INFO | Calculating posteriors...
2025-07-23 10:13:25,803 | App.naive_bayes | INFO | Posterior calculation completed
2025-07-23 10:13:25,803 | App.naive_bayes | INFO | Prediction result: Sweet
2025-07-23 10:13:25,803 | App.model | INFO | Calculating target value ratios
2025-07-23 10:13:25,804 | App.naive_bayes | INFO | Making prediction...
2025-07-23 10:13:25,804 | App.naive_bayes | INFO | Calculating posteriors...
2025-07-23 10:13:25,804 | App.naive_bayes | INFO | Posterior calculation completed
2025-07-23 10:13:25,804 | App.naive_bayes | INFO | Prediction result: Sweet
2025-07-23 10:13:25,804 | App.model | INFO | Calculating target value ratios
2025-07-23 10:13:25,805 | App.naive_bayes | INFO | Making prediction...
2025-07-23 10:13:25,805 | App.naive_bayes | INFO | Calculating posteriors...
2025-07-23 10:13:25,805 | App.naive_bayes | INFO | Posterior calculation completed
2025-07-23 10:13:25,805 | App.naive_bayes | INFO | Prediction result: Sour
2025-07-23 10:13:25,805 | App.model | INFO | Calculating target value ratios
2025-07-23 10:13:25,805 | App.naive_bayes | INFO | Making prediction...
2025-07-23 10:13:25,805 | App.naive_bayes | INFO | Calculating posteriors...
2025-07-23 10:13:25,806 | App.naive_bayes | INFO | Posterior calculation completed
2025-07-23 10:13:25,806 | App.naive_bayes | INFO | Prediction result: Salty
2025-07-23 10:13:25,806 | App.model | INFO | Calculating target value ratios
2025-07-23 10:13:25,806 | App.naive_bayes | INFO | Making prediction...
2025-07-23 10:13:25,806 | App.naive_bayes | INFO | Calculating posteriors...
2025-07-23 10:13:25,806 | App.naive_bayes | INFO | Posterior calculation completed
2025-07-23 10:13:25,806 | App.naive_bayes | INFO | Prediction result: Salty
2025-07-23 10:13:25,806 | App.model | INFO | Calculating target value ratios
2025-07-23 10:13:25,807 | App.naive_bayes | INFO | Making prediction...
2025-07-23 10:13:25,807 | App.naive_bayes | INFO | Calculating posteriors...
2025-07-23 10:13:25,807 | App.naive_bayes | INFO | Posterior calculation completed
2025-07-23 10:13:25,807 | App.naive_bayes | INFO | Prediction result: Sour
2025-07-23 10:13:25,807 | App.model | INFO | Calculating target value ratios
2025-07-23 10:13:25,807 | App.naive_bayes | INFO | Making prediction...
2025-07-23 10:13:25,808 | App.naive_bayes | INFO | Calculating posteriors...
2025-07-23 10:13:25,808 | App.naive_bayes | INFO | Posterior calculation completed
2025-07-23 10:13:25,808 | App.naive_bayes | INFO | Prediction result: Salty
2025-07-23 10:13:25,808 | App.model | INFO | Calculating target value ratios
2025-07-23 10:13:25,808 | App.naive_bayes | INFO | Making prediction...
2025-07-23 10:13:25,808 | App.naive_bayes | INFO | Calculating posteriors...
2025-07-23 10:13:25,808 | App.naive_bayes | INFO | Posterior calculation completed
2025-07-23 10:13:25,808 | App.naive_bayes | INFO | Prediction result: Sweet
2025-07-23 10:13:25,808 | App.model | INFO | Calculating target value ratios
2025-07-23 10:13:25,809 | App.naive_bayes | INFO | Making prediction...
2025-07-23 10:13:25,809 | App.naive_bayes | INFO | Calculating posteriors...
2025-07-23 10:13:25,809 | App.naive_bayes | INFO | Posterior calculation completed
2025-07-23 10:13:25,809 | App.naive_bayes | INFO | Prediction result: Sour
2025-07-23 10:13:25,809 | App.model | INFO | Calculating target value ratios
2025-07-23 10:13:25,810 | App.naive_bayes | INFO | Making prediction...
2025-07-23 10:13:25,810 | App.naive_bayes | INFO | Calculating posteriors...
2025-07-23 10:13:25,810 | App.naive_bayes | INFO | Posterior calculation completed
2025-07-23 10:13:25,810 | App.naive_bayes | INFO | Prediction result: Sour
2025-07-23 10:13:25,810 | App.model | INFO | Calculating target value ratios
2025-07-23 10:13:25,810 | App.naive_bayes | INFO | Making prediction...
2025-07-23 10:13:25,810 | App.naive_bayes | INFO | Calculating posteriors...
2025-07-23 10:13:25,810 | App.naive_bayes | INFO | Posterior calculation completed
2025-07-23 10:13:25,810 | App.naive_bayes | INFO | Prediction result: Sweet
2025-07-23 10:13:25,810 | App.model | INFO | Calculating target value ratios
2025-07-23 10:13:25,811 | App.naive_bayes | INFO | Making prediction...
2025-07-23 10:13:25,811 | App.naive_bayes | INFO | Calculating posteriors...
2025-07-23 10:13:25,811 | App.naive_bayes | INFO | Posterior calculation completed
2025-07-23 10:13:25,811 | App.naive_bayes | INFO | Prediction result: Salty
2025-07-23 10:13:25,811 | App.model | INFO | Calculating target value ratios
2025-07-23 10:13:25,811 | App.naive_bayes | INFO | Making prediction...
2025-07-23 10:13:25,812 | App.naive_bayes | INFO | Calculating posteriors...
2025-07-23 10:13:25,812 | App.naive_bayes | INFO | Posterior calculation completed
2025-07-23 10:13:25,812 | App.naive_bayes | INFO | Prediction result: Sour
2025-07-23 10:13:25,812 | App.model | INFO | Calculating target value ratios
2025-07-23 10:13:25,812 | App.naive_bayes | INFO | Making prediction...
2025-07-23 10:13:25,812 | App.naive_bayes | INFO | Calculating posteriors...
2025-07-23 10:13:25,812 | App.naive_bayes | INFO | Posterior calculation completed
2025-07-23 10:13:25,812 | App.naive_bayes | INFO | Prediction result: Salty
2025-07-23 10:13:25,812 | App.model | INFO | Calculating target value ratios
2025-07-23 10:13:25,813 | App.naive_bayes | INFO | Making prediction...
2025-07-23 10:13:25,813 | App.naive_bayes | INFO | Calculating posteriors...
2025-07-23 10:13:25,813 | App.naive_bayes | INFO | Posterior calculation completed
2025-07-23 10:13:25,813 | App.naive_bayes | INFO | Prediction result: Sour
2025-07-23 10:13:25,813 | App.model | INFO | Calculating target value ratios
2025-07-23 10:13:25,813 | App.naive_bayes | INFO | Making prediction...
2025-07-23 10:13:25,813 | App.naive_bayes | INFO | Calculating posteriors...
2025-07-23 10:13:25,814 | App.naive_bayes | INFO | Posterior calculation completed
2025-07-23 10:13:25,814 | App.naive_bayes | INFO | Prediction result: Sweet
2025-07-23 10:13:25,814 | App.model | INFO | Calculating target value ratios
2025-07-23 10:13:25,814 | App.naive_bayes | INFO | Making prediction...
2025-07-23 10:13:25,814 | App.naive_bayes | INFO | Calculating posteriors...
2025-07-23 10:13:25,814 | App.naive_bayes | INFO | Posterior calculation completed
2025-07-23 10:13:25,814 | App.naive_bayes | INFO | Prediction result: Sour
2025-07-23 10:13:25,814 | App.model | INFO | Calculating target value ratios
2025-07-23 10:13:25,815 | App.naive_bayes | INFO | Making prediction...
2025-07-23 10:13:25,815 | App.naive_bayes | INFO | Calculating posteriors...
2025-07-23 10:13:25,815 | App.naive_bayes | INFO | Posterior calculation completed
2025-07-23 10:13:25,815 | App.naive_bayes | INFO | Prediction result: Sour
2025-07-23 10:13:25,815 | App.model | INFO | Calculating target value ratios
2025-07-23 10:13:25,815 | App.naive_bayes | INFO | Making prediction...
2025-07-23 10:13:25,815 | App.naive_bayes | INFO | Calculating posteriors...
2025-07-23 10:13:25,815 | App.naive_bayes | INFO | Posterior calculation completed
2025-07-23 10:13:25,815 | App.naive_bayes | INFO | Prediction result: Sour
2025-07-23 10:13:25,815 | App.model | INFO | Calculating target value ratios
2025-07-23 10:13:25,816 | App.naive_bayes | INFO | Making prediction...
2025-07-23 10:13:25,816 | App.naive_bayes | INFO | Calculating posteriors...
2025-07-23 10:13:25,816 | App.naive_bayes | INFO | Posterior calculation completed
2025-07-23 10:13:25,816 | App.naive_bayes | INFO | Prediction result: Sweet
2025-07-23 10:13:25,816 | App.model | INFO | Calculating target value ratios
2025-07-23 10:13:25,817 | App.naive_bayes | INFO | Making prediction...
2025-07-23 10:13:25,817 | App.naive_bayes | INFO | Calculating posteriors...
2025-07-23 10:13:25,817 | App.naive_bayes | INFO | Posterior calculation completed
2025-07-23 10:13:25,817 | App.naive_bayes | INFO | Prediction result: Sour
2025-07-23 10:13:25,817 | App.model | INFO | Calculating target value ratios
2025-07-23 10:13:25,817 | App.naive_bayes | INFO | Making prediction...
2025-07-23 10:13:25,817 | App.naive_bayes | INFO | Calculating posteriors...
2025-07-23 10:13:25,817 | App.naive_bayes | INFO | Posterior calculation completed
2025-07-23 10:13:25,817 | App.naive_bayes | INFO | Prediction result: Sour
2025-07-23 10:13:25,817 | App.model | INFO | Calculating target value ratios
2025-07-23 10:13:25,818 | App.naive_bayes | INFO | Making prediction...
2025-07-23 10:13:25,818 | App.naive_bayes | INFO | Calculating posteriors...
2025-07-23 10:13:25,818 | App.naive_bayes | INFO | Posterior calculation completed
2025-07-23 10:13:25,818 | App.naive_bayes | INFO | Prediction result: Sour
2025-07-23 10:13:25,818 | App.model | INFO | Calculating target value ratios
2025-07-23 10:13:25,819 | App.naive_bayes | INFO | Making prediction...
2025-07-23 10:13:25,819 | App.naive_bayes | INFO | Calculating posteriors...
2025-07-23 10:13:25,819 | App.naive_bayes | INFO | Posterior calculation completed
2025-07-23 10:13:25,819 | App.naive_bayes | INFO | Prediction result: Salty
2025-07-23 10:13:25,819 | App.model | INFO | Calculating target value ratios
2025-07-23 10:13:25,819 | App.naive_bayes | INFO | Making prediction...
2025-07-23 10:13:25,819 | App.naive_bayes | INFO | Calculating posteriors...
2025-07-23 10:13:25,819 | App.naive_bayes | INFO | Posterior calculation completed
2025-07-23 10:13:25,819 | App.naive_bayes | INFO | Prediction result: Sour
2025-07-23 10:13:25,819 | App.model | INFO | Calculating target value ratios
2025-07-23 10:13:25,820 | App.naive_bayes | INFO | Making prediction...
2025-07-23 10:13:25,820 | App.naive_bayes | INFO | Calculating posteriors...
2025-07-23 10:13:25,820 | App.naive_bayes | INFO | Posterior calculation completed
2025-07-23 10:13:25,820 | App.naive_bayes | INFO | Prediction result: Salty
2025-07-23 10:13:25,820 | App.model | INFO | Calculating target value ratios
2025-07-23 10:13:25,820 | App.naive_bayes | INFO | Making prediction...
2025-07-23 10:13:25,820 | App.naive_bayes | INFO | Calculating posteriors...
2025-07-23 10:13:25,820 | App.naive_bayes | INFO | Posterior calculation completed
2025-07-23 10:13:25,821 | App.naive_bayes | INFO | Prediction result: Spicy
2025-07-23 10:13:25,821 | App.model | INFO | Calculating target value ratios
2025-07-23 10:13:25,821 | App.naive_bayes | INFO | Making prediction...
2025-07-23 10:13:25,821 | App.naive_bayes | INFO | Calculating posteriors...
2025-07-23 10:13:25,821 | App.naive_bayes | INFO | Posterior calculation completed
2025-07-23 10:13:25,821 | App.naive_bayes | INFO | Prediction result: Sweet
2025-07-23 10:13:25,821 | App.model | INFO | Calculating target value ratios
2025-07-23 10:13:25,822 | App.naive_bayes | INFO | Making prediction...
2025-07-23 10:13:25,822 | App.naive_bayes | INFO | Calculating posteriors...
2025-07-23 10:13:25,822 | App.naive_bayes | INFO | Posterior calculation completed
2025-07-23 10:13:25,822 | App.naive_bayes | INFO | Prediction result: Sweet
2025-07-23 10:13:25,822 | App.model | INFO | Calculating target value ratios
2025-07-23 10:13:25,822 | App.naive_bayes | INFO | Making prediction...
2025-07-23 10:13:25,822 | App.naive_bayes | INFO | Calculating posteriors...
2025-07-23 10:13:25,822 | App.naive_bayes | INFO | Posterior calculation completed
2025-07-23 10:13:25,822 | App.naive_bayes | INFO | Prediction result: Sweet
2025-07-23 10:13:25,822 | App.model | INFO | Calculating target value ratios
2025-07-23 10:13:25,823 | App.naive_bayes | INFO | Making prediction...
2025-07-23 10:13:25,823 | App.naive_bayes | INFO | Calculating posteriors...
2025-07-23 10:13:25,823 | App.naive_bayes | INFO | Posterior calculation completed
2025-07-23 10:13:25,823 | App.naive_bayes | INFO | Prediction result: Sour
2025-07-23 10:13:25,823 | App.model | INFO | Calculating target value ratios
2025-07-23 10:13:25,824 | App.naive_bayes | INFO | Making prediction...
2025-07-23 10:13:25,824 | App.naive_bayes | INFO | Calculating posteriors...
2025-07-23 10:13:25,824 | App.naive_bayes | INFO | Posterior calculation completed
2025-07-23 10:13:25,824 | App.naive_bayes | INFO | Prediction result: Sweet
2025-07-23 10:13:25,824 | App.model | INFO | Calculating target value ratios
2025-07-23 10:13:25,824 | App.naive_bayes | INFO | Making prediction...
2025-07-23 10:13:25,824 | App.naive_bayes | INFO | Calculating posteriors...
2025-07-23 10:13:25,824 | App.naive_bayes | INFO | Posterior calculation completed
2025-07-23 10:13:25,824 | App.naive_bayes | INFO | Prediction result: Salty
2025-07-23 10:13:25,825 | App.model | INFO | Calculating target value ratios
2025-07-23 10:13:25,825 | App.naive_bayes | INFO | Making prediction...
2025-07-23 10:13:25,825 | App.naive_bayes | INFO | Calculating posteriors...
2025-07-23 10:13:25,825 | App.naive_bayes | INFO | Posterior calculation completed
2025-07-23 10:13:25,825 | App.naive_bayes | INFO | Prediction result: Sour
2025-07-23 10:13:25,825 | App.model | INFO | Calculating target value ratios
2025-07-23 10:13:25,826 | App.naive_bayes | INFO | Making prediction...
2025-07-23 10:13:25,826 | App.naive_bayes | INFO | Calculating posteriors...
2025-07-23 10:13:25,826 | App.naive_bayes | INFO | Posterior calculation completed
2025-07-23 10:13:25,826 | App.naive_bayes | INFO | Prediction result: Sour
2025-07-23 10:13:25,826 | App.model | INFO | Calculating target value ratios
2025-07-23 10:13:25,826 | App.naive_bayes | INFO | Making prediction...
2025-07-23 10:13:25,826 | App.naive_bayes | INFO | Calculating posteriors...
2025-07-23 10:13:25,827 | App.naive_bayes | INFO | Posterior calculation completed
2025-07-23 10:13:25,827 | App.naive_bayes | INFO | Prediction result: Sweet
2025-07-23 10:13:25,827 | App.model | INFO | Calculating target value ratios
2025-07-23 10:13:25,827 | App.naive_bayes | INFO | Making prediction...
2025-07-23 10:13:25,827 | App.naive_bayes | INFO | Calculating posteriors...
2025-07-23 10:13:25,827 | App.naive_bayes | INFO | Posterior calculation completed
2025-07-23 10:13:25,827 | App.naive_bayes | INFO | Prediction result: Sour
2025-07-23 10:13:25,827 | App.model | INFO | Calculating target value ratios
2025-07-23 10:13:25,828 | App.naive_bayes | INFO | Making prediction...
2025-07-23 10:13:25,828 | App.naive_bayes | INFO | Calculating posteriors...
2025-07-23 10:13:25,828 | App.naive_bayes | INFO | Posterior calculation completed
2025-07-23 10:13:25,828 | App.naive_bayes | INFO | Prediction result: Sweet
2025-07-23 10:13:25,828 | App.model | INFO | Calculating target value ratios
2025-07-23 10:13:25,828 | App.naive_bayes | INFO | Making prediction...
2025-07-23 10:13:25,828 | App.naive_bayes | INFO | Calculating posteriors...
2025-07-23 10:13:25,828 | App.naive_bayes | INFO | Posterior calculation completed
2025-07-23 10:13:25,828 | App.naive_bayes | INFO | Prediction result: Sour
2025-07-23 10:13:25,829 | App.model | INFO | Calculating target value ratios
2025-07-23 10:13:25,829 | App.naive_bayes | INFO | Making prediction...
2025-07-23 10:13:25,829 | App.naive_bayes | INFO | Calculating posteriors...
2025-07-23 10:13:25,829 | App.naive_bayes | INFO | Posterior calculation completed
2025-07-23 10:13:25,829 | App.naive_bayes | INFO | Prediction result: Sweet
2025-07-23 10:13:25,829 | App.model | INFO | Calculating target value ratios
2025-07-23 10:13:25,830 | App.naive_bayes | INFO | Making prediction...
2025-07-23 10:13:25,830 | App.naive_bayes | INFO | Calculating posteriors...
2025-07-23 10:13:25,830 | App.naive_bayes | INFO | Posterior calculation completed
2025-07-23 10:13:25,830 | App.naive_bayes | INFO | Prediction result: Sweet
2025-07-23 10:13:25,830 | App.model | INFO | Calculating target value ratios
2025-07-23 10:13:25,830 | App.naive_bayes | INFO | Making prediction...
2025-07-23 10:13:25,830 | App.naive_bayes | INFO | Calculating posteriors...
2025-07-23 10:13:25,830 | App.naive_bayes | INFO | Posterior calculation completed
2025-07-23 10:13:25,830 | App.naive_bayes | INFO | Prediction result: Sweet
2025-07-23 10:13:25,830 | App.model | INFO | Calculating target value ratios
2025-07-23 10:13:25,831 | App.naive_bayes | INFO | Making prediction...
2025-07-23 10:13:25,831 | App.naive_bayes | INFO | Calculating posteriors...
2025-07-23 10:13:25,831 | App.naive_bayes | INFO | Posterior calculation completed
2025-07-23 10:13:25,831 | App.naive_bayes | INFO | Prediction result: Sour
2025-07-23 10:13:25,831 | App.model | INFO | Calculating target value ratios
2025-07-23 10:13:25,831 | App.naive_bayes | INFO | Making prediction...
2025-07-23 10:13:25,832 | App.naive_bayes | INFO | Calculating posteriors...
2025-07-23 10:13:25,832 | App.naive_bayes | INFO | Posterior calculation completed
2025-07-23 10:13:25,832 | App.naive_bayes | INFO | Prediction result: Sweet
2025-07-23 10:13:25,832 | App.model | INFO | Calculating target value ratios
2025-07-23 10:13:25,832 | App.naive_bayes | INFO | Making prediction...
2025-07-23 10:13:25,832 | App.naive_bayes | INFO | Calculating posteriors...
2025-07-23 10:13:25,832 | App.naive_bayes | INFO | Posterior calculation completed
2025-07-23 10:13:25,832 | App.naive_bayes | INFO | Prediction result: Sour
2025-07-23 10:13:25,832 | App.model | INFO | Calculating target value ratios
2025-07-23 10:13:25,833 | App.naive_bayes | INFO | Making prediction...
2025-07-23 10:13:25,833 | App.naive_bayes | INFO | Calculating posteriors...
2025-07-23 10:13:25,833 | App.naive_bayes | INFO | Posterior calculation completed
2025-07-23 10:13:25,833 | App.naive_bayes | INFO | Prediction result: Sour
2025-07-23 10:13:25,833 | App.model | INFO | Calculating target value ratios
2025-07-23 10:13:25,834 | App.naive_bayes | INFO | Making prediction...
2025-07-23 10:13:25,834 | App.naive_bayes | INFO | Calculating posteriors...
2025-07-23 10:13:25,834 | App.naive_bayes | INFO | Posterior calculation completed
2025-07-23 10:13:25,834 | App.naive_bayes | INFO | Prediction result: Sweet
2025-07-23 10:13:25,834 | App.model | INFO | Calculating target value ratios
2025-07-23 10:13:25,834 | App.naive_bayes | INFO | Making prediction...
2025-07-23 10:13:25,834 | App.naive_bayes | INFO | Calculating posteriors...
2025-07-23 10:13:25,834 | App.naive_bayes | INFO | Posterior calculation completed
2025-07-23 10:13:25,834 | App.naive_bayes | INFO | Prediction result: Sour
2025-07-23 10:13:25,834 | App.model | INFO | Calculating target value ratios
2025-07-23 10:13:25,835 | App.naive_bayes | INFO | Making prediction...
2025-07-23 10:13:25,835 | App.naive_bayes | INFO | Calculating posteriors...
2025-07-23 10:13:25,835 | App.naive_bayes | INFO | Posterior calculation completed
2025-07-23 10:13:25,835 | App.naive_bayes | INFO | Prediction result: Sweet
2025-07-23 10:13:25,835 | App.model | INFO | Calculating target value ratios
2025-07-23 10:13:25,835 | App.naive_bayes | INFO | Making prediction...
2025-07-23 10:13:25,836 | App.naive_bayes | INFO | Calculating posteriors...
2025-07-23 10:13:25,836 | App.naive_bayes | INFO | Posterior calculation completed
2025-07-23 10:13:25,836 | App.naive_bayes | INFO | Prediction result: Sour
2025-07-23 10:13:25,836 | App.model | INFO | Calculating target value ratios
2025-07-23 10:13:25,836 | App.naive_bayes | INFO | Making prediction...
2025-07-23 10:13:25,836 | App.naive_bayes | INFO | Calculating posteriors...
2025-07-23 10:13:25,836 | App.naive_bayes | INFO | Posterior calculation completed
2025-07-23 10:13:25,836 | App.naive_bayes | INFO | Prediction result: Sweet
2025-07-23 10:13:25,836 | App.model | INFO | Calculating target value ratios
2025-07-23 10:13:25,837 | App.naive_bayes | INFO | Making prediction...
2025-07-23 10:13:25,837 | App.naive_bayes | INFO | Calculating posteriors...
2025-07-23 10:13:25,837 | App.naive_bayes | INFO | Posterior calculation completed
2025-07-23 10:13:25,837 | App.naive_bayes | INFO | Prediction result: Sour
2025-07-23 10:13:25,837 | App.model | INFO | Calculating target value ratios
2025-07-23 10:13:25,837 | App.naive_bayes | INFO | Making prediction...
2025-07-23 10:13:25,837 | App.naive_bayes | INFO | Calculating posteriors...
2025-07-23 10:13:25,837 | App.naive_bayes | INFO | Posterior calculation completed
2025-07-23 10:13:25,838 | App.naive_bayes | INFO | Prediction result: Sweet
2025-07-23 10:13:25,838 | App.model | INFO | Calculating target value ratios
2025-07-23 10:13:25,838 | App.naive_bayes | INFO | Making prediction...
2025-07-23 10:13:25,838 | App.naive_bayes | INFO | Calculating posteriors...
2025-07-23 10:13:25,838 | App.naive_bayes | INFO | Posterior calculation completed
2025-07-23 10:13:25,838 | App.naive_bayes | INFO | Prediction result: Sweet
2025-07-23 10:13:25,838 | App.model | INFO | Calculating target value ratios
2025-07-23 10:13:25,839 | App.naive_bayes | INFO | Making prediction...
2025-07-23 10:13:25,839 | App.naive_bayes | INFO | Calculating posteriors...
2025-07-23 10:13:25,839 | App.naive_bayes | INFO | Posterior calculation completed
2025-07-23 10:13:25,839 | App.naive_bayes | INFO | Prediction result: Salty
2025-07-23 10:13:25,839 | App.model | INFO | Calculating target value ratios
2025-07-23 10:13:25,840 | App.naive_bayes | INFO | Making prediction...
2025-07-23 10:13:25,840 | App.naive_bayes | INFO | Calculating posteriors...
2025-07-23 10:13:25,840 | App.naive_bayes | INFO | Posterior calculation completed
2025-07-23 10:13:25,840 | App.naive_bayes | INFO | Prediction result: Sweet
2025-07-23 10:13:25,840 | App.model | INFO | Calculating target value ratios
2025-07-23 10:13:25,841 | App.naive_bayes | INFO | Making prediction...
2025-07-23 10:13:25,841 | App.naive_bayes | INFO | Calculating posteriors...
2025-07-23 10:13:25,841 | App.naive_bayes | INFO | Posterior calculation completed
2025-07-23 10:13:25,841 | App.naive_bayes | INFO | Prediction result: Sweet
2025-07-23 10:13:25,841 | App.model | INFO | Calculating target value ratios
2025-07-23 10:13:25,841 | App.naive_bayes | INFO | Making prediction...
2025-07-23 10:13:25,841 | App.naive_bayes | INFO | Calculating posteriors...
2025-07-23 10:13:25,841 | App.naive_bayes | INFO | Posterior calculation completed
2025-07-23 10:13:25,841 | App.naive_bayes | INFO | Prediction result: Sweet
2025-07-23 10:13:25,842 | App.model | INFO | Calculating target value ratios
2025-07-23 10:13:25,842 | App.naive_bayes | INFO | Making prediction...
2025-07-23 10:13:25,842 | App.naive_bayes | INFO | Calculating posteriors...
2025-07-23 10:13:25,842 | App.naive_bayes | INFO | Posterior calculation completed
2025-07-23 10:13:25,842 | App.naive_bayes | INFO | Prediction result: Sour
2025-07-23 10:13:25,842 | App.model | INFO | Calculating target value ratios
2025-07-23 10:13:25,843 | App.naive_bayes | INFO | Making prediction...
2025-07-23 10:13:25,843 | App.naive_bayes | INFO | Calculating posteriors...
2025-07-23 10:13:25,843 | App.naive_bayes | INFO | Posterior calculation completed
2025-07-23 10:13:25,843 | App.naive_bayes | INFO | Prediction result: Sour
2025-07-23 10:13:25,843 | App.model | INFO | Calculating target value ratios
2025-07-23 10:13:25,843 | App.naive_bayes | INFO | Making prediction...
2025-07-23 10:13:25,843 | App.naive_bayes | INFO | Calculating posteriors...
2025-07-23 10:13:25,843 | App.naive_bayes | INFO | Posterior calculation completed
2025-07-23 10:13:25,843 | App.naive_bayes | INFO | Prediction result: Sour
2025-07-23 10:13:25,843 | App.model | INFO | Calculating target value ratios
2025-07-23 10:13:25,844 | App.naive_bayes | INFO | Making prediction...
2025-07-23 10:13:25,844 | App.naive_bayes | INFO | Calculating posteriors...
2025-07-23 10:13:25,844 | App.naive_bayes | INFO | Posterior calculation completed
2025-07-23 10:13:25,844 | App.naive_bayes | INFO | Prediction result: Sweet
2025-07-23 10:13:25,844 | App.model | INFO | Calculating target value ratios
2025-07-23 10:13:25,845 | App.naive_bayes | INFO | Making prediction...
2025-07-23 10:13:25,845 | App.naive_bayes | INFO | Calculating posteriors...
2025-07-23 10:13:25,845 | App.naive_bayes | INFO | Posterior calculation completed
2025-07-23 10:13:25,845 | App.naive_bayes | INFO | Prediction result: Sour
2025-07-23 10:13:25,845 | App.model | INFO | Calculating target value ratios
2025-07-23 10:13:25,845 | App.naive_bayes | INFO | Making prediction...
2025-07-23 10:13:25,845 | App.naive_bayes | INFO | Calculating posteriors...
2025-07-23 10:13:25,845 | App.naive_bayes | INFO | Posterior calculation completed
2025-07-23 10:13:25,845 | App.naive_bayes | INFO | Prediction result: Sour
2025-07-23 10:13:25,845 | App.model | INFO | Calculating target value ratios
2025-07-23 10:13:25,846 | App.naive_bayes | INFO | Making prediction...
2025-07-23 10:13:25,846 | App.naive_bayes | INFO | Calculating posteriors...
2025-07-23 10:13:25,846 | App.naive_bayes | INFO | Posterior calculation completed
2025-07-23 10:13:25,846 | App.naive_bayes | INFO | Prediction result: Sour
2025-07-23 10:13:25,846 | App.model | INFO | Calculating target value ratios
2025-07-23 10:13:25,847 | App.naive_bayes | INFO | Making prediction...
2025-07-23 10:13:25,847 | App.naive_bayes | INFO | Calculating posteriors...
2025-07-23 10:13:25,847 | App.naive_bayes | INFO | Posterior calculation completed
2025-07-23 10:13:25,847 | App.naive_bayes | INFO | Prediction result: Sweet
2025-07-23 10:13:25,847 | App.model | INFO | Calculating target value ratios
2025-07-23 10:13:25,847 | App.naive_bayes | INFO | Making prediction...
2025-07-23 10:13:25,847 | App.naive_bayes | INFO | Calculating posteriors...
2025-07-23 10:13:25,847 | App.naive_bayes | INFO | Posterior calculation completed
2025-07-23 10:13:25,847 | App.naive_bayes | INFO | Prediction result: Sour
2025-07-23 10:13:25,847 | App.model | INFO | Calculating target value ratios
2025-07-23 10:13:25,848 | App.naive_bayes | INFO | Making prediction...
2025-07-23 10:13:25,848 | App.naive_bayes | INFO | Calculating posteriors...
2025-07-23 10:13:25,848 | App.naive_bayes | INFO | Posterior calculation completed
2025-07-23 10:13:25,848 | App.naive_bayes | INFO | Prediction result: Sweet
2025-07-23 10:13:25,848 | App.model | INFO | Calculating target value ratios
2025-07-23 10:13:25,848 | App.naive_bayes | INFO | Making prediction...
2025-07-23 10:13:25,848 | App.naive_bayes | INFO | Calculating posteriors...
2025-07-23 10:13:25,849 | App.naive_bayes | INFO | Posterior calculation completed
2025-07-23 10:13:25,849 | App.naive_bayes | INFO | Prediction result: Sour
2025-07-23 10:13:25,849 | App.model | INFO | Calculating target value ratios
2025-07-23 10:13:25,849 | App.naive_bayes | INFO | Making prediction...
2025-07-23 10:13:25,849 | App.naive_bayes | INFO | Calculating posteriors...
2025-07-23 10:13:25,849 | App.naive_bayes | INFO | Posterior calculation completed
2025-07-23 10:13:25,849 | App.naive_bayes | INFO | Prediction result: Salty
2025-07-23 10:13:25,849 | App.model | INFO | Calculating target value ratios
2025-07-23 10:13:25,850 | App.naive_bayes | INFO | Making prediction...
2025-07-23 10:13:25,850 | App.naive_bayes | INFO | Calculating posteriors...
2025-07-23 10:13:25,850 | App.naive_bayes | INFO | Posterior calculation completed
2025-07-23 10:13:25,850 | App.naive_bayes | INFO | Prediction result: Sweet
2025-07-23 10:13:25,850 | App.model | INFO | Calculating target value ratios
2025-07-23 10:13:25,850 | App.naive_bayes | INFO | Making prediction...
2025-07-23 10:13:25,850 | App.naive_bayes | INFO | Calculating posteriors...
2025-07-23 10:13:25,850 | App.naive_bayes | INFO | Posterior calculation completed
2025-07-23 10:13:25,850 | App.naive_bayes | INFO | Prediction result: Sweet
2025-07-23 10:13:25,851 | App.model | INFO | Calculating target value ratios
2025-07-23 10:13:25,851 | App.naive_bayes | INFO | Making prediction...
2025-07-23 10:13:25,851 | App.naive_bayes | INFO | Calculating posteriors...
2025-07-23 10:13:25,851 | App.naive_bayes | INFO | Posterior calculation completed
2025-07-23 10:13:25,851 | App.naive_bayes | INFO | Prediction result: Sour
2025-07-23 10:13:25,851 | App.model | INFO | Calculating target value ratios
2025-07-23 10:13:25,852 | App.naive_bayes | INFO | Making prediction...
2025-07-23 10:13:25,852 | App.naive_bayes | INFO | Calculating posteriors...
2025-07-23 10:13:25,852 | App.naive_bayes | INFO | Posterior calculation completed
2025-07-23 10:13:25,852 | App.naive_bayes | INFO | Prediction result: Sour
2025-07-23 10:13:25,852 | App.model | INFO | Calculating target value ratios
2025-07-23 10:13:25,852 | App.naive_bayes | INFO | Making prediction...
2025-07-23 10:13:25,852 | App.naive_bayes | INFO | Calculating posteriors...
2025-07-23 10:13:25,852 | App.naive_bayes | INFO | Posterior calculation completed
2025-07-23 10:13:25,852 | App.naive_bayes | INFO | Prediction result: Sour
2025-07-23 10:13:25,852 | App.model | INFO | Calculating target value ratios
2025-07-23 10:13:25,853 | App.naive_bayes | INFO | Making prediction...
2025-07-23 10:13:25,853 | App.naive_bayes | INFO | Calculating posteriors...
2025-07-23 10:13:25,853 | App.naive_bayes | INFO | Posterior calculation completed
2025-07-23 10:13:25,853 | App.naive_bayes | INFO | Prediction result: Sour
2025-07-23 10:13:25,853 | App.model | INFO | Calculating target value ratios
2025-07-23 10:13:25,854 | App.naive_bayes | INFO | Making prediction...
2025-07-23 10:13:25,854 | App.naive_bayes | INFO | Calculating posteriors...
2025-07-23 10:13:25,854 | App.naive_bayes | INFO | Posterior calculation completed
2025-07-23 10:13:25,854 | App.naive_bayes | INFO | Prediction result: Sour
2025-07-23 10:13:25,854 | App.model | INFO | Calculating target value ratios
2025-07-23 10:13:25,854 | App.naive_bayes | INFO | Making prediction...
2025-07-23 10:13:25,854 | App.naive_bayes | INFO | Calculating posteriors...
2025-07-23 10:13:25,854 | App.naive_bayes | INFO | Posterior calculation completed
2025-07-23 10:13:25,854 | App.naive_bayes | INFO | Prediction result: Sour
2025-07-23 10:13:25,854 | App.model | INFO | Calculating target value ratios
2025-07-23 10:13:25,855 | App.naive_bayes | INFO | Making prediction...
2025-07-23 10:13:25,855 | App.naive_bayes | INFO | Calculating posteriors...
2025-07-23 10:13:25,855 | App.naive_bayes | INFO | Posterior calculation completed
2025-07-23 10:13:25,855 | App.naive_bayes | INFO | Prediction result: Sweet
2025-07-23 10:13:25,855 | App.model | INFO | Calculating target value ratios
2025-07-23 10:13:25,856 | App.naive_bayes | INFO | Making prediction...
2025-07-23 10:13:25,856 | App.naive_bayes | INFO | Calculating posteriors...
2025-07-23 10:13:25,856 | App.naive_bayes | INFO | Posterior calculation completed
2025-07-23 10:13:25,856 | App.naive_bayes | INFO | Prediction result: Sour
2025-07-23 10:13:25,856 | App.model | INFO | Calculating target value ratios
2025-07-23 10:13:25,856 | App.naive_bayes | INFO | Making prediction...
2025-07-23 10:13:25,856 | App.naive_bayes | INFO | Calculating posteriors...
2025-07-23 10:13:25,856 | App.naive_bayes | INFO | Posterior calculation completed
2025-07-23 10:13:25,856 | App.naive_bayes | INFO | Prediction result: Sweet
2025-07-23 10:13:25,856 | App.model | INFO | Calculating target value ratios
2025-07-23 10:13:25,857 | App.naive_bayes | INFO | Making prediction...
2025-07-23 10:13:25,857 | App.naive_bayes | INFO | Calculating posteriors...
2025-07-23 10:13:25,857 | App.naive_bayes | INFO | Posterior calculation completed
2025-07-23 10:13:25,857 | App.naive_bayes | INFO | Prediction result: Salty
2025-07-23 10:13:25,857 | App.model | INFO | Calculating target value ratios
2025-07-23 10:13:25,857 | App.naive_bayes | INFO | Making prediction...
2025-07-23 10:13:25,857 | App.naive_bayes | INFO | Calculating posteriors...
2025-07-23 10:13:25,858 | App.naive_bayes | INFO | Posterior calculation completed
2025-07-23 10:13:25,858 | App.naive_bayes | INFO | Prediction result: Sweet
2025-07-23 10:13:25,858 | App.model | INFO | Calculating target value ratios
2025-07-23 10:13:25,858 | App.naive_bayes | INFO | Making prediction...
2025-07-23 10:13:25,858 | App.naive_bayes | INFO | Calculating posteriors...
2025-07-23 10:13:25,858 | App.naive_bayes | INFO | Posterior calculation completed
2025-07-23 10:13:25,858 | App.naive_bayes | INFO | Prediction result: Sweet
2025-07-23 10:13:25,858 | App.model | INFO | Calculating target value ratios
2025-07-23 10:13:25,859 | App.naive_bayes | INFO | Making prediction...
2025-07-23 10:13:25,859 | App.naive_bayes | INFO | Calculating posteriors...
2025-07-23 10:13:25,859 | App.naive_bayes | INFO | Posterior calculation completed
2025-07-23 10:13:25,859 | App.naive_bayes | INFO | Prediction result: Sweet
2025-07-23 10:13:25,859 | App.model | INFO | Calculating target value ratios
2025-07-23 10:13:25,859 | App.naive_bayes | INFO | Making prediction...
2025-07-23 10:13:25,859 | App.naive_bayes | INFO | Calculating posteriors...
2025-07-23 10:13:25,859 | App.naive_bayes | INFO | Posterior calculation completed
2025-07-23 10:13:25,859 | App.naive_bayes | INFO | Prediction result: Sweet
2025-07-23 10:13:25,859 | App.model | INFO | Calculating target value ratios
2025-07-23 10:13:25,860 | App.naive_bayes | INFO | Making prediction...
2025-07-23 10:13:25,860 | App.naive_bayes | INFO | Calculating posteriors...
2025-07-23 10:13:25,860 | App.naive_bayes | INFO | Posterior calculation completed
2025-07-23 10:13:25,860 | App.naive_bayes | INFO | Prediction result: Sweet
2025-07-23 10:13:25,860 | App.model | INFO | Calculating target value ratios
2025-07-23 10:13:25,861 | App.naive_bayes | INFO | Making prediction...
2025-07-23 10:13:25,861 | App.naive_bayes | INFO | Calculating posteriors...
2025-07-23 10:13:25,861 | App.naive_bayes | INFO | Posterior calculation completed
2025-07-23 10:13:25,861 | App.naive_bayes | INFO | Prediction result: Sweet
2025-07-23 10:13:25,861 | App.model | INFO | Calculating target value ratios
2025-07-23 10:13:25,861 | App.naive_bayes | INFO | Making prediction...
2025-07-23 10:13:25,861 | App.naive_bayes | INFO | Calculating posteriors...
2025-07-23 10:13:25,861 | App.naive_bayes | INFO | Posterior calculation completed
2025-07-23 10:13:25,861 | App.naive_bayes | INFO | Prediction result: Sour
2025-07-23 10:13:25,861 | App.model | INFO | Calculating target value ratios
2025-07-23 10:13:25,862 | App.naive_bayes | INFO | Making prediction...
2025-07-23 10:13:25,862 | App.naive_bayes | INFO | Calculating posteriors...
2025-07-23 10:13:25,862 | App.naive_bayes | INFO | Posterior calculation completed
2025-07-23 10:13:25,862 | App.naive_bayes | INFO | Prediction result: Sweet
2025-07-23 10:13:25,862 | App.model | INFO | Calculating target value ratios
2025-07-23 10:13:25,862 | App.naive_bayes | INFO | Making prediction...
2025-07-23 10:13:25,863 | App.naive_bayes | INFO | Calculating posteriors...
2025-07-23 10:13:25,863 | App.naive_bayes | INFO | Posterior calculation completed
2025-07-23 10:13:25,863 | App.naive_bayes | INFO | Prediction result: Sweet
2025-07-23 10:13:25,863 | App.model | INFO | Calculating target value ratios
2025-07-23 10:13:25,863 | App.naive_bayes | INFO | Making prediction...
2025-07-23 10:13:25,863 | App.naive_bayes | INFO | Calculating posteriors...
2025-07-23 10:13:25,863 | App.naive_bayes | INFO | Posterior calculation completed
2025-07-23 10:13:25,863 | App.naive_bayes | INFO | Prediction result: Sour
2025-07-23 10:13:25,863 | App.model | INFO | Calculating target value ratios
2025-07-23 10:13:25,864 | App.naive_bayes | INFO | Making prediction...
2025-07-23 10:13:25,864 | App.naive_bayes | INFO | Calculating posteriors...
2025-07-23 10:13:25,864 | App.naive_bayes | INFO | Posterior calculation completed
2025-07-23 10:13:25,864 | App.naive_bayes | INFO | Prediction result: Sour
2025-07-23 10:13:25,864 | App.model | INFO | Calculating target value ratios
2025-07-23 10:13:25,864 | App.naive_bayes | INFO | Making prediction...
2025-07-23 10:13:25,864 | App.naive_bayes | INFO | Calculating posteriors...
2025-07-23 10:13:25,864 | App.naive_bayes | INFO | Posterior calculation completed
2025-07-23 10:13:25,865 | App.naive_bayes | INFO | Prediction result: Sour
2025-07-23 10:13:25,865 | App.model | INFO | Calculating target value ratios
2025-07-23 10:13:25,865 | App.naive_bayes | INFO | Making prediction...
2025-07-23 10:13:25,865 | App.naive_bayes | INFO | Calculating posteriors...
2025-07-23 10:13:25,865 | App.naive_bayes | INFO | Posterior calculation completed
2025-07-23 10:13:25,865 | App.naive_bayes | INFO | Prediction result: Sour
2025-07-23 10:13:25,865 | App.model | INFO | Calculating target value ratios
2025-07-23 10:13:25,866 | App.naive_bayes | INFO | Making prediction...
2025-07-23 10:13:25,866 | App.naive_bayes | INFO | Calculating posteriors...
2025-07-23 10:13:25,866 | App.naive_bayes | INFO | Posterior calculation completed
2025-07-23 10:13:25,866 | App.naive_bayes | INFO | Prediction result: Sweet
2025-07-23 10:13:25,866 | App.model | INFO | Calculating target value ratios
2025-07-23 10:13:25,866 | App.naive_bayes | INFO | Making prediction...
2025-07-23 10:13:25,866 | App.naive_bayes | INFO | Calculating posteriors...
2025-07-23 10:13:25,866 | App.naive_bayes | INFO | Posterior calculation completed
2025-07-23 10:13:25,866 | App.naive_bayes | INFO | Prediction result: Sour
2025-07-23 10:13:25,866 | App.model | INFO | Calculating target value ratios
2025-07-23 10:13:25,867 | App.naive_bayes | INFO | Making prediction...
2025-07-23 10:13:25,867 | App.naive_bayes | INFO | Calculating posteriors...
2025-07-23 10:13:25,867 | App.naive_bayes | INFO | Posterior calculation completed
2025-07-23 10:13:25,867 | App.naive_bayes | INFO | Prediction result: Sour
2025-07-23 10:13:25,867 | App.model | INFO | Calculating target value ratios
2025-07-23 10:13:25,868 | App.naive_bayes | INFO | Making prediction...
2025-07-23 10:13:25,868 | App.naive_bayes | INFO | Calculating posteriors...
2025-07-23 10:13:25,868 | App.naive_bayes | INFO | Posterior calculation completed
2025-07-23 10:13:25,868 | App.naive_bayes | INFO | Prediction result: Sweet
2025-07-23 10:13:25,868 | App.model | INFO | Calculating target value ratios
2025-07-23 10:13:25,868 | App.naive_bayes | INFO | Making prediction...
2025-07-23 10:13:25,868 | App.naive_bayes | INFO | Calculating posteriors...
2025-07-23 10:13:25,868 | App.naive_bayes | INFO | Posterior calculation completed
2025-07-23 10:13:25,868 | App.naive_bayes | INFO | Prediction result: Sweet
2025-07-23 10:13:25,868 | App.model | INFO | Calculating target value ratios
2025-07-23 10:13:25,869 | App.naive_bayes | INFO | Making prediction...
2025-07-23 10:13:25,869 | App.naive_bayes | INFO | Calculating posteriors...
2025-07-23 10:13:25,869 | App.naive_bayes | INFO | Posterior calculation completed
2025-07-23 10:13:25,869 | App.naive_bayes | INFO | Prediction result: Sour
2025-07-23 10:13:25,869 | App.model | INFO | Calculating target value ratios
2025-07-23 10:13:25,869 | App.naive_bayes | INFO | Making prediction...
2025-07-23 10:13:25,870 | App.naive_bayes | INFO | Calculating posteriors...
2025-07-23 10:13:25,870 | App.naive_bayes | INFO | Posterior calculation completed
2025-07-23 10:13:25,870 | App.naive_bayes | INFO | Prediction result: Sour
2025-07-23 10:13:25,870 | App.model | INFO | Calculating target value ratios
2025-07-23 10:13:25,870 | App.naive_bayes | INFO | Making prediction...
2025-07-23 10:13:25,870 | App.naive_bayes | INFO | Calculating posteriors...
2025-07-23 10:13:25,870 | App.naive_bayes | INFO | Posterior calculation completed
2025-07-23 10:13:25,870 | App.naive_bayes | INFO | Prediction result: Sour
2025-07-23 10:13:25,871 | App.model | INFO | Calculating target value ratios
2025-07-23 10:13:25,871 | App.naive_bayes | INFO | Making prediction...
2025-07-23 10:13:25,871 | App.naive_bayes | INFO | Calculating posteriors...
2025-07-23 10:13:25,871 | App.naive_bayes | INFO | Posterior calculation completed
2025-07-23 10:13:25,871 | App.naive_bayes | INFO | Prediction result: Salty
2025-07-23 10:13:25,871 | App.model | INFO | Calculating target value ratios
2025-07-23 10:13:25,872 | App.naive_bayes | INFO | Making prediction...
2025-07-23 10:13:25,872 | App.naive_bayes | INFO | Calculating posteriors...
2025-07-23 10:13:25,872 | App.naive_bayes | INFO | Posterior calculation completed
2025-07-23 10:13:25,872 | App.naive_bayes | INFO | Prediction result: Sweet
2025-07-23 10:13:25,872 | App.model | INFO | Calculating target value ratios
2025-07-23 10:13:25,872 | App.naive_bayes | INFO | Making prediction...
2025-07-23 10:13:25,872 | App.naive_bayes | INFO | Calculating posteriors...
2025-07-23 10:13:25,872 | App.naive_bayes | INFO | Posterior calculation completed
2025-07-23 10:13:25,872 | App.naive_bayes | INFO | Prediction result: Sour
2025-07-23 10:13:25,872 | App.model | INFO | Calculating target value ratios
2025-07-23 10:13:25,873 | App.naive_bayes | INFO | Making prediction...
2025-07-23 10:13:25,873 | App.naive_bayes | INFO | Calculating posteriors...
2025-07-23 10:13:25,873 | App.naive_bayes | INFO | Posterior calculation completed
2025-07-23 10:13:25,873 | App.naive_bayes | INFO | Prediction result: Sour
2025-07-23 10:13:25,873 | App.model | INFO | Calculating target value ratios
2025-07-23 10:13:25,874 | App.naive_bayes | INFO | Making prediction...
2025-07-23 10:13:25,874 | App.naive_bayes | INFO | Calculating posteriors...
2025-07-23 10:13:25,874 | App.naive_bayes | INFO | Posterior calculation completed
2025-07-23 10:13:25,874 | App.naive_bayes | INFO | Prediction result: Sweet
2025-07-23 10:13:25,874 | App.model | INFO | Calculating target value ratios
2025-07-23 10:13:25,874 | App.naive_bayes | INFO | Making prediction...
2025-07-23 10:13:25,874 | App.naive_bayes | INFO | Calculating posteriors...
2025-07-23 10:13:25,874 | App.naive_bayes | INFO | Posterior calculation completed
2025-07-23 10:13:25,874 | App.naive_bayes | INFO | Prediction result: Salty
2025-07-23 10:13:25,874 | App.model | INFO | Calculating target value ratios
2025-07-23 10:13:25,875 | App.naive_bayes | INFO | Making prediction...
2025-07-23 10:13:25,875 | App.naive_bayes | INFO | Calculating posteriors...
2025-07-23 10:13:25,875 | App.naive_bayes | INFO | Posterior calculation completed
2025-07-23 10:13:25,875 | App.naive_bayes | INFO | Prediction result: Salty
2025-07-23 10:13:25,875 | App.model | INFO | Calculating target value ratios
2025-07-23 10:13:25,875 | App.naive_bayes | INFO | Making prediction...
2025-07-23 10:13:25,875 | App.naive_bayes | INFO | Calculating posteriors...
2025-07-23 10:13:25,876 | App.naive_bayes | INFO | Posterior calculation completed
2025-07-23 10:13:25,876 | App.naive_bayes | INFO | Prediction result: Sour
2025-07-23 10:13:25,876 | App.model | INFO | Calculating target value ratios
2025-07-23 10:13:25,876 | App.naive_bayes | INFO | Making prediction...
2025-07-23 10:13:25,876 | App.naive_bayes | INFO | Calculating posteriors...
2025-07-23 10:13:25,876 | App.naive_bayes | INFO | Posterior calculation completed
2025-07-23 10:13:25,876 | App.naive_bayes | INFO | Prediction result: Sour
2025-07-23 10:13:25,876 | App.model | INFO | Calculating target value ratios
2025-07-23 10:13:25,877 | App.naive_bayes | INFO | Making prediction...
2025-07-23 10:13:25,877 | App.naive_bayes | INFO | Calculating posteriors...
2025-07-23 10:13:25,877 | App.naive_bayes | INFO | Posterior calculation completed
2025-07-23 10:13:25,877 | App.naive_bayes | INFO | Prediction result: Sour
2025-07-23 10:13:25,877 | App.model | INFO | Calculating target value ratios
2025-07-23 10:13:25,877 | App.naive_bayes | INFO | Making prediction...
2025-07-23 10:13:25,877 | App.naive_bayes | INFO | Calculating posteriors...
2025-07-23 10:13:25,877 | App.naive_bayes | INFO | Posterior calculation completed
2025-07-23 10:13:25,877 | App.naive_bayes | INFO | Prediction result: Sour
2025-07-23 10:13:25,878 | App.model | INFO | Calculating target value ratios
2025-07-23 10:13:25,878 | App.naive_bayes | INFO | Making prediction...
2025-07-23 10:13:25,878 | App.naive_bayes | INFO | Calculating posteriors...
2025-07-23 10:13:25,878 | App.naive_bayes | INFO | Posterior calculation completed
2025-07-23 10:13:25,878 | App.naive_bayes | INFO | Prediction result: Sour
2025-07-23 10:13:25,878 | App.model | INFO | Calculating target value ratios
2025-07-23 10:13:25,879 | App.naive_bayes | INFO | Making prediction...
2025-07-23 10:13:25,879 | App.naive_bayes | INFO | Calculating posteriors...
2025-07-23 10:13:25,879 | App.naive_bayes | INFO | Posterior calculation completed
2025-07-23 10:13:25,879 | App.naive_bayes | INFO | Prediction result: Sour
2025-07-23 10:13:25,879 | App.model | INFO | Calculating target value ratios
2025-07-23 10:13:25,879 | App.naive_bayes | INFO | Making prediction...
2025-07-23 10:13:25,879 | App.naive_bayes | INFO | Calculating posteriors...
2025-07-23 10:13:25,879 | App.naive_bayes | INFO | Posterior calculation completed
2025-07-23 10:13:25,879 | App.naive_bayes | INFO | Prediction result: Sweet
2025-07-23 10:13:25,879 | App.model | INFO | Calculating target value ratios
2025-07-23 10:13:25,880 | App.naive_bayes | INFO | Making prediction...
2025-07-23 10:13:25,880 | App.naive_bayes | INFO | Calculating posteriors...
2025-07-23 10:13:25,880 | App.naive_bayes | INFO | Posterior calculation completed
2025-07-23 10:13:25,880 | App.naive_bayes | INFO | Prediction result: Sour
2025-07-23 10:13:25,880 | App.model | INFO | Calculating target value ratios
2025-07-23 10:13:25,880 | App.naive_bayes | INFO | Making prediction...
2025-07-23 10:13:25,881 | App.naive_bayes | INFO | Calculating posteriors...
2025-07-23 10:13:25,881 | App.naive_bayes | INFO | Posterior calculation completed
2025-07-23 10:13:25,881 | App.naive_bayes | INFO | Prediction result: Sour
2025-07-23 10:13:25,881 | App.model | INFO | Calculating target value ratios
2025-07-23 10:13:25,881 | App.naive_bayes | INFO | Making prediction...
2025-07-23 10:13:25,881 | App.naive_bayes | INFO | Calculating posteriors...
2025-07-23 10:13:25,881 | App.naive_bayes | INFO | Posterior calculation completed
2025-07-23 10:13:25,881 | App.naive_bayes | INFO | Prediction result: Sour
2025-07-23 10:13:25,881 | App.model | INFO | Calculating target value ratios
2025-07-23 10:13:25,882 | App.naive_bayes | INFO | Making prediction...
2025-07-23 10:13:25,882 | App.naive_bayes | INFO | Calculating posteriors...
2025-07-23 10:13:25,882 | App.naive_bayes | INFO | Posterior calculation completed
2025-07-23 10:13:25,882 | App.naive_bayes | INFO | Prediction result: Sweet
2025-07-23 10:13:25,882 | App.model | INFO | Calculating target value ratios
2025-07-23 10:13:25,882 | App.naive_bayes | INFO | Making prediction...
2025-07-23 10:13:25,882 | App.naive_bayes | INFO | Calculating posteriors...
2025-07-23 10:13:25,882 | App.naive_bayes | INFO | Posterior calculation completed
2025-07-23 10:13:25,883 | App.naive_bayes | INFO | Prediction result: Sweet
2025-07-23 10:13:25,883 | App.model | INFO | Calculating target value ratios
2025-07-23 10:13:25,883 | App.naive_bayes | INFO | Making prediction...
2025-07-23 10:13:25,883 | App.naive_bayes | INFO | Calculating posteriors...
2025-07-23 10:13:25,883 | App.naive_bayes | INFO | Posterior calculation completed
2025-07-23 10:13:25,883 | App.naive_bayes | INFO | Prediction result: Sour
2025-07-23 10:13:25,883 | App.model | INFO | Calculating target value ratios
2025-07-23 10:13:25,884 | App.naive_bayes | INFO | Making prediction...
2025-07-23 10:13:25,884 | App.naive_bayes | INFO | Calculating posteriors...
2025-07-23 10:13:25,884 | App.naive_bayes | INFO | Posterior calculation completed
2025-07-23 10:13:25,884 | App.naive_bayes | INFO | Prediction result: Sweet
2025-07-23 10:13:25,884 | App.model | INFO | Calculating target value ratios
2025-07-23 10:13:25,884 | App.naive_bayes | INFO | Making prediction...
2025-07-23 10:13:25,884 | App.naive_bayes | INFO | Calculating posteriors...
2025-07-23 10:13:25,884 | App.naive_bayes | INFO | Posterior calculation completed
2025-07-23 10:13:25,884 | App.naive_bayes | INFO | Prediction result: Sweet
2025-07-23 10:13:25,884 | App.model | INFO | Calculating target value ratios
2025-07-23 10:13:25,885 | App.naive_bayes | INFO | Making prediction...
2025-07-23 10:13:25,885 | App.naive_bayes | INFO | Calculating posteriors...
2025-07-23 10:13:25,885 | App.naive_bayes | INFO | Posterior calculation completed
2025-07-23 10:13:25,885 | App.naive_bayes | INFO | Prediction result: Sour
2025-07-23 10:13:25,885 | App.model | INFO | Calculating target value ratios
2025-07-23 10:13:25,886 | App.naive_bayes | INFO | Making prediction...
2025-07-23 10:13:25,886 | App.naive_bayes | INFO | Calculating posteriors...
2025-07-23 10:13:25,886 | App.naive_bayes | INFO | Posterior calculation completed
2025-07-23 10:13:25,886 | App.naive_bayes | INFO | Prediction result: Sour
2025-07-23 10:13:25,886 | App.model | INFO | Calculating target value ratios
2025-07-23 10:13:25,886 | App.naive_bayes | INFO | Making prediction...
2025-07-23 10:13:25,886 | App.naive_bayes | INFO | Calculating posteriors...
2025-07-23 10:13:25,886 | App.naive_bayes | INFO | Posterior calculation completed
2025-07-23 10:13:25,886 | App.naive_bayes | INFO | Prediction result: Sour
2025-07-23 10:13:25,887 | App.model | INFO | Calculating target value ratios
2025-07-23 10:13:25,887 | App.naive_bayes | INFO | Making prediction...
2025-07-23 10:13:25,887 | App.naive_bayes | INFO | Calculating posteriors...
2025-07-23 10:13:25,887 | App.naive_bayes | INFO | Posterior calculation completed
2025-07-23 10:13:25,887 | App.naive_bayes | INFO | Prediction result: Sweet
2025-07-23 10:13:25,887 | App.model | INFO | Calculating target value ratios
2025-07-23 10:13:25,888 | App.naive_bayes | INFO | Making prediction...
2025-07-23 10:13:25,888 | App.naive_bayes | INFO | Calculating posteriors...
2025-07-23 10:13:25,888 | App.naive_bayes | INFO | Posterior calculation completed
2025-07-23 10:13:25,888 | App.naive_bayes | INFO | Prediction result: Sweet
2025-07-23 10:13:25,888 | App.model | INFO | Calculating target value ratios
2025-07-23 10:13:25,888 | App.naive_bayes | INFO | Making prediction...
2025-07-23 10:13:25,888 | App.naive_bayes | INFO | Calculating posteriors...
2025-07-23 10:13:25,888 | App.naive_bayes | INFO | Posterior calculation completed
2025-07-23 10:13:25,888 | App.naive_bayes | INFO | Prediction result: Salty
2025-07-23 10:13:25,888 | App.model | INFO | Calculating target value ratios
2025-07-23 10:13:25,889 | App.naive_bayes | INFO | Making prediction...
2025-07-23 10:13:25,889 | App.naive_bayes | INFO | Calculating posteriors...
2025-07-23 10:13:25,889 | App.naive_bayes | INFO | Posterior calculation completed
2025-07-23 10:13:25,889 | App.naive_bayes | INFO | Prediction result: Sour
2025-07-23 10:13:25,889 | App.model | INFO | Calculating target value ratios
2025-07-23 10:13:25,890 | App.naive_bayes | INFO | Making prediction...
2025-07-23 10:13:25,890 | App.naive_bayes | INFO | Calculating posteriors...
2025-07-23 10:13:25,890 | App.naive_bayes | INFO | Posterior calculation completed
2025-07-23 10:13:25,890 | App.naive_bayes | INFO | Prediction result: Sour
2025-07-23 10:13:25,890 | App.model | INFO | Calculating target value ratios
2025-07-23 10:13:25,890 | App.naive_bayes | INFO | Making prediction...
2025-07-23 10:13:25,890 | App.naive_bayes | INFO | Calculating posteriors...
2025-07-23 10:13:25,890 | App.naive_bayes | INFO | Posterior calculation completed
2025-07-23 10:13:25,890 | App.naive_bayes | INFO | Prediction result: Sour
2025-07-23 10:13:25,890 | App.model | INFO | Calculating target value ratios
2025-07-23 10:13:25,891 | App.naive_bayes | INFO | Making prediction...
2025-07-23 10:13:25,891 | App.naive_bayes | INFO | Calculating posteriors...
2025-07-23 10:13:25,891 | App.naive_bayes | INFO | Posterior calculation completed
2025-07-23 10:13:25,891 | App.naive_bayes | INFO | Prediction result: Sour
2025-07-23 10:13:25,891 | App.model | INFO | Calculating target value ratios
2025-07-23 10:13:25,891 | App.naive_bayes | INFO | Making prediction...
2025-07-23 10:13:25,891 | App.naive_bayes | INFO | Calculating posteriors...
2025-07-23 10:13:25,892 | App.naive_bayes | INFO | Posterior calculation completed
2025-07-23 10:13:25,892 | App.naive_bayes | INFO | Prediction result: Sweet
2025-07-23 10:13:25,892 | App.model | INFO | Calculating target value ratios
2025-07-23 10:13:25,892 | App.naive_bayes | INFO | Making prediction...
2025-07-23 10:13:25,892 | App.naive_bayes | INFO | Calculating posteriors...
2025-07-23 10:13:25,892 | App.naive_bayes | INFO | Posterior calculation completed
2025-07-23 10:13:25,892 | App.naive_bayes | INFO | Prediction result: Sweet
2025-07-23 10:13:25,892 | App.model | INFO | Calculating target value ratios
2025-07-23 10:13:25,893 | App.naive_bayes | INFO | Making prediction...
2025-07-23 10:13:25,893 | App.naive_bayes | INFO | Calculating posteriors...
2025-07-23 10:13:25,893 | App.naive_bayes | INFO | Posterior calculation completed
2025-07-23 10:13:25,893 | App.naive_bayes | INFO | Prediction result: Sweet
2025-07-23 10:13:25,893 | App.model | INFO | Calculating target value ratios
2025-07-23 10:13:25,893 | App.naive_bayes | INFO | Making prediction...
2025-07-23 10:13:25,893 | App.naive_bayes | INFO | Calculating posteriors...
2025-07-23 10:13:25,893 | App.naive_bayes | INFO | Posterior calculation completed
2025-07-23 10:13:25,893 | App.naive_bayes | INFO | Prediction result: Sweet
2025-07-23 10:13:25,893 | App.model | INFO | Calculating target value ratios
2025-07-23 10:13:25,894 | App.naive_bayes | INFO | Making prediction...
2025-07-23 10:13:25,894 | App.naive_bayes | INFO | Calculating posteriors...
2025-07-23 10:13:25,894 | App.naive_bayes | INFO | Posterior calculation completed
2025-07-23 10:13:25,894 | App.naive_bayes | INFO | Prediction result: Salty
2025-07-23 10:13:25,894 | App.model | INFO | Calculating target value ratios
2025-07-23 10:13:25,895 | App.naive_bayes | INFO | Making prediction...
2025-07-23 10:13:25,895 | App.naive_bayes | INFO | Calculating posteriors...
2025-07-23 10:13:25,895 | App.naive_bayes | INFO | Posterior calculation completed
2025-07-23 10:13:25,895 | App.naive_bayes | INFO | Prediction result: Sour
2025-07-23 10:13:25,895 | App.model | INFO | Calculating target value ratios
2025-07-23 10:13:25,895 | App.naive_bayes | INFO | Making prediction...
2025-07-23 10:13:25,895 | App.naive_bayes | INFO | Calculating posteriors...
2025-07-23 10:13:25,895 | App.naive_bayes | INFO | Posterior calculation completed
2025-07-23 10:13:25,895 | App.naive_bayes | INFO | Prediction result: Sour
2025-07-23 10:13:25,895 | App.model | INFO | Calculating target value ratios
2025-07-23 10:13:25,896 | App.naive_bayes | INFO | Making prediction...
2025-07-23 10:13:25,896 | App.naive_bayes | INFO | Calculating posteriors...
2025-07-23 10:13:25,896 | App.naive_bayes | INFO | Posterior calculation completed
2025-07-23 10:13:25,896 | App.naive_bayes | INFO | Prediction result: Sour
2025-07-23 10:13:25,896 | App.model | INFO | Calculating target value ratios
2025-07-23 10:13:25,896 | App.naive_bayes | INFO | Making prediction...
2025-07-23 10:13:25,897 | App.naive_bayes | INFO | Calculating posteriors...
2025-07-23 10:13:25,897 | App.naive_bayes | INFO | Posterior calculation completed
2025-07-23 10:13:25,897 | App.naive_bayes | INFO | Prediction result: Sweet
2025-07-23 10:13:25,897 | App.model | INFO | Calculating target value ratios
2025-07-23 10:13:25,897 | App.naive_bayes | INFO | Making prediction...
2025-07-23 10:13:25,897 | App.naive_bayes | INFO | Calculating posteriors...
2025-07-23 10:13:25,897 | App.naive_bayes | INFO | Posterior calculation completed
2025-07-23 10:13:25,897 | App.naive_bayes | INFO | Prediction result: Sour
2025-07-23 10:13:25,897 | App.model | INFO | Calculating target value ratios
2025-07-23 10:13:25,898 | App.naive_bayes | INFO | Making prediction...
2025-07-23 10:13:25,898 | App.naive_bayes | INFO | Calculating posteriors...
2025-07-23 10:13:25,898 | App.naive_bayes | INFO | Posterior calculation completed
2025-07-23 10:13:25,898 | App.naive_bayes | INFO | Prediction result: Sour
2025-07-23 10:13:25,898 | App.model | INFO | Calculating target value ratios
2025-07-23 10:13:25,898 | App.naive_bayes | INFO | Making prediction...
2025-07-23 10:13:25,898 | App.naive_bayes | INFO | Calculating posteriors...
2025-07-23 10:13:25,898 | App.naive_bayes | INFO | Posterior calculation completed
2025-07-23 10:13:25,898 | App.naive_bayes | INFO | Prediction result: Sour
2025-07-23 10:13:25,899 | App.model | INFO | Calculating target value ratios
2025-07-23 10:13:25,899 | App.naive_bayes | INFO | Making prediction...
2025-07-23 10:13:25,899 | App.naive_bayes | INFO | Calculating posteriors...
2025-07-23 10:13:25,899 | App.naive_bayes | INFO | Posterior calculation completed
2025-07-23 10:13:25,899 | App.naive_bayes | INFO | Prediction result: Sweet
2025-07-23 10:13:25,899 | App.model | INFO | Calculating target value ratios
2025-07-23 10:13:25,900 | App.naive_bayes | INFO | Making prediction...
2025-07-23 10:13:25,900 | App.naive_bayes | INFO | Calculating posteriors...
2025-07-23 10:13:25,900 | App.naive_bayes | INFO | Posterior calculation completed
2025-07-23 10:13:25,900 | App.naive_bayes | INFO | Prediction result: Sweet
2025-07-23 10:13:25,900 | App.model | INFO | Calculating target value ratios
2025-07-23 10:13:25,900 | App.naive_bayes | INFO | Making prediction...
2025-07-23 10:13:25,900 | App.naive_bayes | INFO | Calculating posteriors...
2025-07-23 10:13:25,900 | App.naive_bayes | INFO | Posterior calculation completed
2025-07-23 10:13:25,900 | App.naive_bayes | INFO | Prediction result: Sweet
2025-07-23 10:13:25,901 | App.model | INFO | Calculating target value ratios
2025-07-23 10:13:25,901 | App.naive_bayes | INFO | Making prediction...
2025-07-23 10:13:25,901 | App.naive_bayes | INFO | Calculating posteriors...
2025-07-23 10:13:25,901 | App.naive_bayes | INFO | Posterior calculation completed
2025-07-23 10:13:25,901 | App.naive_bayes | INFO | Prediction result: Sweet
2025-07-23 10:13:25,901 | App.model | INFO | Calculating target value ratios
2025-07-23 10:13:25,902 | App.naive_bayes | INFO | Making prediction...
2025-07-23 10:13:25,902 | App.naive_bayes | INFO | Calculating posteriors...
2025-07-23 10:13:25,902 | App.naive_bayes | INFO | Posterior calculation completed
2025-07-23 10:13:25,902 | App.naive_bayes | INFO | Prediction result: Sweet
2025-07-23 10:13:25,902 | App.model | INFO | Calculating target value ratios
2025-07-23 10:13:25,902 | App.naive_bayes | INFO | Making prediction...
2025-07-23 10:13:25,902 | App.naive_bayes | INFO | Calculating posteriors...
2025-07-23 10:13:25,902 | App.naive_bayes | INFO | Posterior calculation completed
2025-07-23 10:13:25,903 | App.naive_bayes | INFO | Prediction result: Sweet
2025-07-23 10:13:25,903 | App.model | INFO | Calculating target value ratios
2025-07-23 10:13:25,903 | App.naive_bayes | INFO | Making prediction...
2025-07-23 10:13:25,903 | App.naive_bayes | INFO | Calculating posteriors...
2025-07-23 10:13:25,903 | App.naive_bayes | INFO | Posterior calculation completed
2025-07-23 10:13:25,903 | App.naive_bayes | INFO | Prediction result: Sweet
2025-07-23 10:13:25,903 | App.model | INFO | Calculating target value ratios
2025-07-23 10:13:25,904 | App.naive_bayes | INFO | Making prediction...
2025-07-23 10:13:25,904 | App.naive_bayes | INFO | Calculating posteriors...
2025-07-23 10:13:25,904 | App.naive_bayes | INFO | Posterior calculation completed
2025-07-23 10:13:25,904 | App.naive_bayes | INFO | Prediction result: Salty
2025-07-23 10:13:25,904 | App.model | INFO | Calculating target value ratios
2025-07-23 10:13:25,904 | App.naive_bayes | INFO | Making prediction...
2025-07-23 10:13:25,904 | App.naive_bayes | INFO | Calculating posteriors...
2025-07-23 10:13:25,904 | App.naive_bayes | INFO | Posterior calculation completed
2025-07-23 10:13:25,904 | App.naive_bayes | INFO | Prediction result: Sweet
2025-07-23 10:13:25,904 | App.model | INFO | Calculating target value ratios
2025-07-23 10:13:25,905 | App.naive_bayes | INFO | Making prediction...
2025-07-23 10:13:25,905 | App.naive_bayes | INFO | Calculating posteriors...
2025-07-23 10:13:25,905 | App.naive_bayes | INFO | Posterior calculation completed
2025-07-23 10:13:25,905 | App.naive_bayes | INFO | Prediction result: Sour
2025-07-23 10:13:25,905 | App.model | INFO | Calculating target value ratios
2025-07-23 10:13:25,906 | App.naive_bayes | INFO | Making prediction...
2025-07-23 10:13:25,906 | App.naive_bayes | INFO | Calculating posteriors...
2025-07-23 10:13:25,906 | App.naive_bayes | INFO | Posterior calculation completed
2025-07-23 10:13:25,906 | App.naive_bayes | INFO | Prediction result: Salty
2025-07-23 10:13:25,906 | App.model | INFO | Calculating target value ratios
2025-07-23 10:13:25,906 | App.naive_bayes | INFO | Making prediction...
2025-07-23 10:13:25,906 | App.naive_bayes | INFO | Calculating posteriors...
2025-07-23 10:13:25,906 | App.naive_bayes | INFO | Posterior calculation completed
2025-07-23 10:13:25,906 | App.naive_bayes | INFO | Prediction result: Sweet
2025-07-23 10:13:25,906 | App.model | INFO | Calculating target value ratios
2025-07-23 10:13:25,907 | App.naive_bayes | INFO | Making prediction...
2025-07-23 10:13:25,907 | App.naive_bayes | INFO | Calculating posteriors...
2025-07-23 10:13:25,907 | App.naive_bayes | INFO | Posterior calculation completed
2025-07-23 10:13:25,907 | App.naive_bayes | INFO | Prediction result: Sweet
2025-07-23 10:13:25,907 | App.model | INFO | Calculating target value ratios
2025-07-23 10:13:25,907 | App.naive_bayes | INFO | Making prediction...
2025-07-23 10:13:25,907 | App.naive_bayes | INFO | Calculating posteriors...
2025-07-23 10:13:25,908 | App.naive_bayes | INFO | Posterior calculation completed
2025-07-23 10:13:25,908 | App.naive_bayes | INFO | Prediction result: Sour
2025-07-23 10:13:25,908 | App.model | INFO | Calculating target value ratios
2025-07-23 10:13:25,908 | App.naive_bayes | INFO | Making prediction...
2025-07-23 10:13:25,908 | App.naive_bayes | INFO | Calculating posteriors...
2025-07-23 10:13:25,908 | App.naive_bayes | INFO | Posterior calculation completed
2025-07-23 10:13:25,908 | App.naive_bayes | INFO | Prediction result: Sweet
2025-07-23 10:13:25,908 | App.model | INFO | Calculating target value ratios
2025-07-23 10:13:25,909 | App.naive_bayes | INFO | Making prediction...
2025-07-23 10:13:25,909 | App.naive_bayes | INFO | Calculating posteriors...
2025-07-23 10:13:25,909 | App.naive_bayes | INFO | Posterior calculation completed
2025-07-23 10:13:25,909 | App.naive_bayes | INFO | Prediction result: Sweet
2025-07-23 10:13:25,909 | App.model | INFO | Calculating target value ratios
2025-07-23 10:13:25,909 | App.naive_bayes | INFO | Making prediction...
2025-07-23 10:13:25,909 | App.naive_bayes | INFO | Calculating posteriors...
2025-07-23 10:13:25,909 | App.naive_bayes | INFO | Posterior calculation completed
2025-07-23 10:13:25,909 | App.naive_bayes | INFO | Prediction result: Sweet
2025-07-23 10:13:25,910 | App.model | INFO | Calculating target value ratios
2025-07-23 10:13:25,910 | App.naive_bayes | INFO | Making prediction...
2025-07-23 10:13:25,910 | App.naive_bayes | INFO | Calculating posteriors...
2025-07-23 10:13:25,910 | App.naive_bayes | INFO | Posterior calculation completed
2025-07-23 10:13:25,910 | App.naive_bayes | INFO | Prediction result: Sour
2025-07-23 10:13:25,910 | App.model | INFO | Calculating target value ratios
2025-07-23 10:13:25,911 | App.naive_bayes | INFO | Making prediction...
2025-07-23 10:13:25,911 | App.naive_bayes | INFO | Calculating posteriors...
2025-07-23 10:13:25,911 | App.naive_bayes | INFO | Posterior calculation completed
2025-07-23 10:13:25,911 | App.naive_bayes | INFO | Prediction result: Salty
2025-07-23 10:13:25,911 | App.model | INFO | Calculating target value ratios
2025-07-23 10:13:25,911 | App.naive_bayes | INFO | Making prediction...
2025-07-23 10:13:25,911 | App.naive_bayes | INFO | Calculating posteriors...
2025-07-23 10:13:25,911 | App.naive_bayes | INFO | Posterior calculation completed
2025-07-23 10:13:25,911 | App.naive_bayes | INFO | Prediction result: Sweet
2025-07-23 10:13:25,911 | App.model | INFO | Calculating target value ratios
2025-07-23 10:13:25,912 | App.naive_bayes | INFO | Making prediction...
2025-07-23 10:13:25,912 | App.naive_bayes | INFO | Calculating posteriors...
2025-07-23 10:13:25,912 | App.naive_bayes | INFO | Posterior calculation completed
2025-07-23 10:13:25,912 | App.naive_bayes | INFO | Prediction result: Sour
2025-07-23 10:13:25,912 | App.model | INFO | Calculating target value ratios
2025-07-23 10:13:25,912 | App.naive_bayes | INFO | Making prediction...
2025-07-23 10:13:25,913 | App.naive_bayes | INFO | Calculating posteriors...
2025-07-23 10:13:25,913 | App.naive_bayes | INFO | Posterior calculation completed
2025-07-23 10:13:25,913 | App.naive_bayes | INFO | Prediction result: Sweet
2025-07-23 10:13:25,913 | App.model | INFO | Calculating target value ratios
2025-07-23 10:13:25,913 | App.naive_bayes | INFO | Making prediction...
2025-07-23 10:13:25,913 | App.naive_bayes | INFO | Calculating posteriors...
2025-07-23 10:13:25,913 | App.naive_bayes | INFO | Posterior calculation completed
2025-07-23 10:13:25,913 | App.naive_bayes | INFO | Prediction result: Sweet
2025-07-23 10:13:25,913 | App.model | INFO | Calculating target value ratios
2025-07-23 10:13:25,914 | App.naive_bayes | INFO | Making prediction...
2025-07-23 10:13:25,914 | App.naive_bayes | INFO | Calculating posteriors...
2025-07-23 10:13:25,914 | App.naive_bayes | INFO | Posterior calculation completed
2025-07-23 10:13:25,914 | App.naive_bayes | INFO | Prediction result: Sour
2025-07-23 10:13:25,914 | App.model | INFO | Calculating target value ratios
2025-07-23 10:13:25,914 | App.naive_bayes | INFO | Making prediction...
2025-07-23 10:13:25,914 | App.naive_bayes | INFO | Calculating posteriors...
2025-07-23 10:13:25,914 | App.naive_bayes | INFO | Posterior calculation completed
2025-07-23 10:13:25,914 | App.naive_bayes | INFO | Prediction result: Sweet
2025-07-23 10:13:25,915 | App.model | INFO | Calculating target value ratios
2025-07-23 10:13:25,915 | App.naive_bayes | INFO | Making prediction...
2025-07-23 10:13:25,915 | App.naive_bayes | INFO | Calculating posteriors...
2025-07-23 10:13:25,915 | App.naive_bayes | INFO | Posterior calculation completed
2025-07-23 10:13:25,915 | App.naive_bayes | INFO | Prediction result: Sweet
2025-07-23 10:13:25,915 | App.model | INFO | Calculating target value ratios
2025-07-23 10:13:25,916 | App.naive_bayes | INFO | Making prediction...
2025-07-23 10:13:25,916 | App.naive_bayes | INFO | Calculating posteriors...
2025-07-23 10:13:25,916 | App.naive_bayes | INFO | Posterior calculation completed
2025-07-23 10:13:25,916 | App.naive_bayes | INFO | Prediction result: Salty
2025-07-23 10:13:25,916 | App.model | INFO | Calculating target value ratios
2025-07-23 10:13:25,917 | App.naive_bayes | INFO | Making prediction...
2025-07-23 10:13:25,917 | App.naive_bayes | INFO | Calculating posteriors...
2025-07-23 10:13:25,917 | App.naive_bayes | INFO | Posterior calculation completed
2025-07-23 10:13:25,917 | App.naive_bayes | INFO | Prediction result: Salty
2025-07-23 10:13:25,917 | App.model | INFO | Calculating target value ratios
2025-07-23 10:13:25,917 | App.naive_bayes | INFO | Making prediction...
2025-07-23 10:13:25,917 | App.naive_bayes | INFO | Calculating posteriors...
2025-07-23 10:13:25,917 | App.naive_bayes | INFO | Posterior calculation completed
2025-07-23 10:13:25,917 | App.naive_bayes | INFO | Prediction result: Sour
2025-07-23 10:13:25,918 | App.model | INFO | Calculating target value ratios
2025-07-23 10:13:25,918 | App.naive_bayes | INFO | Making prediction...
2025-07-23 10:13:25,918 | App.naive_bayes | INFO | Calculating posteriors...
2025-07-23 10:13:25,918 | App.naive_bayes | INFO | Posterior calculation completed
2025-07-23 10:13:25,918 | App.naive_bayes | INFO | Prediction result: Sweet
2025-07-23 10:13:25,918 | App.model | INFO | Calculating target value ratios
2025-07-23 10:13:25,919 | App.naive_bayes | INFO | Making prediction...
2025-07-23 10:13:25,919 | App.naive_bayes | INFO | Calculating posteriors...
2025-07-23 10:13:25,919 | App.naive_bayes | INFO | Posterior calculation completed
2025-07-23 10:13:25,919 | App.naive_bayes | INFO | Prediction result: Sour
2025-07-23 10:13:25,919 | App.model | INFO | Calculating target value ratios
2025-07-23 10:13:25,919 | App.naive_bayes | INFO | Making prediction...
2025-07-23 10:13:25,919 | App.naive_bayes | INFO | Calculating posteriors...
2025-07-23 10:13:25,919 | App.naive_bayes | INFO | Posterior calculation completed
2025-07-23 10:13:25,919 | App.naive_bayes | INFO | Prediction result: Sweet
2025-07-23 10:13:25,919 | App.model | INFO | Calculating target value ratios
2025-07-23 10:13:25,920 | App.naive_bayes | INFO | Making prediction...
2025-07-23 10:13:25,920 | App.naive_bayes | INFO | Calculating posteriors...
2025-07-23 10:13:25,920 | App.naive_bayes | INFO | Posterior calculation completed
2025-07-23 10:13:25,920 | App.naive_bayes | INFO | Prediction result: Salty
2025-07-23 10:13:25,920 | App.model | INFO | Calculating target value ratios
2025-07-23 10:13:25,920 | App.naive_bayes | INFO | Making prediction...
2025-07-23 10:13:25,921 | App.naive_bayes | INFO | Calculating posteriors...
2025-07-23 10:13:25,921 | App.naive_bayes | INFO | Posterior calculation completed
2025-07-23 10:13:25,921 | App.naive_bayes | INFO | Prediction result: Sweet
2025-07-23 10:13:25,921 | App.model | INFO | Calculating target value ratios
2025-07-23 10:13:25,921 | App.naive_bayes | INFO | Making prediction...
2025-07-23 10:13:25,921 | App.naive_bayes | INFO | Calculating posteriors...
2025-07-23 10:13:25,921 | App.naive_bayes | INFO | Posterior calculation completed
2025-07-23 10:13:25,921 | App.naive_bayes | INFO | Prediction result: Sour
2025-07-23 10:13:25,921 | App.model | INFO | Calculating target value ratios
2025-07-23 10:13:25,922 | App.naive_bayes | INFO | Making prediction...
2025-07-23 10:13:25,922 | App.naive_bayes | INFO | Calculating posteriors...
2025-07-23 10:13:25,922 | App.naive_bayes | INFO | Posterior calculation completed
2025-07-23 10:13:25,922 | App.naive_bayes | INFO | Prediction result: Sour
2025-07-23 10:13:25,922 | App.model | INFO | Calculating target value ratios
2025-07-23 10:13:25,923 | App.naive_bayes | INFO | Making prediction...
2025-07-23 10:13:25,923 | App.naive_bayes | INFO | Calculating posteriors...
2025-07-23 10:13:25,923 | App.naive_bayes | INFO | Posterior calculation completed
2025-07-23 10:13:25,923 | App.naive_bayes | INFO | Prediction result: Salty
2025-07-23 10:13:25,923 | App.model | INFO | Calculating target value ratios
2025-07-23 10:13:25,923 | App.naive_bayes | INFO | Making prediction...
2025-07-23 10:13:25,923 | App.naive_bayes | INFO | Calculating posteriors...
2025-07-23 10:13:25,923 | App.naive_bayes | INFO | Posterior calculation completed
2025-07-23 10:13:25,923 | App.naive_bayes | INFO | Prediction result: Sweet
2025-07-23 10:13:25,923 | App.model | INFO | Calculating target value ratios
2025-07-23 10:13:25,924 | App.naive_bayes | INFO | Making prediction...
2025-07-23 10:13:25,924 | App.naive_bayes | INFO | Calculating posteriors...
2025-07-23 10:13:25,924 | App.naive_bayes | INFO | Posterior calculation completed
2025-07-23 10:13:25,924 | App.naive_bayes | INFO | Prediction result: Sweet
2025-07-23 10:13:25,924 | App.model | INFO | Calculating target value ratios
2025-07-23 10:13:25,924 | App.naive_bayes | INFO | Making prediction...
2025-07-23 10:13:25,924 | App.naive_bayes | INFO | Calculating posteriors...
2025-07-23 10:13:25,925 | App.naive_bayes | INFO | Posterior calculation completed
2025-07-23 10:13:25,925 | App.naive_bayes | INFO | Prediction result: Sweet
2025-07-23 10:13:25,925 | App.model | INFO | Calculating target value ratios
2025-07-23 10:13:25,925 | App.naive_bayes | INFO | Making prediction...
2025-07-23 10:13:25,925 | App.naive_bayes | INFO | Calculating posteriors...
2025-07-23 10:13:25,925 | App.naive_bayes | INFO | Posterior calculation completed
2025-07-23 10:13:25,925 | App.naive_bayes | INFO | Prediction result: Sour
2025-07-23 10:13:25,925 | App.model | INFO | Calculating target value ratios
2025-07-23 10:13:25,926 | App.naive_bayes | INFO | Making prediction...
2025-07-23 10:13:25,926 | App.naive_bayes | INFO | Calculating posteriors...
2025-07-23 10:13:25,926 | App.naive_bayes | INFO | Posterior calculation completed
2025-07-23 10:13:25,926 | App.naive_bayes | INFO | Prediction result: Salty
2025-07-23 10:13:25,926 | App.model | INFO | Calculating target value ratios
2025-07-23 10:13:25,926 | App.naive_bayes | INFO | Making prediction...
2025-07-23 10:13:25,926 | App.naive_bayes | INFO | Calculating posteriors...
2025-07-23 10:13:25,926 | App.naive_bayes | INFO | Posterior calculation completed
2025-07-23 10:13:25,926 | App.naive_bayes | INFO | Prediction result: Sour
2025-07-23 10:13:25,926 | App.model | INFO | Calculating target value ratios
2025-07-23 10:13:25,927 | App.naive_bayes | INFO | Making prediction...
2025-07-23 10:13:25,927 | App.naive_bayes | INFO | Calculating posteriors...
2025-07-23 10:13:25,927 | App.naive_bayes | INFO | Posterior calculation completed
2025-07-23 10:13:25,927 | App.naive_bayes | INFO | Prediction result: Sweet
2025-07-23 10:13:25,927 | App.model | INFO | Calculating target value ratios
2025-07-23 10:13:25,927 | App.naive_bayes | INFO | Making prediction...
2025-07-23 10:13:25,928 | App.naive_bayes | INFO | Calculating posteriors...
2025-07-23 10:13:25,928 | App.naive_bayes | INFO | Posterior calculation completed
2025-07-23 10:13:25,928 | App.naive_bayes | INFO | Prediction result: Sweet
2025-07-23 10:13:25,928 | App.model | INFO | Calculating target value ratios
2025-07-23 10:13:25,928 | App.naive_bayes | INFO | Making prediction...
2025-07-23 10:13:25,928 | App.naive_bayes | INFO | Calculating posteriors...
2025-07-23 10:13:25,928 | App.naive_bayes | INFO | Posterior calculation completed
2025-07-23 10:13:25,928 | App.naive_bayes | INFO | Prediction result: Sour
2025-07-23 10:13:25,928 | App.model | INFO | Calculating target value ratios
2025-07-23 10:13:25,929 | App.naive_bayes | INFO | Making prediction...
2025-07-23 10:13:25,929 | App.naive_bayes | INFO | Calculating posteriors...
2025-07-23 10:13:25,929 | App.naive_bayes | INFO | Posterior calculation completed
2025-07-23 10:13:25,929 | App.naive_bayes | INFO | Prediction result: Sweet
2025-07-23 10:13:25,929 | App.model | INFO | Calculating target value ratios
2025-07-23 10:13:25,929 | App.naive_bayes | INFO | Making prediction...
2025-07-23 10:13:25,929 | App.naive_bayes | INFO | Calculating posteriors...
2025-07-23 10:13:25,930 | App.naive_bayes | INFO | Posterior calculation completed
2025-07-23 10:13:25,930 | App.naive_bayes | INFO | Prediction result: Sour
2025-07-23 10:13:25,930 | App.model | INFO | Calculating target value ratios
2025-07-23 10:13:25,930 | App.naive_bayes | INFO | Making prediction...
2025-07-23 10:13:25,930 | App.naive_bayes | INFO | Calculating posteriors...
2025-07-23 10:13:25,930 | App.naive_bayes | INFO | Posterior calculation completed
2025-07-23 10:13:25,930 | App.naive_bayes | INFO | Prediction result: Sweet
2025-07-23 10:13:25,930 | App.model | INFO | Calculating target value ratios
2025-07-23 10:13:25,931 | App.naive_bayes | INFO | Making prediction...
2025-07-23 10:13:25,931 | App.naive_bayes | INFO | Calculating posteriors...
2025-07-23 10:13:25,931 | App.naive_bayes | INFO | Posterior calculation completed
2025-07-23 10:13:25,931 | App.naive_bayes | INFO | Prediction result: Sweet
2025-07-23 10:13:25,931 | App.model | INFO | Calculating target value ratios
2025-07-23 10:13:25,932 | App.naive_bayes | INFO | Making prediction...
2025-07-23 10:13:25,932 | App.naive_bayes | INFO | Calculating posteriors...
2025-07-23 10:13:25,932 | App.naive_bayes | INFO | Posterior calculation completed
2025-07-23 10:13:25,932 | App.naive_bayes | INFO | Prediction result: Sweet
2025-07-23 10:13:25,932 | App.model | INFO | Calculating target value ratios
2025-07-23 10:13:25,932 | App.naive_bayes | INFO | Making prediction...
2025-07-23 10:13:25,932 | App.naive_bayes | INFO | Calculating posteriors...
2025-07-23 10:13:25,932 | App.naive_bayes | INFO | Posterior calculation completed
2025-07-23 10:13:25,932 | App.naive_bayes | INFO | Prediction result: Sweet
2025-07-23 10:13:25,932 | App.model | INFO | Calculating target value ratios
2025-07-23 10:13:25,933 | App.naive_bayes | INFO | Making prediction...
2025-07-23 10:13:25,933 | App.naive_bayes | INFO | Calculating posteriors...
2025-07-23 10:13:25,933 | App.naive_bayes | INFO | Posterior calculation completed
2025-07-23 10:13:25,933 | App.naive_bayes | INFO | Prediction result: Sweet
2025-07-23 10:13:25,933 | App.model | INFO | Calculating target value ratios
2025-07-23 10:13:25,934 | App.naive_bayes | INFO | Making prediction...
2025-07-23 10:13:25,934 | App.naive_bayes | INFO | Calculating posteriors...
2025-07-23 10:13:25,934 | App.naive_bayes | INFO | Posterior calculation completed
2025-07-23 10:13:25,934 | App.naive_bayes | INFO | Prediction result: Sweet
2025-07-23 10:13:25,934 | App.model | INFO | Calculating target value ratios
2025-07-23 10:13:25,934 | App.naive_bayes | INFO | Making prediction...
2025-07-23 10:13:25,934 | App.naive_bayes | INFO | Calculating posteriors...
2025-07-23 10:13:25,934 | App.naive_bayes | INFO | Posterior calculation completed
2025-07-23 10:13:25,934 | App.naive_bayes | INFO | Prediction result: Sour
2025-07-23 10:13:25,934 | App.model | INFO | Calculating target value ratios
2025-07-23 10:13:25,935 | App.naive_bayes | INFO | Making prediction...
2025-07-23 10:13:25,935 | App.naive_bayes | INFO | Calculating posteriors...
2025-07-23 10:13:25,935 | App.naive_bayes | INFO | Posterior calculation completed
2025-07-23 10:13:25,935 | App.naive_bayes | INFO | Prediction result: Salty
2025-07-23 10:13:25,935 | App.model | INFO | Calculating target value ratios
2025-07-23 10:13:25,935 | App.naive_bayes | INFO | Making prediction...
2025-07-23 10:13:25,936 | App.naive_bayes | INFO | Calculating posteriors...
2025-07-23 10:13:25,936 | App.naive_bayes | INFO | Posterior calculation completed
2025-07-23 10:13:25,936 | App.naive_bayes | INFO | Prediction result: Sour
2025-07-23 10:13:25,936 | App.model | INFO | Calculating target value ratios
2025-07-23 10:13:25,936 | App.naive_bayes | INFO | Making prediction...
2025-07-23 10:13:25,936 | App.naive_bayes | INFO | Calculating posteriors...
2025-07-23 10:13:25,936 | App.naive_bayes | INFO | Posterior calculation completed
2025-07-23 10:13:25,936 | App.naive_bayes | INFO | Prediction result: Sweet
2025-07-23 10:13:25,936 | App.model | INFO | Calculating target value ratios
2025-07-23 10:13:25,937 | App.naive_bayes | INFO | Making prediction...
2025-07-23 10:13:25,937 | App.naive_bayes | INFO | Calculating posteriors...
2025-07-23 10:13:25,937 | App.naive_bayes | INFO | Posterior calculation completed
2025-07-23 10:13:25,937 | App.naive_bayes | INFO | Prediction result: Sour
2025-07-23 10:13:25,937 | App.model | INFO | Calculating target value ratios
2025-07-23 10:13:25,937 | App.naive_bayes | INFO | Making prediction...
2025-07-23 10:13:25,937 | App.naive_bayes | INFO | Calculating posteriors...
2025-07-23 10:13:25,937 | App.naive_bayes | INFO | Posterior calculation completed
2025-07-23 10:13:25,938 | App.naive_bayes | INFO | Prediction result: Sour
2025-07-23 10:13:25,938 | App.model | INFO | Calculating target value ratios
2025-07-23 10:13:25,938 | App.naive_bayes | INFO | Making prediction...
2025-07-23 10:13:25,938 | App.naive_bayes | INFO | Calculating posteriors...
2025-07-23 10:13:25,938 | App.naive_bayes | INFO | Posterior calculation completed
2025-07-23 10:13:25,938 | App.naive_bayes | INFO | Prediction result: Sour
2025-07-23 10:13:25,938 | App.model | INFO | Calculating target value ratios
2025-07-23 10:13:25,939 | App.naive_bayes | INFO | Making prediction...
2025-07-23 10:13:25,939 | App.naive_bayes | INFO | Calculating posteriors...
2025-07-23 10:13:25,939 | App.naive_bayes | INFO | Posterior calculation completed
2025-07-23 10:13:25,939 | App.naive_bayes | INFO | Prediction result: Sweet
2025-07-23 10:13:25,939 | App.model | INFO | Calculating target value ratios
2025-07-23 10:13:25,939 | App.naive_bayes | INFO | Making prediction...
2025-07-23 10:13:25,939 | App.naive_bayes | INFO | Calculating posteriors...
2025-07-23 10:13:25,940 | App.naive_bayes | INFO | Posterior calculation completed
2025-07-23 10:13:25,940 | App.naive_bayes | INFO | Prediction result: Sweet
2025-07-23 10:13:25,940 | App.model | INFO | Calculating target value ratios
2025-07-23 10:13:25,940 | App.naive_bayes | INFO | Making prediction...
2025-07-23 10:13:25,940 | App.naive_bayes | INFO | Calculating posteriors...
2025-07-23 10:13:25,940 | App.naive_bayes | INFO | Posterior calculation completed
2025-07-23 10:13:25,940 | App.naive_bayes | INFO | Prediction result: Sweet
2025-07-23 10:13:25,940 | App.model | INFO | Calculating target value ratios
2025-07-23 10:13:25,941 | App.naive_bayes | INFO | Making prediction...
2025-07-23 10:13:25,941 | App.naive_bayes | INFO | Calculating posteriors...
2025-07-23 10:13:25,941 | App.naive_bayes | INFO | Posterior calculation completed
2025-07-23 10:13:25,941 | App.naive_bayes | INFO | Prediction result: Sweet
2025-07-23 10:13:25,941 | App.model | INFO | Calculating target value ratios
2025-07-23 10:13:25,941 | App.naive_bayes | INFO | Making prediction...
2025-07-23 10:13:25,941 | App.naive_bayes | INFO | Calculating posteriors...
2025-07-23 10:13:25,941 | App.naive_bayes | INFO | Posterior calculation completed
2025-07-23 10:13:25,941 | App.naive_bayes | INFO | Prediction result: Sour
2025-07-23 10:13:25,941 | App.model | INFO | Calculating target value ratios
2025-07-23 10:13:25,942 | App.naive_bayes | INFO | Making prediction...
2025-07-23 10:13:25,942 | App.naive_bayes | INFO | Calculating posteriors...
2025-07-23 10:13:25,942 | App.naive_bayes | INFO | Posterior calculation completed
2025-07-23 10:13:25,942 | App.naive_bayes | INFO | Prediction result: Sweet
2025-07-23 10:13:25,942 | App.model | INFO | Calculating target value ratios
2025-07-23 10:13:25,943 | App.naive_bayes | INFO | Making prediction...
2025-07-23 10:13:25,943 | App.naive_bayes | INFO | Calculating posteriors...
2025-07-23 10:13:25,943 | App.naive_bayes | INFO | Posterior calculation completed
2025-07-23 10:13:25,943 | App.naive_bayes | INFO | Prediction result: Sweet
2025-07-23 10:13:25,943 | App.model | INFO | Calculating target value ratios
2025-07-23 10:13:25,944 | App.naive_bayes | INFO | Making prediction...
2025-07-23 10:13:25,944 | App.naive_bayes | INFO | Calculating posteriors...
2025-07-23 10:13:25,944 | App.naive_bayes | INFO | Posterior calculation completed
2025-07-23 10:13:25,944 | App.naive_bayes | INFO | Prediction result: Salty
2025-07-23 10:13:25,944 | App.model | INFO | Calculating target value ratios
2025-07-23 10:13:25,944 | App.naive_bayes | INFO | Making prediction...
2025-07-23 10:13:25,944 | App.naive_bayes | INFO | Calculating posteriors...
2025-07-23 10:13:25,944 | App.naive_bayes | INFO | Posterior calculation completed
2025-07-23 10:13:25,944 | App.naive_bayes | INFO | Prediction result: Sweet
2025-07-23 10:13:25,944 | App.model | INFO | Calculating target value ratios
2025-07-23 10:13:25,945 | App.naive_bayes | INFO | Making prediction...
2025-07-23 10:13:25,945 | App.naive_bayes | INFO | Calculating posteriors...
2025-07-23 10:13:25,945 | App.naive_bayes | INFO | Posterior calculation completed
2025-07-23 10:13:25,945 | App.naive_bayes | INFO | Prediction result: Sour
2025-07-23 10:13:25,945 | App.model | INFO | Calculating target value ratios
2025-07-23 10:13:25,945 | App.naive_bayes | INFO | Making prediction...
2025-07-23 10:13:25,946 | App.naive_bayes | INFO | Calculating posteriors...
2025-07-23 10:13:25,946 | App.naive_bayes | INFO | Posterior calculation completed
2025-07-23 10:13:25,946 | App.naive_bayes | INFO | Prediction result: Sour
2025-07-23 10:13:25,946 | App.model | INFO | Calculating target value ratios
2025-07-23 10:13:25,946 | App.naive_bayes | INFO | Making prediction...
2025-07-23 10:13:25,946 | App.naive_bayes | INFO | Calculating posteriors...
2025-07-23 10:13:25,946 | App.naive_bayes | INFO | Posterior calculation completed
2025-07-23 10:13:25,946 | App.naive_bayes | INFO | Prediction result: Sweet
2025-07-23 10:13:25,946 | App.model | INFO | Calculating target value ratios
2025-07-23 10:13:25,947 | App.naive_bayes | INFO | Making prediction...
2025-07-23 10:13:25,947 | App.naive_bayes | INFO | Calculating posteriors...
2025-07-23 10:13:25,947 | App.naive_bayes | INFO | Posterior calculation completed
2025-07-23 10:13:25,947 | App.naive_bayes | INFO | Prediction result: Sweet
2025-07-23 10:13:25,947 | App.model | INFO | Calculating target value ratios
2025-07-23 10:13:25,947 | App.naive_bayes | INFO | Making prediction...
2025-07-23 10:13:25,947 | App.naive_bayes | INFO | Calculating posteriors...
2025-07-23 10:13:25,948 | App.naive_bayes | INFO | Posterior calculation completed
2025-07-23 10:13:25,948 | App.naive_bayes | INFO | Prediction result: Sweet
2025-07-23 10:13:25,948 | App.model | INFO | Calculating target value ratios
2025-07-23 10:13:25,948 | App.naive_bayes | INFO | Making prediction...
2025-07-23 10:13:25,948 | App.naive_bayes | INFO | Calculating posteriors...
2025-07-23 10:13:25,948 | App.naive_bayes | INFO | Posterior calculation completed
2025-07-23 10:13:25,948 | App.naive_bayes | INFO | Prediction result: Sweet
2025-07-23 10:13:25,948 | App.model | INFO | Calculating target value ratios
2025-07-23 10:13:25,949 | App.naive_bayes | INFO | Making prediction...
2025-07-23 10:13:25,949 | App.naive_bayes | INFO | Calculating posteriors...
2025-07-23 10:13:25,949 | App.naive_bayes | INFO | Posterior calculation completed
2025-07-23 10:13:25,949 | App.naive_bayes | INFO | Prediction result: Sour
2025-07-23 10:13:25,949 | App.model | INFO | Calculating target value ratios
2025-07-23 10:13:25,949 | App.naive_bayes | INFO | Making prediction...
2025-07-23 10:13:25,949 | App.naive_bayes | INFO | Calculating posteriors...
2025-07-23 10:13:25,949 | App.naive_bayes | INFO | Posterior calculation completed
2025-07-23 10:13:25,949 | App.naive_bayes | INFO | Prediction result: Salty
2025-07-23 10:13:25,949 | App.model | INFO | Calculating target value ratios
2025-07-23 10:13:25,950 | App.naive_bayes | INFO | Making prediction...
2025-07-23 10:13:25,950 | App.naive_bayes | INFO | Calculating posteriors...
2025-07-23 10:13:25,950 | App.naive_bayes | INFO | Posterior calculation completed
2025-07-23 10:13:25,950 | App.naive_bayes | INFO | Prediction result: Sour
2025-07-23 10:13:25,950 | App.model | INFO | Calculating target value ratios
2025-07-23 10:13:25,951 | App.naive_bayes | INFO | Making prediction...
2025-07-23 10:13:25,951 | App.naive_bayes | INFO | Calculating posteriors...
2025-07-23 10:13:25,951 | App.naive_bayes | INFO | Posterior calculation completed
2025-07-23 10:13:25,951 | App.naive_bayes | INFO | Prediction result: Salty
2025-07-23 10:13:25,951 | App.model | INFO | Calculating target value ratios
2025-07-23 10:13:25,951 | App.naive_bayes | INFO | Making prediction...
2025-07-23 10:13:25,951 | App.naive_bayes | INFO | Calculating posteriors...
2025-07-23 10:13:25,951 | App.naive_bayes | INFO | Posterior calculation completed
2025-07-23 10:13:25,951 | App.naive_bayes | INFO | Prediction result: Sour
2025-07-23 10:13:25,951 | App.model | INFO | Calculating target value ratios
2025-07-23 10:13:25,952 | App.naive_bayes | INFO | Making prediction...
2025-07-23 10:13:25,952 | App.naive_bayes | INFO | Calculating posteriors...
2025-07-23 10:13:25,952 | App.naive_bayes | INFO | Posterior calculation completed
2025-07-23 10:13:25,952 | App.naive_bayes | INFO | Prediction result: Sweet
2025-07-23 10:13:25,952 | App.model | INFO | Calculating target value ratios
2025-07-23 10:13:25,952 | App.naive_bayes | INFO | Making prediction...
2025-07-23 10:13:25,952 | App.naive_bayes | INFO | Calculating posteriors...
2025-07-23 10:13:25,952 | App.naive_bayes | INFO | Posterior calculation completed
2025-07-23 10:13:25,952 | App.naive_bayes | INFO | Prediction result: Sweet
2025-07-23 10:13:25,953 | App.model | INFO | Calculating target value ratios
2025-07-23 10:13:25,953 | App.naive_bayes | INFO | Making prediction...
2025-07-23 10:13:25,953 | App.naive_bayes | INFO | Calculating posteriors...
2025-07-23 10:13:25,953 | App.naive_bayes | INFO | Posterior calculation completed
2025-07-23 10:13:25,953 | App.naive_bayes | INFO | Prediction result: Sweet
2025-07-23 10:13:25,953 | App.model | INFO | Calculating target value ratios
2025-07-23 10:13:25,954 | App.naive_bayes | INFO | Making prediction...
2025-07-23 10:13:25,954 | App.naive_bayes | INFO | Calculating posteriors...
2025-07-23 10:13:25,954 | App.naive_bayes | INFO | Posterior calculation completed
2025-07-23 10:13:25,954 | App.naive_bayes | INFO | Prediction result: Salty
2025-07-23 10:13:25,954 | App.model | INFO | Calculating target value ratios
2025-07-23 10:13:25,954 | App.naive_bayes | INFO | Making prediction...
2025-07-23 10:13:25,954 | App.naive_bayes | INFO | Calculating posteriors...
2025-07-23 10:13:25,954 | App.naive_bayes | INFO | Posterior calculation completed
2025-07-23 10:13:25,954 | App.naive_bayes | INFO | Prediction result: Sweet
2025-07-23 10:13:25,954 | App.model | INFO | Calculating target value ratios
2025-07-23 10:13:25,955 | App.naive_bayes | INFO | Making prediction...
2025-07-23 10:13:25,955 | App.naive_bayes | INFO | Calculating posteriors...
2025-07-23 10:13:25,955 | App.naive_bayes | INFO | Posterior calculation completed
2025-07-23 10:13:25,955 | App.naive_bayes | INFO | Prediction result: Sour
2025-07-23 10:13:25,955 | App.model | INFO | Calculating target value ratios
2025-07-23 10:13:25,955 | App.naive_bayes | INFO | Making prediction...
2025-07-23 10:13:25,955 | App.naive_bayes | INFO | Calculating posteriors...
2025-07-23 10:13:25,956 | App.naive_bayes | INFO | Posterior calculation completed
2025-07-23 10:13:25,956 | App.naive_bayes | INFO | Prediction result: Sour
2025-07-23 10:13:25,956 | App.model | INFO | Calculating target value ratios
2025-07-23 10:13:25,956 | App.naive_bayes | INFO | Making prediction...
2025-07-23 10:13:25,956 | App.naive_bayes | INFO | Calculating posteriors...
2025-07-23 10:13:25,956 | App.naive_bayes | INFO | Posterior calculation completed
2025-07-23 10:13:25,957 | App.naive_bayes | INFO | Prediction result: Sweet
2025-07-23 10:13:25,957 | App.model | INFO | Calculating target value ratios
2025-07-23 10:13:25,957 | App.naive_bayes | INFO | Making prediction...
2025-07-23 10:13:25,957 | App.naive_bayes | INFO | Calculating posteriors...
2025-07-23 10:13:25,957 | App.naive_bayes | INFO | Posterior calculation completed
2025-07-23 10:13:25,957 | App.naive_bayes | INFO | Prediction result: Sweet
2025-07-23 10:13:25,957 | App.model | INFO | Calculating target value ratios
2025-07-23 10:13:25,958 | App.naive_bayes | INFO | Making prediction...
2025-07-23 10:13:25,958 | App.naive_bayes | INFO | Calculating posteriors...
2025-07-23 10:13:25,958 | App.naive_bayes | INFO | Posterior calculation completed
2025-07-23 10:13:25,958 | App.naive_bayes | INFO | Prediction result: Sour
2025-07-23 10:13:25,958 | App.model | INFO | Calculating target value ratios
2025-07-23 10:13:25,959 | App.naive_bayes | INFO | Making prediction...
2025-07-23 10:13:25,959 | App.naive_bayes | INFO | Calculating posteriors...
2025-07-23 10:13:25,959 | App.naive_bayes | INFO | Posterior calculation completed
2025-07-23 10:13:25,959 | App.naive_bayes | INFO | Prediction result: Sour
2025-07-23 10:13:25,959 | App.model | INFO | Calculating target value ratios
2025-07-23 10:13:25,959 | App.naive_bayes | INFO | Making prediction...
2025-07-23 10:13:25,959 | App.naive_bayes | INFO | Calculating posteriors...
2025-07-23 10:13:25,959 | App.naive_bayes | INFO | Posterior calculation completed
2025-07-23 10:13:25,959 | App.naive_bayes | INFO | Prediction result: Sweet
2025-07-23 10:13:25,959 | App.model | INFO | Calculating target value ratios
2025-07-23 10:13:25,960 | App.naive_bayes | INFO | Making prediction...
2025-07-23 10:13:25,960 | App.naive_bayes | INFO | Calculating posteriors...
2025-07-23 10:13:25,960 | App.naive_bayes | INFO | Posterior calculation completed
2025-07-23 10:13:25,960 | App.naive_bayes | INFO | Prediction result: Sour
2025-07-23 10:13:25,960 | App.model | INFO | Calculating target value ratios
2025-07-23 10:13:25,960 | App.naive_bayes | INFO | Making prediction...
2025-07-23 10:13:25,961 | App.naive_bayes | INFO | Calculating posteriors...
2025-07-23 10:13:25,961 | App.naive_bayes | INFO | Posterior calculation completed
2025-07-23 10:13:25,961 | App.naive_bayes | INFO | Prediction result: Sour
2025-07-23 10:13:25,961 | App.model | INFO | Calculating target value ratios
2025-07-23 10:13:25,961 | App.naive_bayes | INFO | Making prediction...
2025-07-23 10:13:25,961 | App.naive_bayes | INFO | Calculating posteriors...
2025-07-23 10:13:25,961 | App.naive_bayes | INFO | Posterior calculation completed
2025-07-23 10:13:25,961 | App.naive_bayes | INFO | Prediction result: Salty
2025-07-23 10:13:25,961 | App.model | INFO | Calculating target value ratios
2025-07-23 10:13:25,962 | App.naive_bayes | INFO | Making prediction...
2025-07-23 10:13:25,962 | App.naive_bayes | INFO | Calculating posteriors...
2025-07-23 10:13:25,962 | App.naive_bayes | INFO | Posterior calculation completed
2025-07-23 10:13:25,962 | App.naive_bayes | INFO | Prediction result: Salty
2025-07-23 10:13:25,962 | App.model | INFO | Calculating target value ratios
2025-07-23 10:13:25,963 | App.naive_bayes | INFO | Making prediction...
2025-07-23 10:13:25,963 | App.naive_bayes | INFO | Calculating posteriors...
2025-07-23 10:13:25,963 | App.naive_bayes | INFO | Posterior calculation completed
2025-07-23 10:13:25,963 | App.naive_bayes | INFO | Prediction result: Sour
2025-07-23 10:13:25,963 | App.model | INFO | Calculating target value ratios
2025-07-23 10:13:25,964 | App.naive_bayes | INFO | Making prediction...
2025-07-23 10:13:25,964 | App.naive_bayes | INFO | Calculating posteriors...
2025-07-23 10:13:25,964 | App.naive_bayes | INFO | Posterior calculation completed
2025-07-23 10:13:25,964 | App.naive_bayes | INFO | Prediction result: Sour
2025-07-23 10:13:25,964 | App.model | INFO | Calculating target value ratios
2025-07-23 10:13:25,965 | App.naive_bayes | INFO | Making prediction...
2025-07-23 10:13:25,965 | App.naive_bayes | INFO | Calculating posteriors...
2025-07-23 10:13:25,965 | App.naive_bayes | INFO | Posterior calculation completed
2025-07-23 10:13:25,965 | App.naive_bayes | INFO | Prediction result: Sour
2025-07-23 10:13:25,965 | App.model | INFO | Calculating target value ratios
2025-07-23 10:13:25,966 | App.naive_bayes | INFO | Making prediction...
2025-07-23 10:13:25,966 | App.naive_bayes | INFO | Calculating posteriors...
2025-07-23 10:13:25,966 | App.naive_bayes | INFO | Posterior calculation completed
2025-07-23 10:13:25,966 | App.naive_bayes | INFO | Prediction result: Sweet
2025-07-23 10:13:25,966 | App.model | INFO | Calculating target value ratios
2025-07-23 10:13:25,966 | App.naive_bayes | INFO | Making prediction...
2025-07-23 10:13:25,966 | App.naive_bayes | INFO | Calculating posteriors...
2025-07-23 10:13:25,966 | App.naive_bayes | INFO | Posterior calculation completed
2025-07-23 10:13:25,966 | App.naive_bayes | INFO | Prediction result: Sour
2025-07-23 10:13:25,966 | App.model | INFO | Calculating target value ratios
2025-07-23 10:13:25,967 | App.naive_bayes | INFO | Making prediction...
2025-07-23 10:13:25,967 | App.naive_bayes | INFO | Calculating posteriors...
2025-07-23 10:13:25,967 | App.naive_bayes | INFO | Posterior calculation completed
2025-07-23 10:13:25,967 | App.naive_bayes | INFO | Prediction result: Sour
2025-07-23 10:13:25,967 | App.model | INFO | Calculating target value ratios
2025-07-23 10:13:25,967 | App.naive_bayes | INFO | Making prediction...
2025-07-23 10:13:25,967 | App.naive_bayes | INFO | Calculating posteriors...
2025-07-23 10:13:25,968 | App.naive_bayes | INFO | Posterior calculation completed
2025-07-23 10:13:25,968 | App.naive_bayes | INFO | Prediction result: Sour
2025-07-23 10:13:25,968 | App.model | INFO | Calculating target value ratios
2025-07-23 10:13:25,968 | App.naive_bayes | INFO | Making prediction...
2025-07-23 10:13:25,968 | App.naive_bayes | INFO | Calculating posteriors...
2025-07-23 10:13:25,968 | App.naive_bayes | INFO | Posterior calculation completed
2025-07-23 10:13:25,968 | App.naive_bayes | INFO | Prediction result: Sweet
2025-07-23 10:13:25,968 | App.model | INFO | Calculating target value ratios
2025-07-23 10:13:25,969 | App.naive_bayes | INFO | Making prediction...
2025-07-23 10:13:25,969 | App.naive_bayes | INFO | Calculating posteriors...
2025-07-23 10:13:25,969 | App.naive_bayes | INFO | Posterior calculation completed
2025-07-23 10:13:25,969 | App.naive_bayes | INFO | Prediction result: Sour
2025-07-23 10:13:25,969 | App.model | INFO | Calculating target value ratios
2025-07-23 10:13:25,969 | App.naive_bayes | INFO | Making prediction...
2025-07-23 10:13:25,969 | App.naive_bayes | INFO | Calculating posteriors...
2025-07-23 10:13:25,969 | App.naive_bayes | INFO | Posterior calculation completed
2025-07-23 10:13:25,969 | App.naive_bayes | INFO | Prediction result: Sour
2025-07-23 10:13:25,969 | App.model | INFO | Calculating target value ratios
2025-07-23 10:13:25,970 | App.naive_bayes | INFO | Making prediction...
2025-07-23 10:13:25,970 | App.naive_bayes | INFO | Calculating posteriors...
2025-07-23 10:13:25,970 | App.naive_bayes | INFO | Posterior calculation completed
2025-07-23 10:13:25,970 | App.naive_bayes | INFO | Prediction result: Sweet
2025-07-23 10:13:25,970 | App.model | INFO | Calculating target value ratios
2025-07-23 10:13:25,971 | App.naive_bayes | INFO | Making prediction...
2025-07-23 10:13:25,971 | App.naive_bayes | INFO | Calculating posteriors...
2025-07-23 10:13:25,971 | App.naive_bayes | INFO | Posterior calculation completed
2025-07-23 10:13:25,971 | App.naive_bayes | INFO | Prediction result: Sweet
2025-07-23 10:13:25,971 | App.model | INFO | Calculating target value ratios
2025-07-23 10:13:25,972 | App.naive_bayes | INFO | Making prediction...
2025-07-23 10:13:25,972 | App.naive_bayes | INFO | Calculating posteriors...
2025-07-23 10:13:25,972 | App.naive_bayes | INFO | Posterior calculation completed
2025-07-23 10:13:25,972 | App.naive_bayes | INFO | Prediction result: Sour
2025-07-23 10:13:25,972 | App.model | INFO | Calculating target value ratios
2025-07-23 10:13:25,973 | App.naive_bayes | INFO | Making prediction...
2025-07-23 10:13:25,973 | App.naive_bayes | INFO | Calculating posteriors...
2025-07-23 10:13:25,973 | App.naive_bayes | INFO | Posterior calculation completed
2025-07-23 10:13:25,973 | App.naive_bayes | INFO | Prediction result: Sweet
2025-07-23 10:13:25,973 | App.model | INFO | Calculating target value ratios
2025-07-23 10:13:25,973 | App.naive_bayes | INFO | Making prediction...
2025-07-23 10:13:25,973 | App.naive_bayes | INFO | Calculating posteriors...
2025-07-23 10:13:25,973 | App.naive_bayes | INFO | Posterior calculation completed
2025-07-23 10:13:25,973 | App.naive_bayes | INFO | Prediction result: Sour
2025-07-23 10:13:25,973 | App.model | INFO | Calculating target value ratios
2025-07-23 10:13:25,974 | App.naive_bayes | INFO | Making prediction...
2025-07-23 10:13:25,974 | App.naive_bayes | INFO | Calculating posteriors...
2025-07-23 10:13:25,974 | App.naive_bayes | INFO | Posterior calculation completed
2025-07-23 10:13:25,974 | App.naive_bayes | INFO | Prediction result: Sweet
2025-07-23 10:13:25,974 | App.model | INFO | Calculating target value ratios
2025-07-23 10:13:25,974 | App.naive_bayes | INFO | Making prediction...
2025-07-23 10:13:25,975 | App.naive_bayes | INFO | Calculating posteriors...
2025-07-23 10:13:25,975 | App.naive_bayes | INFO | Posterior calculation completed
2025-07-23 10:13:25,975 | App.naive_bayes | INFO | Prediction result: Sweet
2025-07-23 10:13:25,975 | App.model | INFO | Calculating target value ratios
2025-07-23 10:13:25,975 | App.naive_bayes | INFO | Making prediction...
2025-07-23 10:13:25,975 | App.naive_bayes | INFO | Calculating posteriors...
2025-07-23 10:13:25,975 | App.naive_bayes | INFO | Posterior calculation completed
2025-07-23 10:13:25,975 | App.naive_bayes | INFO | Prediction result: Sweet
2025-07-23 10:13:25,975 | App.model | INFO | Calculating target value ratios
2025-07-23 10:13:25,976 | App.naive_bayes | INFO | Making prediction...
2025-07-23 10:13:25,976 | App.naive_bayes | INFO | Calculating posteriors...
2025-07-23 10:13:25,976 | App.naive_bayes | INFO | Posterior calculation completed
2025-07-23 10:13:25,976 | App.naive_bayes | INFO | Prediction result: Salty
2025-07-23 10:13:25,976 | App.model | INFO | Calculating target value ratios
2025-07-23 10:13:25,977 | App.naive_bayes | INFO | Making prediction...
2025-07-23 10:13:25,977 | App.naive_bayes | INFO | Calculating posteriors...
2025-07-23 10:13:25,977 | App.naive_bayes | INFO | Posterior calculation completed
2025-07-23 10:13:25,977 | App.naive_bayes | INFO | Prediction result: Sour
2025-07-23 10:13:25,977 | App.model | INFO | Calculating target value ratios
2025-07-23 10:13:25,978 | App.naive_bayes | INFO | Making prediction...
2025-07-23 10:13:25,978 | App.naive_bayes | INFO | Calculating posteriors...
2025-07-23 10:13:25,978 | App.naive_bayes | INFO | Posterior calculation completed
2025-07-23 10:13:25,978 | App.naive_bayes | INFO | Prediction result: Sweet
2025-07-23 10:13:25,978 | App.model | INFO | Calculating target value ratios
2025-07-23 10:13:25,978 | App.naive_bayes | INFO | Making prediction...
2025-07-23 10:13:25,979 | App.naive_bayes | INFO | Calculating posteriors...
2025-07-23 10:13:25,979 | App.naive_bayes | INFO | Posterior calculation completed
2025-07-23 10:13:25,979 | App.naive_bayes | INFO | Prediction result: Salty
2025-07-23 10:13:25,979 | App.model | INFO | Calculating target value ratios
2025-07-23 10:13:25,979 | App.naive_bayes | INFO | Making prediction...
2025-07-23 10:13:25,979 | App.naive_bayes | INFO | Calculating posteriors...
2025-07-23 10:13:25,979 | App.naive_bayes | INFO | Posterior calculation completed
2025-07-23 10:13:25,979 | App.naive_bayes | INFO | Prediction result: Sweet
2025-07-23 10:13:25,979 | App.model | INFO | Calculating target value ratios
2025-07-23 10:13:25,980 | App.naive_bayes | INFO | Making prediction...
2025-07-23 10:13:25,980 | App.naive_bayes | INFO | Calculating posteriors...
2025-07-23 10:13:25,980 | App.naive_bayes | INFO | Posterior calculation completed
2025-07-23 10:13:25,980 | App.naive_bayes | INFO | Prediction result: Salty
2025-07-23 10:13:25,980 | App.model | INFO | Calculating target value ratios
2025-07-23 10:13:25,980 | App.naive_bayes | INFO | Making prediction...
2025-07-23 10:13:25,980 | App.naive_bayes | INFO | Calculating posteriors...
2025-07-23 10:13:25,980 | App.naive_bayes | INFO | Posterior calculation completed
2025-07-23 10:13:25,980 | App.naive_bayes | INFO | Prediction result: Sweet
2025-07-23 10:13:25,981 | App.model | INFO | Calculating target value ratios
2025-07-23 10:13:25,981 | App.naive_bayes | INFO | Making prediction...
2025-07-23 10:13:25,981 | App.naive_bayes | INFO | Calculating posteriors...
2025-07-23 10:13:25,981 | App.naive_bayes | INFO | Posterior calculation completed
2025-07-23 10:13:25,981 | App.naive_bayes | INFO | Prediction result: Sour
2025-07-23 10:13:25,981 | App.model | INFO | Calculating target value ratios
2025-07-23 10:13:25,982 | App.naive_bayes | INFO | Making prediction...
2025-07-23 10:13:25,982 | App.naive_bayes | INFO | Calculating posteriors...
2025-07-23 10:13:25,982 | App.naive_bayes | INFO | Posterior calculation completed
2025-07-23 10:13:25,982 | App.naive_bayes | INFO | Prediction result: Sour
2025-07-23 10:13:25,982 | App.model | INFO | Calculating target value ratios
2025-07-23 10:13:25,982 | App.naive_bayes | INFO | Making prediction...
2025-07-23 10:13:25,982 | App.naive_bayes | INFO | Calculating posteriors...
2025-07-23 10:13:25,982 | App.naive_bayes | INFO | Posterior calculation completed
2025-07-23 10:13:25,982 | App.naive_bayes | INFO | Prediction result: Sour
2025-07-23 10:13:25,982 | App.model | INFO | Calculating target value ratios
2025-07-23 10:13:25,983 | App.naive_bayes | INFO | Making prediction...
2025-07-23 10:13:25,983 | App.naive_bayes | INFO | Calculating posteriors...
2025-07-23 10:13:25,983 | App.naive_bayes | INFO | Posterior calculation completed
2025-07-23 10:13:25,983 | App.naive_bayes | INFO | Prediction result: Sour
2025-07-23 10:13:25,983 | App.model | INFO | Calculating target value ratios
2025-07-23 10:13:25,983 | App.naive_bayes | INFO | Making prediction...
2025-07-23 10:13:25,984 | App.naive_bayes | INFO | Calculating posteriors...
2025-07-23 10:13:25,984 | App.naive_bayes | INFO | Posterior calculation completed
2025-07-23 10:13:25,984 | App.naive_bayes | INFO | Prediction result: Sweet
2025-07-23 10:13:25,984 | App.model | INFO | Calculating target value ratios
2025-07-23 10:13:25,984 | App.naive_bayes | INFO | Making prediction...
2025-07-23 10:13:25,984 | App.naive_bayes | INFO | Calculating posteriors...
2025-07-23 10:13:25,984 | App.naive_bayes | INFO | Posterior calculation completed
2025-07-23 10:13:25,984 | App.naive_bayes | INFO | Prediction result: Sour
2025-07-23 10:13:25,984 | App.model | INFO | Calculating target value ratios
2025-07-23 10:13:25,985 | App.naive_bayes | INFO | Making prediction...
2025-07-23 10:13:25,985 | App.naive_bayes | INFO | Calculating posteriors...
2025-07-23 10:13:25,985 | App.naive_bayes | INFO | Posterior calculation completed
2025-07-23 10:13:25,985 | App.naive_bayes | INFO | Prediction result: Sour
2025-07-23 10:13:25,985 | App.model | INFO | Calculating target value ratios
2025-07-23 10:13:25,986 | App.naive_bayes | INFO | Making prediction...
2025-07-23 10:13:25,986 | App.naive_bayes | INFO | Calculating posteriors...
2025-07-23 10:13:25,986 | App.naive_bayes | INFO | Posterior calculation completed
2025-07-23 10:13:25,986 | App.naive_bayes | INFO | Prediction result: Salty
2025-07-23 10:13:25,986 | App.model | INFO | Calculating target value ratios
2025-07-23 10:13:25,986 | App.naive_bayes | INFO | Making prediction...
2025-07-23 10:13:25,986 | App.naive_bayes | INFO | Calculating posteriors...
2025-07-23 10:13:25,986 | App.naive_bayes | INFO | Posterior calculation completed
2025-07-23 10:13:25,986 | App.naive_bayes | INFO | Prediction result: Sweet
2025-07-23 10:13:25,986 | App.model | INFO | Calculating target value ratios
2025-07-23 10:13:25,987 | App.naive_bayes | INFO | Making prediction...
2025-07-23 10:13:25,987 | App.naive_bayes | INFO | Calculating posteriors...
2025-07-23 10:13:25,987 | App.naive_bayes | INFO | Posterior calculation completed
2025-07-23 10:13:25,987 | App.naive_bayes | INFO | Prediction result: Sour
2025-07-23 10:13:25,987 | App.model | INFO | Calculating target value ratios
2025-07-23 10:13:25,987 | App.naive_bayes | INFO | Making prediction...
2025-07-23 10:13:25,988 | App.naive_bayes | INFO | Calculating posteriors...
2025-07-23 10:13:25,988 | App.naive_bayes | INFO | Posterior calculation completed
2025-07-23 10:13:25,988 | App.naive_bayes | INFO | Prediction result: Sweet
2025-07-23 10:13:25,988 | App.model | INFO | Calculating target value ratios
2025-07-23 10:13:25,988 | App.naive_bayes | INFO | Making prediction...
2025-07-23 10:13:25,988 | App.naive_bayes | INFO | Calculating posteriors...
2025-07-23 10:13:25,988 | App.naive_bayes | INFO | Posterior calculation completed
2025-07-23 10:13:25,988 | App.naive_bayes | INFO | Prediction result: Sweet
2025-07-23 10:13:25,988 | App.model | INFO | Calculating target value ratios
2025-07-23 10:13:25,989 | App.naive_bayes | INFO | Making prediction...
2025-07-23 10:13:25,989 | App.naive_bayes | INFO | Calculating posteriors...
2025-07-23 10:13:25,989 | App.naive_bayes | INFO | Posterior calculation completed
2025-07-23 10:13:25,989 | App.naive_bayes | INFO | Prediction result: Sour
2025-07-23 10:13:25,989 | App.model | INFO | Calculating target value ratios
2025-07-23 10:13:25,989 | App.naive_bayes | INFO | Making prediction...
2025-07-23 10:13:25,989 | App.naive_bayes | INFO | Calculating posteriors...
2025-07-23 10:13:25,989 | App.naive_bayes | INFO | Posterior calculation completed
2025-07-23 10:13:25,989 | App.naive_bayes | INFO | Prediction result: Sweet
2025-07-23 10:13:25,990 | App.model | INFO | Calculating target value ratios
2025-07-23 10:13:25,990 | App.naive_bayes | INFO | Making prediction...
2025-07-23 10:13:25,990 | App.naive_bayes | INFO | Calculating posteriors...
2025-07-23 10:13:25,990 | App.naive_bayes | INFO | Posterior calculation completed
2025-07-23 10:13:25,990 | App.naive_bayes | INFO | Prediction result: Sweet
2025-07-23 10:13:25,990 | App.model | INFO | Calculating target value ratios
2025-07-23 10:13:25,991 | App.naive_bayes | INFO | Making prediction...
2025-07-23 10:13:25,991 | App.naive_bayes | INFO | Calculating posteriors...
2025-07-23 10:13:25,991 | App.naive_bayes | INFO | Posterior calculation completed
2025-07-23 10:13:25,991 | App.naive_bayes | INFO | Prediction result: Sweet
2025-07-23 10:13:25,991 | App.model | INFO | Calculating target value ratios
2025-07-23 10:13:25,992 | App.naive_bayes | INFO | Making prediction...
2025-07-23 10:13:25,992 | App.naive_bayes | INFO | Calculating posteriors...
2025-07-23 10:13:25,992 | App.naive_bayes | INFO | Posterior calculation completed
2025-07-23 10:13:25,992 | App.naive_bayes | INFO | Prediction result: Sweet
2025-07-23 10:13:25,992 | App.model | INFO | Calculating target value ratios
2025-07-23 10:13:25,992 | App.naive_bayes | INFO | Making prediction...
2025-07-23 10:13:25,992 | App.naive_bayes | INFO | Calculating posteriors...
2025-07-23 10:13:25,992 | App.naive_bayes | INFO | Posterior calculation completed
2025-07-23 10:13:25,993 | App.naive_bayes | INFO | Prediction result: Sweet
2025-07-23 10:13:25,993 | App.model | INFO | Calculating target value ratios
2025-07-23 10:13:25,993 | App.naive_bayes | INFO | Making prediction...
2025-07-23 10:13:25,993 | App.naive_bayes | INFO | Calculating posteriors...
2025-07-23 10:13:25,993 | App.naive_bayes | INFO | Posterior calculation completed
2025-07-23 10:13:25,993 | App.naive_bayes | INFO | Prediction result: Sour
2025-07-23 10:13:25,993 | App.model | INFO | Calculating target value ratios
2025-07-23 10:13:25,994 | App.naive_bayes | INFO | Making prediction...
2025-07-23 10:13:25,994 | App.naive_bayes | INFO | Calculating posteriors...
2025-07-23 10:13:25,994 | App.naive_bayes | INFO | Posterior calculation completed
2025-07-23 10:13:25,994 | App.naive_bayes | INFO | Prediction result: Sour
2025-07-23 10:13:25,994 | App.model | INFO | Calculating target value ratios
2025-07-23 10:13:25,994 | App.naive_bayes | INFO | Making prediction...
2025-07-23 10:13:25,994 | App.naive_bayes | INFO | Calculating posteriors...
2025-07-23 10:13:25,995 | App.naive_bayes | INFO | Posterior calculation completed
2025-07-23 10:13:25,995 | App.naive_bayes | INFO | Prediction result: Sweet
2025-07-23 10:13:25,995 | App.model | INFO | Calculating target value ratios
2025-07-23 10:13:25,995 | App.naive_bayes | INFO | Making prediction...
2025-07-23 10:13:25,995 | App.naive_bayes | INFO | Calculating posteriors...
2025-07-23 10:13:25,995 | App.naive_bayes | INFO | Posterior calculation completed
2025-07-23 10:13:25,995 | App.naive_bayes | INFO | Prediction result: Sweet
2025-07-23 10:13:25,995 | App.model | INFO | Calculating target value ratios
2025-07-23 10:13:25,996 | App.naive_bayes | INFO | Making prediction...
2025-07-23 10:13:25,996 | App.naive_bayes | INFO | Calculating posteriors...
2025-07-23 10:13:25,996 | App.naive_bayes | INFO | Posterior calculation completed
2025-07-23 10:13:25,996 | App.naive_bayes | INFO | Prediction result: Sweet
2025-07-23 10:13:25,996 | App.model | INFO | Calculating target value ratios
2025-07-23 10:13:25,996 | App.naive_bayes | INFO | Making prediction...
2025-07-23 10:13:25,996 | App.naive_bayes | INFO | Calculating posteriors...
2025-07-23 10:13:25,996 | App.naive_bayes | INFO | Posterior calculation completed
2025-07-23 10:13:25,996 | App.naive_bayes | INFO | Prediction result: Salty
2025-07-23 10:13:25,996 | App.model | INFO | Calculating target value ratios
2025-07-23 10:13:25,997 | App.naive_bayes | INFO | Making prediction...
2025-07-23 10:13:25,997 | App.naive_bayes | INFO | Calculating posteriors...
2025-07-23 10:13:25,997 | App.naive_bayes | INFO | Posterior calculation completed
2025-07-23 10:13:25,997 | App.naive_bayes | INFO | Prediction result: Sweet
2025-07-23 10:13:25,997 | App.model | INFO | Calculating target value ratios
2025-07-23 10:13:25,998 | App.naive_bayes | INFO | Making prediction...
2025-07-23 10:13:25,998 | App.naive_bayes | INFO | Calculating posteriors...
2025-07-23 10:13:25,998 | App.naive_bayes | INFO | Posterior calculation completed
2025-07-23 10:13:25,998 | App.naive_bayes | INFO | Prediction result: Sour
2025-07-23 10:13:25,998 | App.model | INFO | Calculating target value ratios
2025-07-23 10:13:25,999 | App.naive_bayes | INFO | Making prediction...
2025-07-23 10:13:25,999 | App.naive_bayes | INFO | Calculating posteriors...
2025-07-23 10:13:25,999 | App.naive_bayes | INFO | Posterior calculation completed
2025-07-23 10:13:25,999 | App.naive_bayes | INFO | Prediction result: Sweet
2025-07-23 10:13:25,999 | App.model | INFO | Calculating target value ratios
2025-07-23 10:13:25,999 | App.naive_bayes | INFO | Making prediction...
2025-07-23 10:13:26,000 | App.naive_bayes | INFO | Calculating posteriors...
2025-07-23 10:13:26,000 | App.naive_bayes | INFO | Posterior calculation completed
2025-07-23 10:13:26,000 | App.naive_bayes | INFO | Prediction result: Sour
2025-07-23 10:13:26,000 | App.model | INFO | Calculating target value ratios
2025-07-23 10:13:26,000 | App.naive_bayes | INFO | Making prediction...
2025-07-23 10:13:26,000 | App.naive_bayes | INFO | Calculating posteriors...
2025-07-23 10:13:26,000 | App.naive_bayes | INFO | Posterior calculation completed
2025-07-23 10:13:26,000 | App.naive_bayes | INFO | Prediction result: Sweet
2025-07-23 10:13:26,000 | App.model | INFO | Calculating target value ratios
2025-07-23 10:13:26,001 | App.naive_bayes | INFO | Making prediction...
2025-07-23 10:13:26,001 | App.naive_bayes | INFO | Calculating posteriors...
2025-07-23 10:13:26,001 | App.naive_bayes | INFO | Posterior calculation completed
2025-07-23 10:13:26,001 | App.naive_bayes | INFO | Prediction result: Sour
2025-07-23 10:13:26,001 | App.model | INFO | Calculating target value ratios
2025-07-23 10:13:26,001 | App.naive_bayes | INFO | Making prediction...
2025-07-23 10:13:26,001 | App.naive_bayes | INFO | Calculating posteriors...
2025-07-23 10:13:26,001 | App.naive_bayes | INFO | Posterior calculation completed
2025-07-23 10:13:26,002 | App.naive_bayes | INFO | Prediction result: Sweet
2025-07-23 10:13:26,002 | App.model | INFO | Calculating target value ratios
2025-07-23 10:13:26,002 | App.naive_bayes | INFO | Making prediction...
2025-07-23 10:13:26,002 | App.naive_bayes | INFO | Calculating posteriors...
2025-07-23 10:13:26,002 | App.naive_bayes | INFO | Posterior calculation completed
2025-07-23 10:13:26,002 | App.naive_bayes | INFO | Prediction result: Sweet
2025-07-23 10:13:26,002 | App.model | INFO | Calculating target value ratios
2025-07-23 10:13:26,003 | App.naive_bayes | INFO | Making prediction...
2025-07-23 10:13:26,003 | App.naive_bayes | INFO | Calculating posteriors...
2025-07-23 10:13:26,003 | App.naive_bayes | INFO | Posterior calculation completed
2025-07-23 10:13:26,003 | App.naive_bayes | INFO | Prediction result: Sweet
2025-07-23 10:13:26,003 | App.model | INFO | Calculating target value ratios
2025-07-23 10:13:26,003 | App.naive_bayes | INFO | Making prediction...
2025-07-23 10:13:26,003 | App.naive_bayes | INFO | Calculating posteriors...
2025-07-23 10:13:26,003 | App.naive_bayes | INFO | Posterior calculation completed
2025-07-23 10:13:26,003 | App.naive_bayes | INFO | Prediction result: Sour
2025-07-23 10:13:26,003 | App.model | INFO | Calculating target value ratios
2025-07-23 10:13:26,004 | App.naive_bayes | INFO | Making prediction...
2025-07-23 10:13:26,004 | App.naive_bayes | INFO | Calculating posteriors...
2025-07-23 10:13:26,004 | App.naive_bayes | INFO | Posterior calculation completed
2025-07-23 10:13:26,004 | App.naive_bayes | INFO | Prediction result: Sour
2025-07-23 10:13:26,004 | App.model | INFO | Calculating target value ratios
2025-07-23 10:13:26,005 | App.naive_bayes | INFO | Making prediction...
2025-07-23 10:13:26,005 | App.naive_bayes | INFO | Calculating posteriors...
2025-07-23 10:13:26,005 | App.naive_bayes | INFO | Posterior calculation completed
2025-07-23 10:13:26,005 | App.naive_bayes | INFO | Prediction result: Sweet
2025-07-23 10:13:26,005 | App.model | INFO | Calculating target value ratios
2025-07-23 10:13:26,006 | App.naive_bayes | INFO | Making prediction...
2025-07-23 10:13:26,006 | App.naive_bayes | INFO | Calculating posteriors...
2025-07-23 10:13:26,006 | App.naive_bayes | INFO | Posterior calculation completed
2025-07-23 10:13:26,006 | App.naive_bayes | INFO | Prediction result: Sour
2025-07-23 10:13:26,006 | App.model | INFO | Calculating target value ratios
2025-07-23 10:13:26,007 | App.naive_bayes | INFO | Making prediction...
2025-07-23 10:13:26,007 | App.naive_bayes | INFO | Calculating posteriors...
2025-07-23 10:13:26,007 | App.naive_bayes | INFO | Posterior calculation completed
2025-07-23 10:13:26,007 | App.naive_bayes | INFO | Prediction result: Sweet
2025-07-23 10:13:26,007 | App.model | INFO | Calculating target value ratios
2025-07-23 10:13:26,007 | App.naive_bayes | INFO | Making prediction...
2025-07-23 10:13:26,007 | App.naive_bayes | INFO | Calculating posteriors...
2025-07-23 10:13:26,007 | App.naive_bayes | INFO | Posterior calculation completed
2025-07-23 10:13:26,008 | App.naive_bayes | INFO | Prediction result: Salty
2025-07-23 10:13:26,008 | App.model | INFO | Calculating target value ratios
2025-07-23 10:13:26,008 | App.naive_bayes | INFO | Making prediction...
2025-07-23 10:13:26,008 | App.naive_bayes | INFO | Calculating posteriors...
2025-07-23 10:13:26,008 | App.naive_bayes | INFO | Posterior calculation completed
2025-07-23 10:13:26,008 | App.naive_bayes | INFO | Prediction result: Sour
2025-07-23 10:13:26,008 | App.model | INFO | Calculating target value ratios
2025-07-23 10:13:26,009 | App.naive_bayes | INFO | Making prediction...
2025-07-23 10:13:26,009 | App.naive_bayes | INFO | Calculating posteriors...
2025-07-23 10:13:26,009 | App.naive_bayes | INFO | Posterior calculation completed
2025-07-23 10:13:26,009 | App.naive_bayes | INFO | Prediction result: Sweet
2025-07-23 10:13:26,009 | App.model | INFO | Calculating target value ratios
2025-07-23 10:13:26,009 | App.naive_bayes | INFO | Making prediction...
2025-07-23 10:13:26,009 | App.naive_bayes | INFO | Calculating posteriors...
2025-07-23 10:13:26,009 | App.naive_bayes | INFO | Posterior calculation completed
2025-07-23 10:13:26,010 | App.naive_bayes | INFO | Prediction result: Sour
2025-07-23 10:13:26,010 | App.model | INFO | Calculating target value ratios
2025-07-23 10:13:26,010 | App.naive_bayes | INFO | Making prediction...
2025-07-23 10:13:26,010 | App.naive_bayes | INFO | Calculating posteriors...
2025-07-23 10:13:26,010 | App.naive_bayes | INFO | Posterior calculation completed
2025-07-23 10:13:26,010 | App.naive_bayes | INFO | Prediction result: Sweet
2025-07-23 10:13:26,010 | App.model | INFO | Calculating target value ratios
2025-07-23 10:13:26,011 | App.naive_bayes | INFO | Making prediction...
2025-07-23 10:13:26,011 | App.naive_bayes | INFO | Calculating posteriors...
2025-07-23 10:13:26,011 | App.naive_bayes | INFO | Posterior calculation completed
2025-07-23 10:13:26,011 | App.naive_bayes | INFO | Prediction result: Sour
2025-07-23 10:13:26,011 | App.model | INFO | Calculating target value ratios
2025-07-23 10:13:26,011 | App.naive_bayes | INFO | Making prediction...
2025-07-23 10:13:26,011 | App.naive_bayes | INFO | Calculating posteriors...
2025-07-23 10:13:26,012 | App.naive_bayes | INFO | Posterior calculation completed
2025-07-23 10:13:26,012 | App.naive_bayes | INFO | Prediction result: Sweet
2025-07-23 10:13:26,012 | App.model | INFO | Calculating target value ratios
2025-07-23 10:13:26,012 | App.naive_bayes | INFO | Making prediction...
2025-07-23 10:13:26,012 | App.naive_bayes | INFO | Calculating posteriors...
2025-07-23 10:13:26,012 | App.naive_bayes | INFO | Posterior calculation completed
2025-07-23 10:13:26,012 | App.naive_bayes | INFO | Prediction result: Sour
2025-07-23 10:13:26,012 | App.model | INFO | Calculating target value ratios
2025-07-23 10:13:26,013 | App.naive_bayes | INFO | Making prediction...
2025-07-23 10:13:26,013 | App.naive_bayes | INFO | Calculating posteriors...
2025-07-23 10:13:26,013 | App.naive_bayes | INFO | Posterior calculation completed
2025-07-23 10:13:26,013 | App.naive_bayes | INFO | Prediction result: Sweet
2025-07-23 10:13:26,013 | App.model | INFO | Calculating target value ratios
2025-07-23 10:13:26,014 | App.naive_bayes | INFO | Making prediction...
2025-07-23 10:13:26,014 | App.naive_bayes | INFO | Calculating posteriors...
2025-07-23 10:13:26,014 | App.naive_bayes | INFO | Posterior calculation completed
2025-07-23 10:13:26,014 | App.naive_bayes | INFO | Prediction result: Sweet
2025-07-23 10:13:26,014 | App.model | INFO | Calculating target value ratios
2025-07-23 10:13:26,014 | App.naive_bayes | INFO | Making prediction...
2025-07-23 10:13:26,014 | App.naive_bayes | INFO | Calculating posteriors...
2025-07-23 10:13:26,015 | App.naive_bayes | INFO | Posterior calculation completed
2025-07-23 10:13:26,015 | App.naive_bayes | INFO | Prediction result: Sweet
2025-07-23 10:13:26,015 | App.model | INFO | Calculating target value ratios
2025-07-23 10:13:26,015 | App.naive_bayes | INFO | Making prediction...
2025-07-23 10:13:26,015 | App.naive_bayes | INFO | Calculating posteriors...
2025-07-23 10:13:26,015 | App.naive_bayes | INFO | Posterior calculation completed
2025-07-23 10:13:26,015 | App.naive_bayes | INFO | Prediction result: Sour
2025-07-23 10:13:26,015 | App.model | INFO | Calculating target value ratios
2025-07-23 10:13:26,016 | App.naive_bayes | INFO | Making prediction...
2025-07-23 10:13:26,016 | App.naive_bayes | INFO | Calculating posteriors...
2025-07-23 10:13:26,016 | App.naive_bayes | INFO | Posterior calculation completed
2025-07-23 10:13:26,016 | App.naive_bayes | INFO | Prediction result: Sweet
2025-07-23 10:13:26,016 | App.model | INFO | Calculating target value ratios
2025-07-23 10:13:26,016 | App.naive_bayes | INFO | Making prediction...
2025-07-23 10:13:26,016 | App.naive_bayes | INFO | Calculating posteriors...
2025-07-23 10:13:26,016 | App.naive_bayes | INFO | Posterior calculation completed
2025-07-23 10:13:26,016 | App.naive_bayes | INFO | Prediction result: Sweet
2025-07-23 10:13:26,017 | App.model | INFO | Calculating target value ratios
2025-07-23 10:13:26,017 | App.naive_bayes | INFO | Making prediction...
2025-07-23 10:13:26,017 | App.naive_bayes | INFO | Calculating posteriors...
2025-07-23 10:13:26,017 | App.naive_bayes | INFO | Posterior calculation completed
2025-07-23 10:13:26,017 | App.naive_bayes | INFO | Prediction result: Sour
2025-07-23 10:13:26,017 | App.model | INFO | Calculating target value ratios
2025-07-23 10:13:26,018 | App.naive_bayes | INFO | Making prediction...
2025-07-23 10:13:26,018 | App.naive_bayes | INFO | Calculating posteriors...
2025-07-23 10:13:26,018 | App.naive_bayes | INFO | Posterior calculation completed
2025-07-23 10:13:26,018 | App.naive_bayes | INFO | Prediction result: Salty
2025-07-23 10:13:26,018 | App.model | INFO | Calculating target value ratios
2025-07-23 10:13:26,018 | App.naive_bayes | INFO | Making prediction...
2025-07-23 10:13:26,019 | App.naive_bayes | INFO | Calculating posteriors...
2025-07-23 10:13:26,019 | App.naive_bayes | INFO | Posterior calculation completed
2025-07-23 10:13:26,019 | App.naive_bayes | INFO | Prediction result: Sweet
2025-07-23 10:13:26,019 | App.model | INFO | Calculating target value ratios
2025-07-23 10:13:26,019 | App.naive_bayes | INFO | Making prediction...
2025-07-23 10:13:26,019 | App.naive_bayes | INFO | Calculating posteriors...
2025-07-23 10:13:26,019 | App.naive_bayes | INFO | Posterior calculation completed
2025-07-23 10:13:26,019 | App.naive_bayes | INFO | Prediction result: Sweet
2025-07-23 10:13:26,019 | App.model | INFO | Calculating target value ratios
2025-07-23 10:13:26,020 | App.naive_bayes | INFO | Making prediction...
2025-07-23 10:13:26,020 | App.naive_bayes | INFO | Calculating posteriors...
2025-07-23 10:13:26,020 | App.naive_bayes | INFO | Posterior calculation completed
2025-07-23 10:13:26,020 | App.naive_bayes | INFO | Prediction result: Sour
2025-07-23 10:13:26,020 | App.model | INFO | Calculating target value ratios
2025-07-23 10:13:26,021 | App.naive_bayes | INFO | Making prediction...
2025-07-23 10:13:26,021 | App.naive_bayes | INFO | Calculating posteriors...
2025-07-23 10:13:26,021 | App.naive_bayes | INFO | Posterior calculation completed
2025-07-23 10:13:26,021 | App.naive_bayes | INFO | Prediction result: Sour
2025-07-23 10:13:26,021 | App.model | INFO | Calculating target value ratios
2025-07-23 10:13:26,021 | App.naive_bayes | INFO | Making prediction...
2025-07-23 10:13:26,021 | App.naive_bayes | INFO | Calculating posteriors...
2025-07-23 10:13:26,021 | App.naive_bayes | INFO | Posterior calculation completed
2025-07-23 10:13:26,021 | App.naive_bayes | INFO | Prediction result: Sour
2025-07-23 10:13:26,021 | App.model | INFO | Calculating target value ratios
2025-07-23 10:13:26,022 | App.naive_bayes | INFO | Making prediction...
2025-07-23 10:13:26,022 | App.naive_bayes | INFO | Calculating posteriors...
2025-07-23 10:13:26,022 | App.naive_bayes | INFO | Posterior calculation completed
2025-07-23 10:13:26,022 | App.naive_bayes | INFO | Prediction result: Sweet
2025-07-23 10:13:26,022 | App.model | INFO | Calculating target value ratios
2025-07-23 10:13:26,022 | App.naive_bayes | INFO | Making prediction...
2025-07-23 10:13:26,022 | App.naive_bayes | INFO | Calculating posteriors...
2025-07-23 10:13:26,022 | App.naive_bayes | INFO | Posterior calculation completed
2025-07-23 10:13:26,023 | App.naive_bayes | INFO | Prediction result: Salty
2025-07-23 10:13:26,023 | App.model | INFO | Calculating target value ratios
2025-07-23 10:13:26,023 | App.naive_bayes | INFO | Making prediction...
2025-07-23 10:13:26,023 | App.naive_bayes | INFO | Calculating posteriors...
2025-07-23 10:13:26,023 | App.naive_bayes | INFO | Posterior calculation completed
2025-07-23 10:13:26,023 | App.naive_bayes | INFO | Prediction result: Sweet
2025-07-23 10:13:26,023 | App.model | INFO | Calculating target value ratios
2025-07-23 10:13:26,024 | App.naive_bayes | INFO | Making prediction...
2025-07-23 10:13:26,024 | App.naive_bayes | INFO | Calculating posteriors...
2025-07-23 10:13:26,024 | App.naive_bayes | INFO | Posterior calculation completed
2025-07-23 10:13:26,024 | App.naive_bayes | INFO | Prediction result: Sweet
2025-07-23 10:13:26,024 | App.model | INFO | Calculating target value ratios
2025-07-23 10:13:26,024 | App.naive_bayes | INFO | Making prediction...
2025-07-23 10:13:26,025 | App.naive_bayes | INFO | Calculating posteriors...
2025-07-23 10:13:26,025 | App.naive_bayes | INFO | Posterior calculation completed
2025-07-23 10:13:26,025 | App.naive_bayes | INFO | Prediction result: Salty
2025-07-23 10:13:26,025 | App.model | INFO | Calculating target value ratios
2025-07-23 10:13:26,025 | App.naive_bayes | INFO | Making prediction...
2025-07-23 10:13:26,025 | App.naive_bayes | INFO | Calculating posteriors...
2025-07-23 10:13:26,025 | App.naive_bayes | INFO | Posterior calculation completed
2025-07-23 10:13:26,025 | App.naive_bayes | INFO | Prediction result: Sour
2025-07-23 10:13:26,025 | App.model | INFO | Calculating target value ratios
2025-07-23 10:13:26,026 | App.naive_bayes | INFO | Making prediction...
2025-07-23 10:13:26,026 | App.naive_bayes | INFO | Calculating posteriors...
2025-07-23 10:13:26,026 | App.naive_bayes | INFO | Posterior calculation completed
2025-07-23 10:13:26,026 | App.naive_bayes | INFO | Prediction result: Sour
2025-07-23 10:13:26,026 | App.model | INFO | Calculating target value ratios
2025-07-23 10:13:26,027 | App.naive_bayes | INFO | Making prediction...
2025-07-23 10:13:26,027 | App.naive_bayes | INFO | Calculating posteriors...
2025-07-23 10:13:26,027 | App.naive_bayes | INFO | Posterior calculation completed
2025-07-23 10:13:26,027 | App.naive_bayes | INFO | Prediction result: Sweet
2025-07-23 10:13:26,027 | App.model | INFO | Calculating target value ratios
2025-07-23 10:13:26,027 | App.naive_bayes | INFO | Making prediction...
2025-07-23 10:13:26,027 | App.naive_bayes | INFO | Calculating posteriors...
2025-07-23 10:13:26,027 | App.naive_bayes | INFO | Posterior calculation completed
2025-07-23 10:13:26,027 | App.naive_bayes | INFO | Prediction result: Salty
2025-07-23 10:13:26,027 | App.model | INFO | Calculating target value ratios
2025-07-23 10:13:26,028 | App.naive_bayes | INFO | Making prediction...
2025-07-23 10:13:26,028 | App.naive_bayes | INFO | Calculating posteriors...
2025-07-23 10:13:26,028 | App.naive_bayes | INFO | Posterior calculation completed
2025-07-23 10:13:26,028 | App.naive_bayes | INFO | Prediction result: Sweet
2025-07-23 10:13:26,028 | App.model | INFO | Calculating target value ratios
2025-07-23 10:13:26,029 | App.naive_bayes | INFO | Making prediction...
2025-07-23 10:13:26,029 | App.naive_bayes | INFO | Calculating posteriors...
2025-07-23 10:13:26,029 | App.naive_bayes | INFO | Posterior calculation completed
2025-07-23 10:13:26,029 | App.naive_bayes | INFO | Prediction result: Sour
2025-07-23 10:13:26,029 | App.model | INFO | Calculating target value ratios
2025-07-23 10:13:26,029 | App.naive_bayes | INFO | Making prediction...
2025-07-23 10:13:26,029 | App.naive_bayes | INFO | Calculating posteriors...
2025-07-23 10:13:26,029 | App.naive_bayes | INFO | Posterior calculation completed
2025-07-23 10:13:26,029 | App.naive_bayes | INFO | Prediction result: Sweet
2025-07-23 10:13:26,029 | App.model | INFO | Calculating target value ratios
2025-07-23 10:13:26,030 | App.naive_bayes | INFO | Making prediction...
2025-07-23 10:13:26,030 | App.naive_bayes | INFO | Calculating posteriors...
2025-07-23 10:13:26,030 | App.naive_bayes | INFO | Posterior calculation completed
2025-07-23 10:13:26,030 | App.naive_bayes | INFO | Prediction result: Sour
2025-07-23 10:13:26,030 | App.model | INFO | Calculating target value ratios
2025-07-23 10:13:26,030 | App.naive_bayes | INFO | Making prediction...
2025-07-23 10:13:26,030 | App.naive_bayes | INFO | Calculating posteriors...
2025-07-23 10:13:26,031 | App.naive_bayes | INFO | Posterior calculation completed
2025-07-23 10:13:26,031 | App.naive_bayes | INFO | Prediction result: Sweet
2025-07-23 10:13:26,031 | App.model | INFO | Calculating target value ratios
2025-07-23 10:13:26,031 | App.naive_bayes | INFO | Making prediction...
2025-07-23 10:13:26,031 | App.naive_bayes | INFO | Calculating posteriors...
2025-07-23 10:13:26,031 | App.naive_bayes | INFO | Posterior calculation completed
2025-07-23 10:13:26,031 | App.naive_bayes | INFO | Prediction result: Sour
2025-07-23 10:13:26,031 | App.model | INFO | Calculating target value ratios
2025-07-23 10:13:26,032 | App.naive_bayes | INFO | Making prediction...
2025-07-23 10:13:26,032 | App.naive_bayes | INFO | Calculating posteriors...
2025-07-23 10:13:26,032 | App.naive_bayes | INFO | Posterior calculation completed
2025-07-23 10:13:26,032 | App.naive_bayes | INFO | Prediction result: Sweet
2025-07-23 10:13:26,032 | App.model | INFO | Calculating target value ratios
2025-07-23 10:13:26,032 | App.naive_bayes | INFO | Making prediction...
2025-07-23 10:13:26,033 | App.naive_bayes | INFO | Calculating posteriors...
2025-07-23 10:13:26,033 | App.naive_bayes | INFO | Posterior calculation completed
2025-07-23 10:13:26,033 | App.naive_bayes | INFO | Prediction result: Sweet
2025-07-23 10:13:26,033 | App.model | INFO | Calculating target value ratios
2025-07-23 10:13:26,033 | App.naive_bayes | INFO | Making prediction...
2025-07-23 10:13:26,033 | App.naive_bayes | INFO | Calculating posteriors...
2025-07-23 10:13:26,033 | App.naive_bayes | INFO | Posterior calculation completed
2025-07-23 10:13:26,034 | App.naive_bayes | INFO | Prediction result: Sour
2025-07-23 10:13:26,034 | App.model | INFO | Calculating target value ratios
2025-07-23 10:13:26,034 | App.naive_bayes | INFO | Making prediction...
2025-07-23 10:13:26,034 | App.naive_bayes | INFO | Calculating posteriors...
2025-07-23 10:13:26,034 | App.naive_bayes | INFO | Posterior calculation completed
2025-07-23 10:13:26,034 | App.naive_bayes | INFO | Prediction result: Sweet
2025-07-23 10:13:26,034 | App.model | INFO | Calculating target value ratios
2025-07-23 10:13:26,035 | App.naive_bayes | INFO | Making prediction...
2025-07-23 10:13:26,035 | App.naive_bayes | INFO | Calculating posteriors...
2025-07-23 10:13:26,035 | App.naive_bayes | INFO | Posterior calculation completed
2025-07-23 10:13:26,035 | App.naive_bayes | INFO | Prediction result: Sour
2025-07-23 10:13:26,035 | App.model | INFO | Calculating target value ratios
2025-07-23 10:13:26,035 | App.naive_bayes | INFO | Making prediction...
2025-07-23 10:13:26,035 | App.naive_bayes | INFO | Calculating posteriors...
2025-07-23 10:13:26,035 | App.naive_bayes | INFO | Posterior calculation completed
2025-07-23 10:13:26,035 | App.naive_bayes | INFO | Prediction result: Sour
2025-07-23 10:13:26,036 | App.model | INFO | Calculating target value ratios
2025-07-23 10:13:26,036 | App.naive_bayes | INFO | Making prediction...
2025-07-23 10:13:26,036 | App.naive_bayes | INFO | Calculating posteriors...
2025-07-23 10:13:26,036 | App.naive_bayes | INFO | Posterior calculation completed
2025-07-23 10:13:26,036 | App.naive_bayes | INFO | Prediction result: Salty
2025-07-23 10:13:26,036 | App.model | INFO | Calculating target value ratios
2025-07-23 10:13:26,037 | App.naive_bayes | INFO | Making prediction...
2025-07-23 10:13:26,037 | App.naive_bayes | INFO | Calculating posteriors...
2025-07-23 10:13:26,037 | App.naive_bayes | INFO | Posterior calculation completed
2025-07-23 10:13:26,037 | App.naive_bayes | INFO | Prediction result: Sour
2025-07-23 10:13:26,037 | App.model | INFO | Calculating target value ratios
2025-07-23 10:13:26,037 | App.naive_bayes | INFO | Making prediction...
2025-07-23 10:13:26,037 | App.naive_bayes | INFO | Calculating posteriors...
2025-07-23 10:13:26,037 | App.naive_bayes | INFO | Posterior calculation completed
2025-07-23 10:13:26,037 | App.naive_bayes | INFO | Prediction result: Sour
2025-07-23 10:13:26,037 | App.model | INFO | Calculating target value ratios
2025-07-23 10:13:26,038 | App.naive_bayes | INFO | Making prediction...
2025-07-23 10:13:26,038 | App.naive_bayes | INFO | Calculating posteriors...
2025-07-23 10:13:26,038 | App.naive_bayes | INFO | Posterior calculation completed
2025-07-23 10:13:26,038 | App.naive_bayes | INFO | Prediction result: Sweet
2025-07-23 10:13:26,038 | App.model | INFO | Calculating target value ratios
2025-07-23 10:13:26,038 | App.naive_bayes | INFO | Making prediction...
2025-07-23 10:13:26,039 | App.naive_bayes | INFO | Calculating posteriors...
2025-07-23 10:13:26,039 | App.naive_bayes | INFO | Posterior calculation completed
2025-07-23 10:13:26,039 | App.naive_bayes | INFO | Prediction result: Sweet
2025-07-23 10:13:26,039 | App.model | INFO | Calculating target value ratios
2025-07-23 10:13:26,040 | App.naive_bayes | INFO | Making prediction...
2025-07-23 10:13:26,040 | App.naive_bayes | INFO | Calculating posteriors...
2025-07-23 10:13:26,040 | App.naive_bayes | INFO | Posterior calculation completed
2025-07-23 10:13:26,040 | App.naive_bayes | INFO | Prediction result: Sweet
2025-07-23 10:13:26,040 | App.model | INFO | Calculating target value ratios
2025-07-23 10:13:26,041 | App.naive_bayes | INFO | Making prediction...
2025-07-23 10:13:26,041 | App.naive_bayes | INFO | Calculating posteriors...
2025-07-23 10:13:26,041 | App.naive_bayes | INFO | Posterior calculation completed
2025-07-23 10:13:26,041 | App.naive_bayes | INFO | Prediction result: Sour
2025-07-23 10:13:26,041 | App.model | INFO | Calculating target value ratios
2025-07-23 10:13:26,041 | App.naive_bayes | INFO | Making prediction...
2025-07-23 10:13:26,041 | App.naive_bayes | INFO | Calculating posteriors...
2025-07-23 10:13:26,041 | App.naive_bayes | INFO | Posterior calculation completed
2025-07-23 10:13:26,041 | App.naive_bayes | INFO | Prediction result: Sweet
2025-07-23 10:13:26,041 | App.model | INFO | Calculating target value ratios
2025-07-23 10:13:26,042 | App.naive_bayes | INFO | Making prediction...
2025-07-23 10:13:26,042 | App.naive_bayes | INFO | Calculating posteriors...
2025-07-23 10:13:26,042 | App.naive_bayes | INFO | Posterior calculation completed
2025-07-23 10:13:26,042 | App.naive_bayes | INFO | Prediction result: Sweet
2025-07-23 10:13:26,042 | App.model | INFO | Calculating target value ratios
2025-07-23 10:13:26,043 | App.naive_bayes | INFO | Making prediction...
2025-07-23 10:13:26,043 | App.naive_bayes | INFO | Calculating posteriors...
2025-07-23 10:13:26,043 | App.naive_bayes | INFO | Posterior calculation completed
2025-07-23 10:13:26,043 | App.naive_bayes | INFO | Prediction result: Sweet
2025-07-23 10:13:26,043 | App.model | INFO | Calculating target value ratios
2025-07-23 10:13:26,043 | App.naive_bayes | INFO | Making prediction...
2025-07-23 10:13:26,043 | App.naive_bayes | INFO | Calculating posteriors...
2025-07-23 10:13:26,043 | App.naive_bayes | INFO | Posterior calculation completed
2025-07-23 10:13:26,043 | App.naive_bayes | INFO | Prediction result: Sweet
2025-07-23 10:13:26,043 | App.model | INFO | Calculating target value ratios
2025-07-23 10:13:26,044 | App.naive_bayes | INFO | Making prediction...
2025-07-23 10:13:26,044 | App.naive_bayes | INFO | Calculating posteriors...
2025-07-23 10:13:26,044 | App.naive_bayes | INFO | Posterior calculation completed
2025-07-23 10:13:26,044 | App.naive_bayes | INFO | Prediction result: Sweet
2025-07-23 10:13:26,044 | App.model | INFO | Calculating target value ratios
2025-07-23 10:13:26,044 | App.naive_bayes | INFO | Making prediction...
2025-07-23 10:13:26,045 | App.naive_bayes | INFO | Calculating posteriors...
2025-07-23 10:13:26,045 | App.naive_bayes | INFO | Posterior calculation completed
2025-07-23 10:13:26,045 | App.naive_bayes | INFO | Prediction result: Salty
2025-07-23 10:13:26,045 | App.model | INFO | Calculating target value ratios
2025-07-23 10:13:26,045 | App.naive_bayes | INFO | Making prediction...
2025-07-23 10:13:26,045 | App.naive_bayes | INFO | Calculating posteriors...
2025-07-23 10:13:26,045 | App.naive_bayes | INFO | Posterior calculation completed
2025-07-23 10:13:26,045 | App.naive_bayes | INFO | Prediction result: Sweet
2025-07-23 10:13:26,045 | App.model | INFO | Calculating target value ratios
2025-07-23 10:13:26,046 | App.naive_bayes | INFO | Making prediction...
2025-07-23 10:13:26,046 | App.naive_bayes | INFO | Calculating posteriors...
2025-07-23 10:13:26,046 | App.naive_bayes | INFO | Posterior calculation completed
2025-07-23 10:13:26,046 | App.naive_bayes | INFO | Prediction result: Sweet
2025-07-23 10:13:26,046 | App.model | INFO | Calculating target value ratios
2025-07-23 10:13:26,047 | App.naive_bayes | INFO | Making prediction...
2025-07-23 10:13:26,047 | App.naive_bayes | INFO | Calculating posteriors...
2025-07-23 10:13:26,047 | App.naive_bayes | INFO | Posterior calculation completed
2025-07-23 10:13:26,047 | App.naive_bayes | INFO | Prediction result: Sweet
2025-07-23 10:13:26,047 | App.model | INFO | Calculating target value ratios
2025-07-23 10:13:26,047 | App.naive_bayes | INFO | Making prediction...
2025-07-23 10:13:26,047 | App.naive_bayes | INFO | Calculating posteriors...
2025-07-23 10:13:26,047 | App.naive_bayes | INFO | Posterior calculation completed
2025-07-23 10:13:26,048 | App.naive_bayes | INFO | Prediction result: Sweet
2025-07-23 10:13:26,048 | App.model | INFO | Calculating target value ratios
2025-07-23 10:13:26,048 | App.naive_bayes | INFO | Making prediction...
2025-07-23 10:13:26,048 | App.naive_bayes | INFO | Calculating posteriors...
2025-07-23 10:13:26,048 | App.naive_bayes | INFO | Posterior calculation completed
2025-07-23 10:13:26,048 | App.naive_bayes | INFO | Prediction result: Sweet
2025-07-23 10:13:26,048 | App.model | INFO | Calculating target value ratios
2025-07-23 10:13:26,049 | App.naive_bayes | INFO | Making prediction...
2025-07-23 10:13:26,049 | App.naive_bayes | INFO | Calculating posteriors...
2025-07-23 10:13:26,049 | App.naive_bayes | INFO | Posterior calculation completed
2025-07-23 10:13:26,049 | App.naive_bayes | INFO | Prediction result: Sour
2025-07-23 10:13:26,049 | App.model | INFO | Calculating target value ratios
2025-07-23 10:13:26,049 | App.naive_bayes | INFO | Making prediction...
2025-07-23 10:13:26,049 | App.naive_bayes | INFO | Calculating posteriors...
2025-07-23 10:13:26,049 | App.naive_bayes | INFO | Posterior calculation completed
2025-07-23 10:13:26,049 | App.naive_bayes | INFO | Prediction result: Salty
2025-07-23 10:13:26,049 | App.model | INFO | Calculating target value ratios
2025-07-23 10:13:26,050 | App.naive_bayes | INFO | Making prediction...
2025-07-23 10:13:26,050 | App.naive_bayes | INFO | Calculating posteriors...
2025-07-23 10:13:26,050 | App.naive_bayes | INFO | Posterior calculation completed
2025-07-23 10:13:26,050 | App.naive_bayes | INFO | Prediction result: Sour
2025-07-23 10:13:26,050 | App.model | INFO | Calculating target value ratios
2025-07-23 10:13:26,051 | App.naive_bayes | INFO | Making prediction...
2025-07-23 10:13:26,051 | App.naive_bayes | INFO | Calculating posteriors...
2025-07-23 10:13:26,051 | App.naive_bayes | INFO | Posterior calculation completed
2025-07-23 10:13:26,051 | App.naive_bayes | INFO | Prediction result: Sour
2025-07-23 10:13:26,051 | App.model | INFO | Calculating target value ratios
2025-07-23 10:13:26,051 | App.naive_bayes | INFO | Making prediction...
2025-07-23 10:13:26,051 | App.naive_bayes | INFO | Calculating posteriors...
2025-07-23 10:13:26,051 | App.naive_bayes | INFO | Posterior calculation completed
2025-07-23 10:13:26,051 | App.naive_bayes | INFO | Prediction result: Sweet
2025-07-23 10:13:26,051 | App.model | INFO | Calculating target value ratios
2025-07-23 10:13:26,052 | App.naive_bayes | INFO | Making prediction...
2025-07-23 10:13:26,052 | App.naive_bayes | INFO | Calculating posteriors...
2025-07-23 10:13:26,052 | App.naive_bayes | INFO | Posterior calculation completed
2025-07-23 10:13:26,052 | App.naive_bayes | INFO | Prediction result: Salty
2025-07-23 10:13:26,052 | App.model | INFO | Calculating target value ratios
2025-07-23 10:13:26,053 | App.naive_bayes | INFO | Making prediction...
2025-07-23 10:13:26,053 | App.naive_bayes | INFO | Calculating posteriors...
2025-07-23 10:13:26,053 | App.naive_bayes | INFO | Posterior calculation completed
2025-07-23 10:13:26,053 | App.naive_bayes | INFO | Prediction result: Sour
2025-07-23 10:13:26,053 | App.model | INFO | Calculating target value ratios
2025-07-23 10:13:26,053 | App.naive_bayes | INFO | Making prediction...
2025-07-23 10:13:26,054 | App.naive_bayes | INFO | Calculating posteriors...
2025-07-23 10:13:26,054 | App.naive_bayes | INFO | Posterior calculation completed
2025-07-23 10:13:26,054 | App.naive_bayes | INFO | Prediction result: Sweet
2025-07-23 10:13:26,054 | App.model | INFO | Calculating target value ratios
2025-07-23 10:13:26,054 | App.naive_bayes | INFO | Making prediction...
2025-07-23 10:13:26,055 | App.naive_bayes | INFO | Calculating posteriors...
2025-07-23 10:13:26,055 | App.naive_bayes | INFO | Posterior calculation completed
2025-07-23 10:13:26,055 | App.naive_bayes | INFO | Prediction result: Sweet
2025-07-23 10:13:26,055 | App.model | INFO | Calculating target value ratios
2025-07-23 10:13:26,055 | App.naive_bayes | INFO | Making prediction...
2025-07-23 10:13:26,055 | App.naive_bayes | INFO | Calculating posteriors...
2025-07-23 10:13:26,055 | App.naive_bayes | INFO | Posterior calculation completed
2025-07-23 10:13:26,055 | App.naive_bayes | INFO | Prediction result: Sour
2025-07-23 10:13:26,055 | App.model | INFO | Calculating target value ratios
2025-07-23 10:13:26,056 | App.naive_bayes | INFO | Making prediction...
2025-07-23 10:13:26,056 | App.naive_bayes | INFO | Calculating posteriors...
2025-07-23 10:13:26,056 | App.naive_bayes | INFO | Posterior calculation completed
2025-07-23 10:13:26,056 | App.naive_bayes | INFO | Prediction result: Sour
2025-07-23 10:13:26,056 | App.model | INFO | Calculating target value ratios
2025-07-23 10:13:26,057 | App.naive_bayes | INFO | Making prediction...
2025-07-23 10:13:26,057 | App.naive_bayes | INFO | Calculating posteriors...
2025-07-23 10:13:26,057 | App.naive_bayes | INFO | Posterior calculation completed
2025-07-23 10:13:26,057 | App.naive_bayes | INFO | Prediction result: Sweet
2025-07-23 10:13:26,057 | App.model | INFO | Calculating target value ratios
2025-07-23 10:13:26,057 | App.naive_bayes | INFO | Making prediction...
2025-07-23 10:13:26,057 | App.naive_bayes | INFO | Calculating posteriors...
2025-07-23 10:13:26,057 | App.naive_bayes | INFO | Posterior calculation completed
2025-07-23 10:13:26,057 | App.naive_bayes | INFO | Prediction result: Sour
2025-07-23 10:13:26,057 | App.model | INFO | Calculating target value ratios
2025-07-23 10:13:26,058 | App.naive_bayes | INFO | Making prediction...
2025-07-23 10:13:26,058 | App.naive_bayes | INFO | Calculating posteriors...
2025-07-23 10:13:26,058 | App.naive_bayes | INFO | Posterior calculation completed
2025-07-23 10:13:26,058 | App.naive_bayes | INFO | Prediction result: Sour
2025-07-23 10:13:26,058 | App.model | INFO | Calculating target value ratios
2025-07-23 10:13:26,058 | App.naive_bayes | INFO | Making prediction...
2025-07-23 10:13:26,059 | App.naive_bayes | INFO | Calculating posteriors...
2025-07-23 10:13:26,059 | App.naive_bayes | INFO | Posterior calculation completed
2025-07-23 10:13:26,059 | App.naive_bayes | INFO | Prediction result: Sour
2025-07-23 10:13:26,059 | App.model | INFO | Calculating target value ratios
2025-07-23 10:13:26,059 | App.naive_bayes | INFO | Making prediction...
2025-07-23 10:13:26,059 | App.naive_bayes | INFO | Calculating posteriors...
2025-07-23 10:13:26,059 | App.naive_bayes | INFO | Posterior calculation completed
2025-07-23 10:13:26,059 | App.naive_bayes | INFO | Prediction result: Sweet
2025-07-23 10:13:26,059 | App.model | INFO | Calculating target value ratios
2025-07-23 10:13:26,060 | App.naive_bayes | INFO | Making prediction...
2025-07-23 10:13:26,060 | App.naive_bayes | INFO | Calculating posteriors...
2025-07-23 10:13:26,060 | App.naive_bayes | INFO | Posterior calculation completed
2025-07-23 10:13:26,060 | App.naive_bayes | INFO | Prediction result: Sweet
2025-07-23 10:13:26,060 | App.model | INFO | Calculating target value ratios
2025-07-23 10:13:26,060 | App.naive_bayes | INFO | Making prediction...
2025-07-23 10:13:26,060 | App.naive_bayes | INFO | Calculating posteriors...
2025-07-23 10:13:26,060 | App.naive_bayes | INFO | Posterior calculation completed
2025-07-23 10:13:26,061 | App.naive_bayes | INFO | Prediction result: Sour
2025-07-23 10:13:26,061 | App.model | INFO | Calculating target value ratios
2025-07-23 10:13:26,061 | App.naive_bayes | INFO | Making prediction...
2025-07-23 10:13:26,061 | App.naive_bayes | INFO | Calculating posteriors...
2025-07-23 10:13:26,061 | App.naive_bayes | INFO | Posterior calculation completed
2025-07-23 10:13:26,061 | App.naive_bayes | INFO | Prediction result: Sweet
2025-07-23 10:13:26,061 | App.model | INFO | Calculating target value ratios
2025-07-23 10:13:26,062 | App.naive_bayes | INFO | Making prediction...
2025-07-23 10:13:26,062 | App.naive_bayes | INFO | Calculating posteriors...
2025-07-23 10:13:26,062 | App.naive_bayes | INFO | Posterior calculation completed
2025-07-23 10:13:26,062 | App.naive_bayes | INFO | Prediction result: Sweet
2025-07-23 10:13:26,062 | App.model | INFO | Calculating target value ratios
2025-07-23 10:13:26,062 | App.naive_bayes | INFO | Making prediction...
2025-07-23 10:13:26,062 | App.naive_bayes | INFO | Calculating posteriors...
2025-07-23 10:13:26,062 | App.naive_bayes | INFO | Posterior calculation completed
2025-07-23 10:13:26,063 | App.naive_bayes | INFO | Prediction result: Sour
2025-07-23 10:13:26,063 | App.model | INFO | Calculating target value ratios
2025-07-23 10:13:26,063 | App.naive_bayes | INFO | Making prediction...
2025-07-23 10:13:26,063 | App.naive_bayes | INFO | Calculating posteriors...
2025-07-23 10:13:26,063 | App.naive_bayes | INFO | Posterior calculation completed
2025-07-23 10:13:26,063 | App.naive_bayes | INFO | Prediction result: Sweet
2025-07-23 10:13:26,063 | App.model | INFO | Calculating target value ratios
2025-07-23 10:13:26,064 | App.naive_bayes | INFO | Making prediction...
2025-07-23 10:13:26,064 | App.naive_bayes | INFO | Calculating posteriors...
2025-07-23 10:13:26,064 | App.naive_bayes | INFO | Posterior calculation completed
2025-07-23 10:13:26,064 | App.naive_bayes | INFO | Prediction result: Sweet
2025-07-23 10:13:26,064 | App.model | INFO | Calculating target value ratios
2025-07-23 10:13:26,064 | App.naive_bayes | INFO | Making prediction...
2025-07-23 10:13:26,064 | App.naive_bayes | INFO | Calculating posteriors...
2025-07-23 10:13:26,064 | App.naive_bayes | INFO | Posterior calculation completed
2025-07-23 10:13:26,064 | App.naive_bayes | INFO | Prediction result: Sour
2025-07-23 10:13:26,064 | App.model | INFO | Calculating target value ratios
2025-07-23 10:13:26,065 | App.naive_bayes | INFO | Making prediction...
2025-07-23 10:13:26,065 | App.naive_bayes | INFO | Calculating posteriors...
2025-07-23 10:13:26,065 | App.naive_bayes | INFO | Posterior calculation completed
2025-07-23 10:13:26,065 | App.naive_bayes | INFO | Prediction result: Sweet
2025-07-23 10:13:26,065 | App.model | INFO | Calculating target value ratios
2025-07-23 10:13:26,066 | App.naive_bayes | INFO | Making prediction...
2025-07-23 10:13:26,066 | App.naive_bayes | INFO | Calculating posteriors...
2025-07-23 10:13:26,066 | App.naive_bayes | INFO | Posterior calculation completed
2025-07-23 10:13:26,066 | App.naive_bayes | INFO | Prediction result: Sour
2025-07-23 10:13:26,066 | App.model | INFO | Calculating target value ratios
2025-07-23 10:13:26,066 | App.naive_bayes | INFO | Making prediction...
2025-07-23 10:13:26,066 | App.naive_bayes | INFO | Calculating posteriors...
2025-07-23 10:13:26,066 | App.naive_bayes | INFO | Posterior calculation completed
2025-07-23 10:13:26,066 | App.naive_bayes | INFO | Prediction result: Sour
2025-07-23 10:13:26,066 | App.model | INFO | Calculating target value ratios
2025-07-23 10:13:26,067 | App.naive_bayes | INFO | Making prediction...
2025-07-23 10:13:26,067 | App.naive_bayes | INFO | Calculating posteriors...
2025-07-23 10:13:26,067 | App.naive_bayes | INFO | Posterior calculation completed
2025-07-23 10:13:26,067 | App.naive_bayes | INFO | Prediction result: Sweet
2025-07-23 10:13:26,067 | App.model | INFO | Calculating target value ratios
2025-07-23 10:13:26,067 | App.naive_bayes | INFO | Making prediction...
2025-07-23 10:13:26,068 | App.naive_bayes | INFO | Calculating posteriors...
2025-07-23 10:13:26,068 | App.naive_bayes | INFO | Posterior calculation completed
2025-07-23 10:13:26,068 | App.naive_bayes | INFO | Prediction result: Sour
2025-07-23 10:13:26,068 | App.model | INFO | Calculating target value ratios
2025-07-23 10:13:26,068 | App.naive_bayes | INFO | Making prediction...
2025-07-23 10:13:26,068 | App.naive_bayes | INFO | Calculating posteriors...
2025-07-23 10:13:26,068 | App.naive_bayes | INFO | Posterior calculation completed
2025-07-23 10:13:26,068 | App.naive_bayes | INFO | Prediction result: Sweet
2025-07-23 10:13:26,068 | App.model | INFO | Calculating target value ratios
2025-07-23 10:13:26,069 | App.naive_bayes | INFO | Making prediction...
2025-07-23 10:13:26,069 | App.naive_bayes | INFO | Calculating posteriors...
2025-07-23 10:13:26,069 | App.naive_bayes | INFO | Posterior calculation completed
2025-07-23 10:13:26,069 | App.naive_bayes | INFO | Prediction result: Sweet
2025-07-23 10:13:26,069 | App.model | INFO | Calculating target value ratios
2025-07-23 10:13:26,069 | App.naive_bayes | INFO | Making prediction...
2025-07-23 10:13:26,069 | App.naive_bayes | INFO | Calculating posteriors...
2025-07-23 10:13:26,069 | App.naive_bayes | INFO | Posterior calculation completed
2025-07-23 10:13:26,070 | App.naive_bayes | INFO | Prediction result: Sour
2025-07-23 10:13:26,070 | App.model | INFO | Calculating target value ratios
2025-07-23 10:13:26,070 | App.naive_bayes | INFO | Making prediction...
2025-07-23 10:13:26,070 | App.naive_bayes | INFO | Calculating posteriors...
2025-07-23 10:13:26,070 | App.naive_bayes | INFO | Posterior calculation completed
2025-07-23 10:13:26,070 | App.naive_bayes | INFO | Prediction result: Sweet
2025-07-23 10:13:26,070 | App.model | INFO | Calculating target value ratios
2025-07-23 10:13:26,071 | App.naive_bayes | INFO | Making prediction...
2025-07-23 10:13:26,071 | App.naive_bayes | INFO | Calculating posteriors...
2025-07-23 10:13:26,071 | App.naive_bayes | INFO | Posterior calculation completed
2025-07-23 10:13:26,071 | App.naive_bayes | INFO | Prediction result: Sour
2025-07-23 10:13:26,071 | App.model | INFO | Calculating target value ratios
2025-07-23 10:13:26,072 | App.naive_bayes | INFO | Making prediction...
2025-07-23 10:13:26,072 | App.naive_bayes | INFO | Calculating posteriors...
2025-07-23 10:13:26,072 | App.naive_bayes | INFO | Posterior calculation completed
2025-07-23 10:13:26,072 | App.naive_bayes | INFO | Prediction result: Sour
2025-07-23 10:13:26,072 | App.model | INFO | Calculating target value ratios
2025-07-23 10:13:26,072 | App.naive_bayes | INFO | Making prediction...
2025-07-23 10:13:26,072 | App.naive_bayes | INFO | Calculating posteriors...
2025-07-23 10:13:26,072 | App.naive_bayes | INFO | Posterior calculation completed
2025-07-23 10:13:26,073 | App.naive_bayes | INFO | Prediction result: Sweet
2025-07-23 10:13:26,073 | App.model | INFO | Calculating target value ratios
2025-07-23 10:13:26,073 | App.naive_bayes | INFO | Making prediction...
2025-07-23 10:13:26,073 | App.naive_bayes | INFO | Calculating posteriors...
2025-07-23 10:13:26,073 | App.naive_bayes | INFO | Posterior calculation completed
2025-07-23 10:13:26,073 | App.naive_bayes | INFO | Prediction result: Sweet
2025-07-23 10:13:26,073 | App.model | INFO | Calculating target value ratios
2025-07-23 10:13:26,074 | App.naive_bayes | INFO | Making prediction...
2025-07-23 10:13:26,074 | App.naive_bayes | INFO | Calculating posteriors...
2025-07-23 10:13:26,074 | App.naive_bayes | INFO | Posterior calculation completed
2025-07-23 10:13:26,074 | App.naive_bayes | INFO | Prediction result: Sweet
2025-07-23 10:13:26,074 | App.model | INFO | Calculating target value ratios
2025-07-23 10:13:26,074 | App.naive_bayes | INFO | Making prediction...
2025-07-23 10:13:26,074 | App.naive_bayes | INFO | Calculating posteriors...
2025-07-23 10:13:26,074 | App.naive_bayes | INFO | Posterior calculation completed
2025-07-23 10:13:26,074 | App.naive_bayes | INFO | Prediction result: Sweet
2025-07-23 10:13:26,075 | App.model | INFO | Calculating target value ratios
2025-07-23 10:13:26,075 | App.naive_bayes | INFO | Making prediction...
2025-07-23 10:13:26,075 | App.naive_bayes | INFO | Calculating posteriors...
2025-07-23 10:13:26,075 | App.naive_bayes | INFO | Posterior calculation completed
2025-07-23 10:13:26,075 | App.naive_bayes | INFO | Prediction result: Salty
2025-07-23 10:13:26,075 | App.model | INFO | Calculating target value ratios
2025-07-23 10:13:26,076 | App.naive_bayes | INFO | Making prediction...
2025-07-23 10:13:26,076 | App.naive_bayes | INFO | Calculating posteriors...
2025-07-23 10:13:26,076 | App.naive_bayes | INFO | Posterior calculation completed
2025-07-23 10:13:26,076 | App.naive_bayes | INFO | Prediction result: Salty
2025-07-23 10:13:26,076 | App.model | INFO | Calculating target value ratios
2025-07-23 10:13:26,076 | App.naive_bayes | INFO | Making prediction...
2025-07-23 10:13:26,076 | App.naive_bayes | INFO | Calculating posteriors...
2025-07-23 10:13:26,076 | App.naive_bayes | INFO | Posterior calculation completed
2025-07-23 10:13:26,076 | App.naive_bayes | INFO | Prediction result: Sour
2025-07-23 10:13:26,077 | App.model | INFO | Calculating target value ratios
2025-07-23 10:13:26,077 | App.naive_bayes | INFO | Making prediction...
2025-07-23 10:13:26,077 | App.naive_bayes | INFO | Calculating posteriors...
2025-07-23 10:13:26,077 | App.naive_bayes | INFO | Posterior calculation completed
2025-07-23 10:13:26,077 | App.naive_bayes | INFO | Prediction result: Sweet
2025-07-23 10:13:26,077 | App.model | INFO | Calculating target value ratios
2025-07-23 10:13:26,078 | App.naive_bayes | INFO | Making prediction...
2025-07-23 10:13:26,078 | App.naive_bayes | INFO | Calculating posteriors...
2025-07-23 10:13:26,078 | App.naive_bayes | INFO | Posterior calculation completed
2025-07-23 10:13:26,078 | App.naive_bayes | INFO | Prediction result: Sour
2025-07-23 10:13:26,078 | App.model | INFO | Calculating target value ratios
2025-07-23 10:13:26,078 | App.naive_bayes | INFO | Making prediction...
2025-07-23 10:13:26,078 | App.naive_bayes | INFO | Calculating posteriors...
2025-07-23 10:13:26,078 | App.naive_bayes | INFO | Posterior calculation completed
2025-07-23 10:13:26,078 | App.naive_bayes | INFO | Prediction result: Sour
2025-07-23 10:13:26,078 | App.model | INFO | Calculating target value ratios
2025-07-23 10:13:26,079 | App.naive_bayes | INFO | Making prediction...
2025-07-23 10:13:26,079 | App.naive_bayes | INFO | Calculating posteriors...
2025-07-23 10:13:26,079 | App.naive_bayes | INFO | Posterior calculation completed
2025-07-23 10:13:26,079 | App.naive_bayes | INFO | Prediction result: Salty
2025-07-23 10:13:26,079 | App.model | INFO | Calculating target value ratios
2025-07-23 10:13:26,080 | App.naive_bayes | INFO | Making prediction...
2025-07-23 10:13:26,080 | App.naive_bayes | INFO | Calculating posteriors...
2025-07-23 10:13:26,080 | App.naive_bayes | INFO | Posterior calculation completed
2025-07-23 10:13:26,080 | App.naive_bayes | INFO | Prediction result: Sweet
2025-07-23 10:13:26,080 | App.model | INFO | Calculating target value ratios
2025-07-23 10:13:26,080 | App.naive_bayes | INFO | Making prediction...
2025-07-23 10:13:26,080 | App.naive_bayes | INFO | Calculating posteriors...
2025-07-23 10:13:26,080 | App.naive_bayes | INFO | Posterior calculation completed
2025-07-23 10:13:26,080 | App.naive_bayes | INFO | Prediction result: Sweet
2025-07-23 10:13:26,081 | App.model | INFO | Calculating target value ratios
2025-07-23 10:13:26,081 | App.naive_bayes | INFO | Making prediction...
2025-07-23 10:13:26,081 | App.naive_bayes | INFO | Calculating posteriors...
2025-07-23 10:13:26,081 | App.naive_bayes | INFO | Posterior calculation completed
2025-07-23 10:13:26,081 | App.naive_bayes | INFO | Prediction result: Salty
2025-07-23 10:13:26,081 | App.model | INFO | Calculating target value ratios
2025-07-23 10:13:26,082 | App.naive_bayes | INFO | Making prediction...
2025-07-23 10:13:26,082 | App.naive_bayes | INFO | Calculating posteriors...
2025-07-23 10:13:26,082 | App.naive_bayes | INFO | Posterior calculation completed
2025-07-23 10:13:26,082 | App.naive_bayes | INFO | Prediction result: Sweet
2025-07-23 10:13:26,082 | App.model | INFO | Calculating target value ratios
2025-07-23 10:13:26,082 | App.naive_bayes | INFO | Making prediction...
2025-07-23 10:13:26,082 | App.naive_bayes | INFO | Calculating posteriors...
2025-07-23 10:13:26,082 | App.naive_bayes | INFO | Posterior calculation completed
2025-07-23 10:13:26,082 | App.naive_bayes | INFO | Prediction result: Sour
2025-07-23 10:13:26,083 | App.model | INFO | Calculating target value ratios
2025-07-23 10:13:26,083 | App.naive_bayes | INFO | Making prediction...
2025-07-23 10:13:26,083 | App.naive_bayes | INFO | Calculating posteriors...
2025-07-23 10:13:26,083 | App.naive_bayes | INFO | Posterior calculation completed
2025-07-23 10:13:26,083 | App.naive_bayes | INFO | Prediction result: Sweet
2025-07-23 10:13:26,083 | App.model | INFO | Calculating target value ratios
2025-07-23 10:13:26,084 | App.naive_bayes | INFO | Making prediction...
2025-07-23 10:13:26,084 | App.naive_bayes | INFO | Calculating posteriors...
2025-07-23 10:13:26,084 | App.naive_bayes | INFO | Posterior calculation completed
2025-07-23 10:13:26,084 | App.naive_bayes | INFO | Prediction result: Sour
2025-07-23 10:13:26,084 | App.model | INFO | Calculating target value ratios
2025-07-23 10:13:26,084 | App.naive_bayes | INFO | Making prediction...
2025-07-23 10:13:26,084 | App.naive_bayes | INFO | Calculating posteriors...
2025-07-23 10:13:26,084 | App.naive_bayes | INFO | Posterior calculation completed
2025-07-23 10:13:26,084 | App.naive_bayes | INFO | Prediction result: Sweet
2025-07-23 10:13:26,084 | App.model | INFO | Calculating target value ratios
2025-07-23 10:13:26,085 | App.naive_bayes | INFO | Making prediction...
2025-07-23 10:13:26,085 | App.naive_bayes | INFO | Calculating posteriors...
2025-07-23 10:13:26,085 | App.naive_bayes | INFO | Posterior calculation completed
2025-07-23 10:13:26,085 | App.naive_bayes | INFO | Prediction result: Sour
2025-07-23 10:13:26,085 | App.model | INFO | Calculating target value ratios
2025-07-23 10:13:26,085 | App.naive_bayes | INFO | Making prediction...
2025-07-23 10:13:26,086 | App.naive_bayes | INFO | Calculating posteriors...
2025-07-23 10:13:26,086 | App.naive_bayes | INFO | Posterior calculation completed
2025-07-23 10:13:26,086 | App.naive_bayes | INFO | Prediction result: Salty
2025-07-23 10:13:26,086 | App.model | INFO | Calculating target value ratios
2025-07-23 10:13:26,086 | App.naive_bayes | INFO | Making prediction...
2025-07-23 10:13:26,086 | App.naive_bayes | INFO | Calculating posteriors...
2025-07-23 10:13:26,086 | App.naive_bayes | INFO | Posterior calculation completed
2025-07-23 10:13:26,086 | App.naive_bayes | INFO | Prediction result: Sweet
2025-07-23 10:13:26,087 | App.model | INFO | Calculating target value ratios
2025-07-23 10:13:26,087 | App.naive_bayes | INFO | Making prediction...
2025-07-23 10:13:26,087 | App.naive_bayes | INFO | Calculating posteriors...
2025-07-23 10:13:26,087 | App.naive_bayes | INFO | Posterior calculation completed
2025-07-23 10:13:26,087 | App.naive_bayes | INFO | Prediction result: Salty
2025-07-23 10:13:26,087 | App.model | INFO | Calculating target value ratios
2025-07-23 10:13:26,088 | App.naive_bayes | INFO | Making prediction...
2025-07-23 10:13:26,088 | App.naive_bayes | INFO | Calculating posteriors...
2025-07-23 10:13:26,088 | App.naive_bayes | INFO | Posterior calculation completed
2025-07-23 10:13:26,088 | App.naive_bayes | INFO | Prediction result: Sour
2025-07-23 10:13:26,088 | App.model | INFO | Calculating target value ratios
2025-07-23 10:13:26,088 | App.naive_bayes | INFO | Making prediction...
2025-07-23 10:13:26,088 | App.naive_bayes | INFO | Calculating posteriors...
2025-07-23 10:13:26,089 | App.naive_bayes | INFO | Posterior calculation completed
2025-07-23 10:13:26,089 | App.naive_bayes | INFO | Prediction result: Sweet
2025-07-23 10:13:26,089 | App.model | INFO | Calculating target value ratios
2025-07-23 10:13:26,089 | App.naive_bayes | INFO | Making prediction...
2025-07-23 10:13:26,089 | App.naive_bayes | INFO | Calculating posteriors...
2025-07-23 10:13:26,089 | App.naive_bayes | INFO | Posterior calculation completed
2025-07-23 10:13:26,089 | App.naive_bayes | INFO | Prediction result: Sour
2025-07-23 10:13:26,089 | App.model | INFO | Calculating target value ratios
2025-07-23 10:13:26,090 | App.naive_bayes | INFO | Making prediction...
2025-07-23 10:13:26,090 | App.naive_bayes | INFO | Calculating posteriors...
2025-07-23 10:13:26,090 | App.naive_bayes | INFO | Posterior calculation completed
2025-07-23 10:13:26,090 | App.naive_bayes | INFO | Prediction result: Sour
2025-07-23 10:13:26,090 | App.model | INFO | Calculating target value ratios
2025-07-23 10:13:26,090 | App.naive_bayes | INFO | Making prediction...
2025-07-23 10:13:26,090 | App.naive_bayes | INFO | Calculating posteriors...
2025-07-23 10:13:26,091 | App.naive_bayes | INFO | Posterior calculation completed
2025-07-23 10:13:26,091 | App.naive_bayes | INFO | Prediction result: Sweet
2025-07-23 10:13:26,091 | App.model | INFO | Calculating target value ratios
2025-07-23 10:13:26,091 | App.naive_bayes | INFO | Making prediction...
2025-07-23 10:13:26,091 | App.naive_bayes | INFO | Calculating posteriors...
2025-07-23 10:13:26,091 | App.naive_bayes | INFO | Posterior calculation completed
2025-07-23 10:13:26,091 | App.naive_bayes | INFO | Prediction result: Sweet
2025-07-23 10:13:26,091 | App.model | INFO | Calculating target value ratios
2025-07-23 10:13:26,092 | App.naive_bayes | INFO | Making prediction...
2025-07-23 10:13:26,092 | App.naive_bayes | INFO | Calculating posteriors...
2025-07-23 10:13:26,092 | App.naive_bayes | INFO | Posterior calculation completed
2025-07-23 10:13:26,092 | App.naive_bayes | INFO | Prediction result: Sour
2025-07-23 10:13:26,092 | App.model | INFO | Calculating target value ratios
2025-07-23 10:13:26,092 | App.naive_bayes | INFO | Making prediction...
2025-07-23 10:13:26,092 | App.naive_bayes | INFO | Calculating posteriors...
2025-07-23 10:13:26,092 | App.naive_bayes | INFO | Posterior calculation completed
2025-07-23 10:13:26,092 | App.naive_bayes | INFO | Prediction result: Sweet
2025-07-23 10:13:26,092 | App.model | INFO | Calculating target value ratios
2025-07-23 10:13:26,093 | App.naive_bayes | INFO | Making prediction...
2025-07-23 10:13:26,093 | App.naive_bayes | INFO | Calculating posteriors...
2025-07-23 10:13:26,093 | App.naive_bayes | INFO | Posterior calculation completed
2025-07-23 10:13:26,093 | App.naive_bayes | INFO | Prediction result: Sour
2025-07-23 10:13:26,093 | App.model | INFO | Calculating target value ratios
2025-07-23 10:13:26,094 | App.naive_bayes | INFO | Making prediction...
2025-07-23 10:13:26,094 | App.naive_bayes | INFO | Calculating posteriors...
2025-07-23 10:13:26,094 | App.naive_bayes | INFO | Posterior calculation completed
2025-07-23 10:13:26,094 | App.naive_bayes | INFO | Prediction result: Sweet
2025-07-23 10:13:26,094 | App.model | INFO | Calculating target value ratios
2025-07-23 10:13:26,094 | App.naive_bayes | INFO | Making prediction...
2025-07-23 10:13:26,094 | App.naive_bayes | INFO | Calculating posteriors...
2025-07-23 10:13:26,094 | App.naive_bayes | INFO | Posterior calculation completed
2025-07-23 10:13:26,094 | App.naive_bayes | INFO | Prediction result: Sour
2025-07-23 10:13:26,094 | App.model | INFO | Calculating target value ratios
2025-07-23 10:13:26,095 | App.naive_bayes | INFO | Making prediction...
2025-07-23 10:13:26,095 | App.naive_bayes | INFO | Calculating posteriors...
2025-07-23 10:13:26,095 | App.naive_bayes | INFO | Posterior calculation completed
2025-07-23 10:13:26,095 | App.naive_bayes | INFO | Prediction result: Salty
2025-07-23 10:13:26,095 | App.model | INFO | Calculating target value ratios
2025-07-23 10:13:26,096 | App.naive_bayes | INFO | Making prediction...
2025-07-23 10:13:26,096 | App.naive_bayes | INFO | Calculating posteriors...
2025-07-23 10:13:26,096 | App.naive_bayes | INFO | Posterior calculation completed
2025-07-23 10:13:26,096 | App.naive_bayes | INFO | Prediction result: Salty
2025-07-23 10:13:26,096 | App.model | INFO | Calculating target value ratios
2025-07-23 10:13:26,097 | App.naive_bayes | INFO | Making prediction...
2025-07-23 10:13:26,097 | App.naive_bayes | INFO | Calculating posteriors...
2025-07-23 10:13:26,097 | App.naive_bayes | INFO | Posterior calculation completed
2025-07-23 10:13:26,097 | App.naive_bayes | INFO | Prediction result: Sour
2025-07-23 10:13:26,097 | App.model | INFO | Calculating target value ratios
2025-07-23 10:13:26,097 | App.naive_bayes | INFO | Making prediction...
2025-07-23 10:13:26,097 | App.naive_bayes | INFO | Calculating posteriors...
2025-07-23 10:13:26,097 | App.naive_bayes | INFO | Posterior calculation completed
2025-07-23 10:13:26,097 | App.naive_bayes | INFO | Prediction result: Sweet
2025-07-23 10:13:26,097 | App.model | INFO | Calculating target value ratios
2025-07-23 10:13:26,098 | App.naive_bayes | INFO | Making prediction...
2025-07-23 10:13:26,098 | App.naive_bayes | INFO | Calculating posteriors...
2025-07-23 10:13:26,098 | App.naive_bayes | INFO | Posterior calculation completed
2025-07-23 10:13:26,098 | App.naive_bayes | INFO | Prediction result: Sweet
2025-07-23 10:13:26,098 | App.model | INFO | Calculating target value ratios
2025-07-23 10:13:26,098 | App.naive_bayes | INFO | Making prediction...
2025-07-23 10:13:26,098 | App.naive_bayes | INFO | Calculating posteriors...
2025-07-23 10:13:26,099 | App.naive_bayes | INFO | Posterior calculation completed
2025-07-23 10:13:26,099 | App.naive_bayes | INFO | Prediction result: Sweet
2025-07-23 10:13:26,099 | App.model | INFO | Calculating target value ratios
2025-07-23 10:13:26,099 | App.naive_bayes | INFO | Making prediction...
2025-07-23 10:13:26,099 | App.naive_bayes | INFO | Calculating posteriors...
2025-07-23 10:13:26,099 | App.naive_bayes | INFO | Posterior calculation completed
2025-07-23 10:13:26,099 | App.naive_bayes | INFO | Prediction result: Sour
2025-07-23 10:13:26,099 | App.model | INFO | Calculating target value ratios
2025-07-23 10:13:26,100 | App.naive_bayes | INFO | Making prediction...
2025-07-23 10:13:26,100 | App.naive_bayes | INFO | Calculating posteriors...
2025-07-23 10:13:26,100 | App.naive_bayes | INFO | Posterior calculation completed
2025-07-23 10:13:26,100 | App.naive_bayes | INFO | Prediction result: Salty
2025-07-23 10:13:26,100 | App.model | INFO | Calculating target value ratios
2025-07-23 10:13:26,100 | App.naive_bayes | INFO | Making prediction...
2025-07-23 10:13:26,100 | App.naive_bayes | INFO | Calculating posteriors...
2025-07-23 10:13:26,100 | App.naive_bayes | INFO | Posterior calculation completed
2025-07-23 10:13:26,100 | App.naive_bayes | INFO | Prediction result: Sweet
2025-07-23 10:13:26,101 | App.model | INFO | Calculating target value ratios
2025-07-23 10:13:26,101 | App.naive_bayes | INFO | Making prediction...
2025-07-23 10:13:26,101 | App.naive_bayes | INFO | Calculating posteriors...
2025-07-23 10:13:26,101 | App.naive_bayes | INFO | Posterior calculation completed
2025-07-23 10:13:26,101 | App.naive_bayes | INFO | Prediction result: Sweet
2025-07-23 10:13:26,101 | App.model | INFO | Calculating target value ratios
2025-07-23 10:13:26,102 | App.naive_bayes | INFO | Making prediction...
2025-07-23 10:13:26,102 | App.naive_bayes | INFO | Calculating posteriors...
2025-07-23 10:13:26,102 | App.naive_bayes | INFO | Posterior calculation completed
2025-07-23 10:13:26,102 | App.naive_bayes | INFO | Prediction result: Salty
2025-07-23 10:13:26,102 | App.model | INFO | Calculating target value ratios
2025-07-23 10:13:26,103 | App.naive_bayes | INFO | Making prediction...
2025-07-23 10:13:26,103 | App.naive_bayes | INFO | Calculating posteriors...
2025-07-23 10:13:26,103 | App.naive_bayes | INFO | Posterior calculation completed
2025-07-23 10:13:26,103 | App.naive_bayes | INFO | Prediction result: Sweet
2025-07-23 10:13:26,103 | App.model | INFO | Calculating target value ratios
2025-07-23 10:13:26,103 | App.naive_bayes | INFO | Making prediction...
2025-07-23 10:13:26,103 | App.naive_bayes | INFO | Calculating posteriors...
2025-07-23 10:13:26,103 | App.naive_bayes | INFO | Posterior calculation completed
2025-07-23 10:13:26,103 | App.naive_bayes | INFO | Prediction result: Sour
2025-07-23 10:13:26,103 | App.model | INFO | Calculating target value ratios
2025-07-23 10:13:26,104 | App.naive_bayes | INFO | Making prediction...
2025-07-23 10:13:26,104 | App.naive_bayes | INFO | Calculating posteriors...
2025-07-23 10:13:26,104 | App.naive_bayes | INFO | Posterior calculation completed
2025-07-23 10:13:26,104 | App.naive_bayes | INFO | Prediction result: Salty
2025-07-23 10:13:26,104 | App.model | INFO | Calculating target value ratios
2025-07-23 10:13:26,105 | App.naive_bayes | INFO | Making prediction...
2025-07-23 10:13:26,105 | App.naive_bayes | INFO | Calculating posteriors...
2025-07-23 10:13:26,105 | App.naive_bayes | INFO | Posterior calculation completed
2025-07-23 10:13:26,105 | App.naive_bayes | INFO | Prediction result: Sour
2025-07-23 10:13:26,105 | App.model | INFO | Calculating target value ratios
2025-07-23 10:13:26,105 | App.naive_bayes | INFO | Making prediction...
2025-07-23 10:13:26,105 | App.naive_bayes | INFO | Calculating posteriors...
2025-07-23 10:13:26,105 | App.naive_bayes | INFO | Posterior calculation completed
2025-07-23 10:13:26,105 | App.naive_bayes | INFO | Prediction result: Sour
2025-07-23 10:13:26,105 | App.model | INFO | Calculating target value ratios
2025-07-23 10:13:26,106 | App.naive_bayes | INFO | Making prediction...
2025-07-23 10:13:26,106 | App.naive_bayes | INFO | Calculating posteriors...
2025-07-23 10:13:26,106 | App.naive_bayes | INFO | Posterior calculation completed
2025-07-23 10:13:26,106 | App.naive_bayes | INFO | Prediction result: Sweet
2025-07-23 10:13:26,106 | App.model | INFO | Calculating target value ratios
2025-07-23 10:13:26,106 | App.naive_bayes | INFO | Making prediction...
2025-07-23 10:13:26,106 | App.naive_bayes | INFO | Calculating posteriors...
2025-07-23 10:13:26,106 | App.naive_bayes | INFO | Posterior calculation completed
2025-07-23 10:13:26,107 | App.naive_bayes | INFO | Prediction result: Sour
2025-07-23 10:13:26,107 | App.model | INFO | Calculating target value ratios
2025-07-23 10:13:26,107 | App.naive_bayes | INFO | Making prediction...
2025-07-23 10:13:26,107 | App.naive_bayes | INFO | Calculating posteriors...
2025-07-23 10:13:26,107 | App.naive_bayes | INFO | Posterior calculation completed
2025-07-23 10:13:26,107 | App.naive_bayes | INFO | Prediction result: Sweet
2025-07-23 10:13:26,107 | App.model | INFO | Calculating target value ratios
2025-07-23 10:13:26,108 | App.naive_bayes | INFO | Making prediction...
2025-07-23 10:13:26,108 | App.naive_bayes | INFO | Calculating posteriors...
2025-07-23 10:13:26,108 | App.naive_bayes | INFO | Posterior calculation completed
2025-07-23 10:13:26,108 | App.naive_bayes | INFO | Prediction result: Sweet
2025-07-23 10:13:26,108 | App.model | INFO | Calculating target value ratios
2025-07-23 10:13:26,108 | App.naive_bayes | INFO | Making prediction...
2025-07-23 10:13:26,108 | App.naive_bayes | INFO | Calculating posteriors...
2025-07-23 10:13:26,109 | App.naive_bayes | INFO | Posterior calculation completed
2025-07-23 10:13:26,109 | App.naive_bayes | INFO | Prediction result: Sour
2025-07-23 10:13:26,109 | App.model | INFO | Calculating target value ratios
2025-07-23 10:13:26,109 | App.naive_bayes | INFO | Making prediction...
2025-07-23 10:13:26,109 | App.naive_bayes | INFO | Calculating posteriors...
2025-07-23 10:13:26,109 | App.naive_bayes | INFO | Posterior calculation completed
2025-07-23 10:13:26,109 | App.naive_bayes | INFO | Prediction result: Salty
2025-07-23 10:13:26,109 | App.model | INFO | Calculating target value ratios
2025-07-23 10:13:26,110 | App.naive_bayes | INFO | Making prediction...
2025-07-23 10:13:26,110 | App.naive_bayes | INFO | Calculating posteriors...
2025-07-23 10:13:26,110 | App.naive_bayes | INFO | Posterior calculation completed
2025-07-23 10:13:26,110 | App.naive_bayes | INFO | Prediction result: Sweet
2025-07-23 10:13:26,110 | App.model | INFO | Calculating target value ratios
2025-07-23 10:13:26,110 | App.naive_bayes | INFO | Making prediction...
2025-07-23 10:13:26,110 | App.naive_bayes | INFO | Calculating posteriors...
2025-07-23 10:13:26,111 | App.naive_bayes | INFO | Posterior calculation completed
2025-07-23 10:13:26,111 | App.naive_bayes | INFO | Prediction result: Sour
2025-07-23 10:13:26,111 | App.model | INFO | Calculating target value ratios
2025-07-23 10:13:26,111 | App.naive_bayes | INFO | Making prediction...
2025-07-23 10:13:26,111 | App.naive_bayes | INFO | Calculating posteriors...
2025-07-23 10:13:26,111 | App.naive_bayes | INFO | Posterior calculation completed
2025-07-23 10:13:26,111 | App.naive_bayes | INFO | Prediction result: Sour
2025-07-23 10:13:26,111 | App.model | INFO | Calculating target value ratios
2025-07-23 10:13:26,112 | App.naive_bayes | INFO | Making prediction...
2025-07-23 10:13:26,112 | App.naive_bayes | INFO | Calculating posteriors...
2025-07-23 10:13:26,112 | App.naive_bayes | INFO | Posterior calculation completed
2025-07-23 10:13:26,112 | App.naive_bayes | INFO | Prediction result: Sweet
2025-07-23 10:13:26,112 | App.model | INFO | Calculating target value ratios
2025-07-23 10:13:26,112 | App.naive_bayes | INFO | Making prediction...
2025-07-23 10:13:26,112 | App.naive_bayes | INFO | Calculating posteriors...
2025-07-23 10:13:26,112 | App.naive_bayes | INFO | Posterior calculation completed
2025-07-23 10:13:26,113 | App.naive_bayes | INFO | Prediction result: Sweet
2025-07-23 10:13:26,113 | App.model | INFO | Calculating target value ratios
2025-07-23 10:13:26,113 | App.naive_bayes | INFO | Making prediction...
2025-07-23 10:13:26,113 | App.naive_bayes | INFO | Calculating posteriors...
2025-07-23 10:13:26,113 | App.naive_bayes | INFO | Posterior calculation completed
2025-07-23 10:13:26,113 | App.naive_bayes | INFO | Prediction result: Sour
2025-07-23 10:13:26,113 | App.model | INFO | Calculating target value ratios
2025-07-23 10:13:26,114 | App.naive_bayes | INFO | Making prediction...
2025-07-23 10:13:26,114 | App.naive_bayes | INFO | Calculating posteriors...
2025-07-23 10:13:26,114 | App.naive_bayes | INFO | Posterior calculation completed
2025-07-23 10:13:26,114 | App.naive_bayes | INFO | Prediction result: Sweet
2025-07-23 10:13:26,114 | App.model | INFO | Calculating target value ratios
2025-07-23 10:13:26,114 | App.naive_bayes | INFO | Making prediction...
2025-07-23 10:13:26,114 | App.naive_bayes | INFO | Calculating posteriors...
2025-07-23 10:13:26,114 | App.naive_bayes | INFO | Posterior calculation completed
2025-07-23 10:13:26,114 | App.naive_bayes | INFO | Prediction result: Sour
2025-07-23 10:13:26,114 | App.model | INFO | Calculating target value ratios
2025-07-23 10:13:26,115 | App.naive_bayes | INFO | Making prediction...
2025-07-23 10:13:26,115 | App.naive_bayes | INFO | Calculating posteriors...
2025-07-23 10:13:26,115 | App.naive_bayes | INFO | Posterior calculation completed
2025-07-23 10:13:26,115 | App.naive_bayes | INFO | Prediction result: Sour
2025-07-23 10:13:26,115 | App.model | INFO | Calculating target value ratios
2025-07-23 10:13:26,116 | App.naive_bayes | INFO | Making prediction...
2025-07-23 10:13:26,116 | App.naive_bayes | INFO | Calculating posteriors...
2025-07-23 10:13:26,116 | App.naive_bayes | INFO | Posterior calculation completed
2025-07-23 10:13:26,116 | App.naive_bayes | INFO | Prediction result: Sour
2025-07-23 10:13:26,116 | App.model | INFO | Calculating target value ratios
2025-07-23 10:13:26,116 | App.naive_bayes | INFO | Making prediction...
2025-07-23 10:13:26,116 | App.naive_bayes | INFO | Calculating posteriors...
2025-07-23 10:13:26,116 | App.naive_bayes | INFO | Posterior calculation completed
2025-07-23 10:13:26,116 | App.naive_bayes | INFO | Prediction result: Sweet
2025-07-23 10:13:26,116 | App.model | INFO | Calculating target value ratios
2025-07-23 10:13:26,117 | App.naive_bayes | INFO | Making prediction...
2025-07-23 10:13:26,117 | App.naive_bayes | INFO | Calculating posteriors...
2025-07-23 10:13:26,117 | App.naive_bayes | INFO | Posterior calculation completed
2025-07-23 10:13:26,117 | App.naive_bayes | INFO | Prediction result: Sweet
2025-07-23 10:13:26,117 | App.model | INFO | Calculating target value ratios
2025-07-23 10:13:26,118 | App.naive_bayes | INFO | Making prediction...
2025-07-23 10:13:26,118 | App.naive_bayes | INFO | Calculating posteriors...
2025-07-23 10:13:26,118 | App.naive_bayes | INFO | Posterior calculation completed
2025-07-23 10:13:26,118 | App.naive_bayes | INFO | Prediction result: Sweet
2025-07-23 10:13:26,118 | App.model | INFO | Calculating target value ratios
2025-07-23 10:13:26,118 | App.naive_bayes | INFO | Making prediction...
2025-07-23 10:13:26,119 | App.naive_bayes | INFO | Calculating posteriors...
2025-07-23 10:13:26,119 | App.naive_bayes | INFO | Posterior calculation completed
2025-07-23 10:13:26,119 | App.naive_bayes | INFO | Prediction result: Sweet
2025-07-23 10:13:26,119 | App.model | INFO | Calculating target value ratios
2025-07-23 10:13:26,119 | App.naive_bayes | INFO | Making prediction...
2025-07-23 10:13:26,119 | App.naive_bayes | INFO | Calculating posteriors...
2025-07-23 10:13:26,119 | App.naive_bayes | INFO | Posterior calculation completed
2025-07-23 10:13:26,119 | App.naive_bayes | INFO | Prediction result: Sour
2025-07-23 10:13:26,119 | App.model | INFO | Calculating target value ratios
2025-07-23 10:13:26,120 | App.naive_bayes | INFO | Making prediction...
2025-07-23 10:13:26,120 | App.naive_bayes | INFO | Calculating posteriors...
2025-07-23 10:13:26,120 | App.naive_bayes | INFO | Posterior calculation completed
2025-07-23 10:13:26,120 | App.naive_bayes | INFO | Prediction result: Sour
2025-07-23 10:13:26,120 | App.model | INFO | Calculating target value ratios
2025-07-23 10:13:26,120 | App.naive_bayes | INFO | Making prediction...
2025-07-23 10:13:26,120 | App.naive_bayes | INFO | Calculating posteriors...
2025-07-23 10:13:26,120 | App.naive_bayes | INFO | Posterior calculation completed
2025-07-23 10:13:26,120 | App.naive_bayes | INFO | Prediction result: Sweet
2025-07-23 10:13:26,121 | App.model | INFO | Calculating target value ratios
2025-07-23 10:13:26,121 | App.naive_bayes | INFO | Making prediction...
2025-07-23 10:13:26,121 | App.naive_bayes | INFO | Calculating posteriors...
2025-07-23 10:13:26,121 | App.naive_bayes | INFO | Posterior calculation completed
2025-07-23 10:13:26,121 | App.naive_bayes | INFO | Prediction result: Sour
2025-07-23 10:13:26,121 | App.model | INFO | Calculating target value ratios
2025-07-23 10:13:26,122 | App.naive_bayes | INFO | Making prediction...
2025-07-23 10:13:26,122 | App.naive_bayes | INFO | Calculating posteriors...
2025-07-23 10:13:26,122 | App.naive_bayes | INFO | Posterior calculation completed
2025-07-23 10:13:26,122 | App.naive_bayes | INFO | Prediction result: Sour
2025-07-23 10:13:26,122 | App.model | INFO | Calculating target value ratios
2025-07-23 10:13:26,122 | App.naive_bayes | INFO | Making prediction...
2025-07-23 10:13:26,122 | App.naive_bayes | INFO | Calculating posteriors...
2025-07-23 10:13:26,122 | App.naive_bayes | INFO | Posterior calculation completed
2025-07-23 10:13:26,122 | App.naive_bayes | INFO | Prediction result: Sweet
2025-07-23 10:13:26,122 | App.model | INFO | Calculating target value ratios
2025-07-23 10:13:26,123 | App.naive_bayes | INFO | Making prediction...
2025-07-23 10:13:26,123 | App.naive_bayes | INFO | Calculating posteriors...
2025-07-23 10:13:26,123 | App.naive_bayes | INFO | Posterior calculation completed
2025-07-23 10:13:26,123 | App.naive_bayes | INFO | Prediction result: Sweet
2025-07-23 10:13:26,123 | App.model | INFO | Calculating target value ratios
2025-07-23 10:13:26,123 | App.naive_bayes | INFO | Making prediction...
2025-07-23 10:13:26,124 | App.naive_bayes | INFO | Calculating posteriors...
2025-07-23 10:13:26,124 | App.naive_bayes | INFO | Posterior calculation completed
2025-07-23 10:13:26,124 | App.naive_bayes | INFO | Prediction result: Sweet
2025-07-23 10:13:26,124 | App.model | INFO | Calculating target value ratios
2025-07-23 10:13:26,124 | App.naive_bayes | INFO | Making prediction...
2025-07-23 10:13:26,124 | App.naive_bayes | INFO | Calculating posteriors...
2025-07-23 10:13:26,124 | App.naive_bayes | INFO | Posterior calculation completed
2025-07-23 10:13:26,124 | App.naive_bayes | INFO | Prediction result: Sour
2025-07-23 10:13:26,124 | App.model | INFO | Calculating target value ratios
2025-07-23 10:13:26,125 | App.naive_bayes | INFO | Making prediction...
2025-07-23 10:13:26,125 | App.naive_bayes | INFO | Calculating posteriors...
2025-07-23 10:13:26,125 | App.naive_bayes | INFO | Posterior calculation completed
2025-07-23 10:13:26,125 | App.naive_bayes | INFO | Prediction result: Sweet
2025-07-23 10:13:26,125 | App.model | INFO | Calculating target value ratios
2025-07-23 10:13:26,125 | App.naive_bayes | INFO | Making prediction...
2025-07-23 10:13:26,125 | App.naive_bayes | INFO | Calculating posteriors...
2025-07-23 10:13:26,125 | App.naive_bayes | INFO | Posterior calculation completed
2025-07-23 10:13:26,126 | App.naive_bayes | INFO | Prediction result: Sweet
2025-07-23 10:13:26,126 | App.model | INFO | Calculating target value ratios
2025-07-23 10:13:26,126 | App.naive_bayes | INFO | Making prediction...
2025-07-23 10:13:26,126 | App.naive_bayes | INFO | Calculating posteriors...
2025-07-23 10:13:26,126 | App.naive_bayes | INFO | Posterior calculation completed
2025-07-23 10:13:26,126 | App.naive_bayes | INFO | Prediction result: Sour
2025-07-23 10:13:26,126 | App.model | INFO | Calculating target value ratios
2025-07-23 10:13:26,127 | App.naive_bayes | INFO | Making prediction...
2025-07-23 10:13:26,127 | App.naive_bayes | INFO | Calculating posteriors...
2025-07-23 10:13:26,127 | App.naive_bayes | INFO | Posterior calculation completed
2025-07-23 10:13:26,127 | App.naive_bayes | INFO | Prediction result: Salty
2025-07-23 10:13:26,127 | App.model | INFO | Calculating target value ratios
2025-07-23 10:13:26,127 | App.naive_bayes | INFO | Making prediction...
2025-07-23 10:13:26,127 | App.naive_bayes | INFO | Calculating posteriors...
2025-07-23 10:13:26,127 | App.naive_bayes | INFO | Posterior calculation completed
2025-07-23 10:13:26,127 | App.naive_bayes | INFO | Prediction result: Sour
2025-07-23 10:13:26,127 | App.model | INFO | Calculating target value ratios
2025-07-23 10:13:26,128 | App.naive_bayes | INFO | Making prediction...
2025-07-23 10:13:26,128 | App.naive_bayes | INFO | Calculating posteriors...
2025-07-23 10:13:26,128 | App.naive_bayes | INFO | Posterior calculation completed
2025-07-23 10:13:26,128 | App.naive_bayes | INFO | Prediction result: Sweet
2025-07-23 10:13:26,128 | App.model | INFO | Calculating target value ratios
2025-07-23 10:13:26,129 | App.naive_bayes | INFO | Making prediction...
2025-07-23 10:13:26,129 | App.naive_bayes | INFO | Calculating posteriors...
2025-07-23 10:13:26,129 | App.naive_bayes | INFO | Posterior calculation completed
2025-07-23 10:13:26,129 | App.naive_bayes | INFO | Prediction result: Sour
2025-07-23 10:13:26,129 | App.model | INFO | Calculating target value ratios
2025-07-23 10:13:26,129 | App.naive_bayes | INFO | Making prediction...
2025-07-23 10:13:26,129 | App.naive_bayes | INFO | Calculating posteriors...
2025-07-23 10:13:26,129 | App.naive_bayes | INFO | Posterior calculation completed
2025-07-23 10:13:26,129 | App.naive_bayes | INFO | Prediction result: Sweet
2025-07-23 10:13:26,129 | App.model | INFO | Calculating target value ratios
2025-07-23 10:13:26,130 | App.naive_bayes | INFO | Making prediction...
2025-07-23 10:13:26,130 | App.naive_bayes | INFO | Calculating posteriors...
2025-07-23 10:13:26,130 | App.naive_bayes | INFO | Posterior calculation completed
2025-07-23 10:13:26,130 | App.naive_bayes | INFO | Prediction result: Sour
2025-07-23 10:13:26,130 | App.model | INFO | Calculating target value ratios
2025-07-23 10:13:26,130 | App.naive_bayes | INFO | Making prediction...
2025-07-23 10:13:26,130 | App.naive_bayes | INFO | Calculating posteriors...
2025-07-23 10:13:26,131 | App.naive_bayes | INFO | Posterior calculation completed
2025-07-23 10:13:26,131 | App.naive_bayes | INFO | Prediction result: Sweet
2025-07-23 10:13:26,131 | App.model | INFO | Calculating target value ratios
2025-07-23 10:13:26,131 | App.naive_bayes | INFO | Making prediction...
2025-07-23 10:13:26,131 | App.naive_bayes | INFO | Calculating posteriors...
2025-07-23 10:13:26,131 | App.naive_bayes | INFO | Posterior calculation completed
2025-07-23 10:13:26,131 | App.naive_bayes | INFO | Prediction result: Sweet
2025-07-23 10:13:26,131 | App.model | INFO | Calculating target value ratios
2025-07-23 10:13:26,132 | App.naive_bayes | INFO | Making prediction...
2025-07-23 10:13:26,132 | App.naive_bayes | INFO | Calculating posteriors...
2025-07-23 10:13:26,132 | App.naive_bayes | INFO | Posterior calculation completed
2025-07-23 10:13:26,132 | App.naive_bayes | INFO | Prediction result: Sour
2025-07-23 10:13:26,132 | App.model | INFO | Calculating target value ratios
2025-07-23 10:13:26,132 | App.naive_bayes | INFO | Making prediction...
2025-07-23 10:13:26,132 | App.naive_bayes | INFO | Calculating posteriors...
2025-07-23 10:13:26,133 | App.naive_bayes | INFO | Posterior calculation completed
2025-07-23 10:13:26,133 | App.naive_bayes | INFO | Prediction result: Salty
2025-07-23 10:13:26,133 | App.model | INFO | Calculating target value ratios
2025-07-23 10:13:26,133 | App.naive_bayes | INFO | Making prediction...
2025-07-23 10:13:26,133 | App.naive_bayes | INFO | Calculating posteriors...
2025-07-23 10:13:26,133 | App.naive_bayes | INFO | Posterior calculation completed
2025-07-23 10:13:26,133 | App.naive_bayes | INFO | Prediction result: Sweet
2025-07-23 10:13:26,133 | App.model | INFO | Calculating target value ratios
2025-07-23 10:13:26,134 | App.naive_bayes | INFO | Making prediction...
2025-07-23 10:13:26,134 | App.naive_bayes | INFO | Calculating posteriors...
2025-07-23 10:13:26,134 | App.naive_bayes | INFO | Posterior calculation completed
2025-07-23 10:13:26,134 | App.naive_bayes | INFO | Prediction result: Sweet
2025-07-23 10:13:26,134 | App.model | INFO | Calculating target value ratios
2025-07-23 10:13:26,134 | App.naive_bayes | INFO | Making prediction...
2025-07-23 10:13:26,134 | App.naive_bayes | INFO | Calculating posteriors...
2025-07-23 10:13:26,134 | App.naive_bayes | INFO | Posterior calculation completed
2025-07-23 10:13:26,134 | App.naive_bayes | INFO | Prediction result: Salty
2025-07-23 10:13:26,134 | App.model | INFO | Calculating target value ratios
2025-07-23 10:13:26,135 | App.naive_bayes | INFO | Making prediction...
2025-07-23 10:13:26,135 | App.naive_bayes | INFO | Calculating posteriors...
2025-07-23 10:13:26,135 | App.naive_bayes | INFO | Posterior calculation completed
2025-07-23 10:13:26,135 | App.naive_bayes | INFO | Prediction result: Sweet
2025-07-23 10:13:26,135 | App.model | INFO | Calculating target value ratios
2025-07-23 10:13:26,136 | App.naive_bayes | INFO | Making prediction...
2025-07-23 10:13:26,136 | App.naive_bayes | INFO | Calculating posteriors...
2025-07-23 10:13:26,136 | App.naive_bayes | INFO | Posterior calculation completed
2025-07-23 10:13:26,136 | App.naive_bayes | INFO | Prediction result: Sour
2025-07-23 10:13:26,136 | App.model | INFO | Calculating target value ratios
2025-07-23 10:13:26,136 | App.naive_bayes | INFO | Making prediction...
2025-07-23 10:13:26,136 | App.naive_bayes | INFO | Calculating posteriors...
2025-07-23 10:13:26,136 | App.naive_bayes | INFO | Posterior calculation completed
2025-07-23 10:13:26,136 | App.naive_bayes | INFO | Prediction result: Sour
2025-07-23 10:13:26,136 | App.model | INFO | Calculating target value ratios
2025-07-23 10:13:26,137 | App.naive_bayes | INFO | Making prediction...
2025-07-23 10:13:26,137 | App.naive_bayes | INFO | Calculating posteriors...
2025-07-23 10:13:26,137 | App.naive_bayes | INFO | Posterior calculation completed
2025-07-23 10:13:26,137 | App.naive_bayes | INFO | Prediction result: Sweet
2025-07-23 10:13:26,137 | App.model | INFO | Calculating target value ratios
2025-07-23 10:13:26,137 | App.naive_bayes | INFO | Making prediction...
2025-07-23 10:13:26,137 | App.naive_bayes | INFO | Calculating posteriors...
2025-07-23 10:13:26,138 | App.naive_bayes | INFO | Posterior calculation completed
2025-07-23 10:13:26,138 | App.naive_bayes | INFO | Prediction result: Sweet
2025-07-23 10:13:26,138 | App.model | INFO | Calculating target value ratios
2025-07-23 10:13:26,138 | App.naive_bayes | INFO | Making prediction...
2025-07-23 10:13:26,138 | App.naive_bayes | INFO | Calculating posteriors...
2025-07-23 10:13:26,138 | App.naive_bayes | INFO | Posterior calculation completed
2025-07-23 10:13:26,138 | App.naive_bayes | INFO | Prediction result: Sour
2025-07-23 10:13:26,138 | App.model | INFO | Calculating target value ratios
2025-07-23 10:13:26,139 | App.naive_bayes | INFO | Making prediction...
2025-07-23 10:13:26,139 | App.naive_bayes | INFO | Calculating posteriors...
2025-07-23 10:13:26,139 | App.naive_bayes | INFO | Posterior calculation completed
2025-07-23 10:13:26,139 | App.naive_bayes | INFO | Prediction result: Sweet
2025-07-23 10:13:26,139 | App.model | INFO | Calculating target value ratios
2025-07-23 10:13:26,139 | App.naive_bayes | INFO | Making prediction...
2025-07-23 10:13:26,139 | App.naive_bayes | INFO | Calculating posteriors...
2025-07-23 10:13:26,139 | App.naive_bayes | INFO | Posterior calculation completed
2025-07-23 10:13:26,139 | App.naive_bayes | INFO | Prediction result: Sweet
2025-07-23 10:13:26,140 | App.model | INFO | Calculating target value ratios
2025-07-23 10:13:26,140 | App.naive_bayes | INFO | Making prediction...
2025-07-23 10:13:26,140 | App.naive_bayes | INFO | Calculating posteriors...
2025-07-23 10:13:26,140 | App.naive_bayes | INFO | Posterior calculation completed
2025-07-23 10:13:26,140 | App.naive_bayes | INFO | Prediction result: Sweet
2025-07-23 10:13:26,140 | App.model | INFO | Calculating target value ratios
2025-07-23 10:13:26,141 | App.naive_bayes | INFO | Making prediction...
2025-07-23 10:13:26,141 | App.naive_bayes | INFO | Calculating posteriors...
2025-07-23 10:13:26,141 | App.naive_bayes | INFO | Posterior calculation completed
2025-07-23 10:13:26,141 | App.naive_bayes | INFO | Prediction result: Sweet
2025-07-23 10:13:26,141 | App.model | INFO | Calculating target value ratios
2025-07-23 10:13:26,141 | App.naive_bayes | INFO | Making prediction...
2025-07-23 10:13:26,141 | App.naive_bayes | INFO | Calculating posteriors...
2025-07-23 10:13:26,141 | App.naive_bayes | INFO | Posterior calculation completed
2025-07-23 10:13:26,141 | App.naive_bayes | INFO | Prediction result: Sweet
2025-07-23 10:13:26,141 | App.model | INFO | Calculating target value ratios
2025-07-23 10:13:26,142 | App.naive_bayes | INFO | Making prediction...
2025-07-23 10:13:26,142 | App.naive_bayes | INFO | Calculating posteriors...
2025-07-23 10:13:26,142 | App.naive_bayes | INFO | Posterior calculation completed
2025-07-23 10:13:26,142 | App.naive_bayes | INFO | Prediction result: Sweet
2025-07-23 10:13:26,142 | App.model | INFO | Calculating target value ratios
2025-07-23 10:13:26,142 | App.naive_bayes | INFO | Making prediction...
2025-07-23 10:13:26,143 | App.naive_bayes | INFO | Calculating posteriors...
2025-07-23 10:13:26,143 | App.naive_bayes | INFO | Posterior calculation completed
2025-07-23 10:13:26,143 | App.naive_bayes | INFO | Prediction result: Sweet
2025-07-23 10:13:26,143 | App.model | INFO | Calculating target value ratios
2025-07-23 10:13:26,143 | App.naive_bayes | INFO | Making prediction...
2025-07-23 10:13:26,143 | App.naive_bayes | INFO | Calculating posteriors...
2025-07-23 10:13:26,143 | App.naive_bayes | INFO | Posterior calculation completed
2025-07-23 10:13:26,143 | App.naive_bayes | INFO | Prediction result: Sweet
2025-07-23 10:13:26,143 | App.model | INFO | Calculating target value ratios
2025-07-23 10:13:26,144 | App.naive_bayes | INFO | Making prediction...
2025-07-23 10:13:26,144 | App.naive_bayes | INFO | Calculating posteriors...
2025-07-23 10:13:26,144 | App.naive_bayes | INFO | Posterior calculation completed
2025-07-23 10:13:26,144 | App.naive_bayes | INFO | Prediction result: Salty
2025-07-23 10:13:26,144 | App.model | INFO | Calculating target value ratios
2025-07-23 10:13:26,144 | App.naive_bayes | INFO | Making prediction...
2025-07-23 10:13:26,145 | App.naive_bayes | INFO | Calculating posteriors...
2025-07-23 10:13:26,145 | App.naive_bayes | INFO | Posterior calculation completed
2025-07-23 10:13:26,145 | App.naive_bayes | INFO | Prediction result: Sour
2025-07-23 10:13:26,145 | App.model | INFO | Calculating target value ratios
2025-07-23 10:13:26,145 | App.naive_bayes | INFO | Making prediction...
2025-07-23 10:13:26,145 | App.naive_bayes | INFO | Calculating posteriors...
2025-07-23 10:13:26,145 | App.naive_bayes | INFO | Posterior calculation completed
2025-07-23 10:13:26,145 | App.naive_bayes | INFO | Prediction result: Sour
2025-07-23 10:13:26,145 | App.model | INFO | Calculating target value ratios
2025-07-23 10:13:26,146 | App.naive_bayes | INFO | Making prediction...
2025-07-23 10:13:26,146 | App.naive_bayes | INFO | Calculating posteriors...
2025-07-23 10:13:26,146 | App.naive_bayes | INFO | Posterior calculation completed
2025-07-23 10:13:26,146 | App.naive_bayes | INFO | Prediction result: Sweet
2025-07-23 10:13:26,146 | App.model | INFO | Calculating target value ratios
2025-07-23 10:13:26,146 | App.naive_bayes | INFO | Making prediction...
2025-07-23 10:13:26,146 | App.naive_bayes | INFO | Calculating posteriors...
2025-07-23 10:13:26,146 | App.naive_bayes | INFO | Posterior calculation completed
2025-07-23 10:13:26,146 | App.naive_bayes | INFO | Prediction result: Sour
2025-07-23 10:13:26,147 | App.model | INFO | Calculating target value ratios
2025-07-23 10:13:26,147 | App.naive_bayes | INFO | Making prediction...
2025-07-23 10:13:26,147 | App.naive_bayes | INFO | Calculating posteriors...
2025-07-23 10:13:26,147 | App.naive_bayes | INFO | Posterior calculation completed
2025-07-23 10:13:26,147 | App.naive_bayes | INFO | Prediction result: Sweet
2025-07-23 10:13:26,147 | App.model | INFO | Calculating target value ratios
2025-07-23 10:13:26,148 | App.naive_bayes | INFO | Making prediction...
2025-07-23 10:13:26,148 | App.naive_bayes | INFO | Calculating posteriors...
2025-07-23 10:13:26,148 | App.naive_bayes | INFO | Posterior calculation completed
2025-07-23 10:13:26,148 | App.naive_bayes | INFO | Prediction result: Salty
2025-07-23 10:13:26,148 | App.model | INFO | Calculating target value ratios
2025-07-23 10:13:26,148 | App.naive_bayes | INFO | Making prediction...
2025-07-23 10:13:26,148 | App.naive_bayes | INFO | Calculating posteriors...
2025-07-23 10:13:26,149 | App.naive_bayes | INFO | Posterior calculation completed
2025-07-23 10:13:26,149 | App.naive_bayes | INFO | Prediction result: Salty
2025-07-23 10:13:26,149 | App.model | INFO | Calculating target value ratios
2025-07-23 10:13:26,149 | App.naive_bayes | INFO | Making prediction...
2025-07-23 10:13:26,149 | App.naive_bayes | INFO | Calculating posteriors...
2025-07-23 10:13:26,149 | App.naive_bayes | INFO | Posterior calculation completed
2025-07-23 10:13:26,149 | App.naive_bayes | INFO | Prediction result: Sweet
2025-07-23 10:13:26,149 | App.model | INFO | Calculating target value ratios
2025-07-23 10:13:26,150 | App.naive_bayes | INFO | Making prediction...
2025-07-23 10:13:26,150 | App.naive_bayes | INFO | Calculating posteriors...
2025-07-23 10:13:26,150 | App.naive_bayes | INFO | Posterior calculation completed
2025-07-23 10:13:26,150 | App.naive_bayes | INFO | Prediction result: Sour
2025-07-23 10:13:26,150 | App.model | INFO | Calculating target value ratios
2025-07-23 10:13:26,150 | App.naive_bayes | INFO | Making prediction...
2025-07-23 10:13:26,150 | App.naive_bayes | INFO | Calculating posteriors...
2025-07-23 10:13:26,150 | App.naive_bayes | INFO | Posterior calculation completed
2025-07-23 10:13:26,150 | App.naive_bayes | INFO | Prediction result: Salty
2025-07-23 10:13:26,151 | App.model | INFO | Calculating target value ratios
2025-07-23 10:13:26,151 | App.naive_bayes | INFO | Making prediction...
2025-07-23 10:13:26,151 | App.naive_bayes | INFO | Calculating posteriors...
2025-07-23 10:13:26,151 | App.naive_bayes | INFO | Posterior calculation completed
2025-07-23 10:13:26,151 | App.naive_bayes | INFO | Prediction result: Salty
2025-07-23 10:13:26,151 | App.model | INFO | Calculating target value ratios
2025-07-23 10:13:26,152 | App.naive_bayes | INFO | Making prediction...
2025-07-23 10:13:26,152 | App.naive_bayes | INFO | Calculating posteriors...
2025-07-23 10:13:26,152 | App.naive_bayes | INFO | Posterior calculation completed
2025-07-23 10:13:26,152 | App.naive_bayes | INFO | Prediction result: Sweet
2025-07-23 10:13:26,152 | App.model | INFO | Calculating target value ratios
2025-07-23 10:13:26,152 | App.naive_bayes | INFO | Making prediction...
2025-07-23 10:13:26,152 | App.naive_bayes | INFO | Calculating posteriors...
2025-07-23 10:13:26,152 | App.naive_bayes | INFO | Posterior calculation completed
2025-07-23 10:13:26,152 | App.naive_bayes | INFO | Prediction result: Sweet
2025-07-23 10:13:26,152 | App.model | INFO | Calculating target value ratios
2025-07-23 10:13:26,153 | App.naive_bayes | INFO | Making prediction...
2025-07-23 10:13:26,153 | App.naive_bayes | INFO | Calculating posteriors...
2025-07-23 10:13:26,153 | App.naive_bayes | INFO | Posterior calculation completed
2025-07-23 10:13:26,153 | App.naive_bayes | INFO | Prediction result: Salty
2025-07-23 10:13:26,153 | App.model | INFO | Calculating target value ratios
2025-07-23 10:13:26,154 | App.naive_bayes | INFO | Making prediction...
2025-07-23 10:13:26,154 | App.naive_bayes | INFO | Calculating posteriors...
2025-07-23 10:13:26,154 | App.naive_bayes | INFO | Posterior calculation completed
2025-07-23 10:13:26,154 | App.naive_bayes | INFO | Prediction result: Salty
2025-07-23 10:13:26,154 | App.model | INFO | Calculating target value ratios
2025-07-23 10:13:26,154 | App.naive_bayes | INFO | Making prediction...
2025-07-23 10:13:26,154 | App.naive_bayes | INFO | Calculating posteriors...
2025-07-23 10:13:26,154 | App.naive_bayes | INFO | Posterior calculation completed
2025-07-23 10:13:26,154 | App.naive_bayes | INFO | Prediction result: Sour
2025-07-23 10:13:26,154 | App.model | INFO | Calculating target value ratios
2025-07-23 10:13:26,155 | App.naive_bayes | INFO | Making prediction...
2025-07-23 10:13:26,155 | App.naive_bayes | INFO | Calculating posteriors...
2025-07-23 10:13:26,155 | App.naive_bayes | INFO | Posterior calculation completed
2025-07-23 10:13:26,155 | App.naive_bayes | INFO | Prediction result: Sweet
2025-07-23 10:13:26,155 | App.model | INFO | Calculating target value ratios
2025-07-23 10:13:26,155 | App.naive_bayes | INFO | Making prediction...
2025-07-23 10:13:26,156 | App.naive_bayes | INFO | Calculating posteriors...
2025-07-23 10:13:26,156 | App.naive_bayes | INFO | Posterior calculation completed
2025-07-23 10:13:26,156 | App.naive_bayes | INFO | Prediction result: Sweet
2025-07-23 10:13:26,156 | App.model | INFO | Calculating target value ratios
2025-07-23 10:13:26,156 | App.naive_bayes | INFO | Making prediction...
2025-07-23 10:13:26,156 | App.naive_bayes | INFO | Calculating posteriors...
2025-07-23 10:13:26,156 | App.naive_bayes | INFO | Posterior calculation completed
2025-07-23 10:13:26,156 | App.naive_bayes | INFO | Prediction result: Sour
2025-07-23 10:13:26,156 | App.model | INFO | Calculating target value ratios
2025-07-23 10:13:26,157 | App.naive_bayes | INFO | Making prediction...
2025-07-23 10:13:26,157 | App.naive_bayes | INFO | Calculating posteriors...
2025-07-23 10:13:26,157 | App.naive_bayes | INFO | Posterior calculation completed
2025-07-23 10:13:26,157 | App.naive_bayes | INFO | Prediction result: Sour
2025-07-23 10:13:26,157 | App.model | INFO | Calculating target value ratios
2025-07-23 10:13:26,157 | App.naive_bayes | INFO | Making prediction...
2025-07-23 10:13:26,157 | App.naive_bayes | INFO | Calculating posteriors...
2025-07-23 10:13:26,157 | App.naive_bayes | INFO | Posterior calculation completed
2025-07-23 10:13:26,157 | App.naive_bayes | INFO | Prediction result: Sour
2025-07-23 10:13:26,158 | App.model | INFO | Calculating target value ratios
2025-07-23 10:13:26,158 | App.naive_bayes | INFO | Making prediction...
2025-07-23 10:13:26,158 | App.naive_bayes | INFO | Calculating posteriors...
2025-07-23 10:13:26,158 | App.naive_bayes | INFO | Posterior calculation completed
2025-07-23 10:13:26,158 | App.naive_bayes | INFO | Prediction result: Sweet
2025-07-23 10:13:26,158 | App.model | INFO | Calculating target value ratios
2025-07-23 10:13:26,159 | App.naive_bayes | INFO | Making prediction...
2025-07-23 10:13:26,159 | App.naive_bayes | INFO | Calculating posteriors...
2025-07-23 10:13:26,159 | App.naive_bayes | INFO | Posterior calculation completed
2025-07-23 10:13:26,159 | App.naive_bayes | INFO | Prediction result: Sour
2025-07-23 10:13:26,159 | App.model | INFO | Calculating target value ratios
2025-07-23 10:13:26,159 | App.naive_bayes | INFO | Making prediction...
2025-07-23 10:13:26,159 | App.naive_bayes | INFO | Calculating posteriors...
2025-07-23 10:13:26,159 | App.naive_bayes | INFO | Posterior calculation completed
2025-07-23 10:13:26,159 | App.naive_bayes | INFO | Prediction result: Sour
2025-07-23 10:13:26,159 | App.model | INFO | Calculating target value ratios
2025-07-23 10:13:26,160 | App.naive_bayes | INFO | Making prediction...
2025-07-23 10:13:26,160 | App.naive_bayes | INFO | Calculating posteriors...
2025-07-23 10:13:26,160 | App.naive_bayes | INFO | Posterior calculation completed
2025-07-23 10:13:26,160 | App.naive_bayes | INFO | Prediction result: Sour
2025-07-23 10:13:26,160 | App.model | INFO | Calculating target value ratios
2025-07-23 10:13:26,161 | App.naive_bayes | INFO | Making prediction...
2025-07-23 10:13:26,161 | App.naive_bayes | INFO | Calculating posteriors...
2025-07-23 10:13:26,161 | App.naive_bayes | INFO | Posterior calculation completed
2025-07-23 10:13:26,161 | App.naive_bayes | INFO | Prediction result: Sour
2025-07-23 10:13:26,161 | App.model | INFO | Calculating target value ratios
2025-07-23 10:13:26,161 | App.naive_bayes | INFO | Making prediction...
2025-07-23 10:13:26,161 | App.naive_bayes | INFO | Calculating posteriors...
2025-07-23 10:13:26,161 | App.naive_bayes | INFO | Posterior calculation completed
2025-07-23 10:13:26,161 | App.naive_bayes | INFO | Prediction result: Sweet
2025-07-23 10:13:26,161 | App.model | INFO | Calculating target value ratios
2025-07-23 10:13:26,162 | App.naive_bayes | INFO | Making prediction...
2025-07-23 10:13:26,162 | App.naive_bayes | INFO | Calculating posteriors...
2025-07-23 10:13:26,162 | App.naive_bayes | INFO | Posterior calculation completed
2025-07-23 10:13:26,162 | App.naive_bayes | INFO | Prediction result: Sweet
2025-07-23 10:13:26,162 | App.model | INFO | Calculating target value ratios
2025-07-23 10:13:26,162 | App.naive_bayes | INFO | Making prediction...
2025-07-23 10:13:26,163 | App.naive_bayes | INFO | Calculating posteriors...
2025-07-23 10:13:26,163 | App.naive_bayes | INFO | Posterior calculation completed
2025-07-23 10:13:26,163 | App.naive_bayes | INFO | Prediction result: Sweet
2025-07-23 10:13:26,163 | App.model | INFO | Calculating target value ratios
2025-07-23 10:13:26,163 | App.naive_bayes | INFO | Making prediction...
2025-07-23 10:13:26,163 | App.naive_bayes | INFO | Calculating posteriors...
2025-07-23 10:13:26,163 | App.naive_bayes | INFO | Posterior calculation completed
2025-07-23 10:13:26,163 | App.naive_bayes | INFO | Prediction result: Sour
2025-07-23 10:13:26,163 | App.model | INFO | Calculating target value ratios
2025-07-23 10:13:26,164 | App.naive_bayes | INFO | Making prediction...
2025-07-23 10:13:26,164 | App.naive_bayes | INFO | Calculating posteriors...
2025-07-23 10:13:26,164 | App.naive_bayes | INFO | Posterior calculation completed
2025-07-23 10:13:26,164 | App.naive_bayes | INFO | Prediction result: Sour
2025-07-23 10:13:26,164 | App.model | INFO | Calculating target value ratios
2025-07-23 10:13:26,165 | App.naive_bayes | INFO | Making prediction...
2025-07-23 10:13:26,165 | App.naive_bayes | INFO | Calculating posteriors...
2025-07-23 10:13:26,165 | App.naive_bayes | INFO | Posterior calculation completed
2025-07-23 10:13:26,165 | App.naive_bayes | INFO | Prediction result: Salty
2025-07-23 10:13:26,165 | App.model | INFO | Calculating target value ratios
2025-07-23 10:13:26,165 | App.naive_bayes | INFO | Making prediction...
2025-07-23 10:13:26,165 | App.naive_bayes | INFO | Calculating posteriors...
2025-07-23 10:13:26,165 | App.naive_bayes | INFO | Posterior calculation completed
2025-07-23 10:13:26,166 | App.naive_bayes | INFO | Prediction result: Sweet
2025-07-23 10:13:26,166 | App.model | INFO | Calculating target value ratios
2025-07-23 10:13:26,166 | App.naive_bayes | INFO | Making prediction...
2025-07-23 10:13:26,166 | App.naive_bayes | INFO | Calculating posteriors...
2025-07-23 10:13:26,166 | App.naive_bayes | INFO | Posterior calculation completed
2025-07-23 10:13:26,166 | App.naive_bayes | INFO | Prediction result: Sweet
2025-07-23 10:13:26,166 | App.model | INFO | Calculating target value ratios
2025-07-23 10:13:26,167 | App.naive_bayes | INFO | Making prediction...
2025-07-23 10:13:26,167 | App.naive_bayes | INFO | Calculating posteriors...
2025-07-23 10:13:26,167 | App.naive_bayes | INFO | Posterior calculation completed
2025-07-23 10:13:26,167 | App.naive_bayes | INFO | Prediction result: Sour
2025-07-23 10:13:26,167 | App.model | INFO | Calculating target value ratios
2025-07-23 10:13:26,167 | App.naive_bayes | INFO | Making prediction...
2025-07-23 10:13:26,167 | App.naive_bayes | INFO | Calculating posteriors...
2025-07-23 10:13:26,168 | App.naive_bayes | INFO | Posterior calculation completed
2025-07-23 10:13:26,168 | App.naive_bayes | INFO | Prediction result: Salty
2025-07-23 10:13:26,168 | App.model | INFO | Calculating target value ratios
2025-07-23 10:13:26,168 | App.naive_bayes | INFO | Making prediction...
2025-07-23 10:13:26,168 | App.naive_bayes | INFO | Calculating posteriors...
2025-07-23 10:13:26,168 | App.naive_bayes | INFO | Posterior calculation completed
2025-07-23 10:13:26,168 | App.naive_bayes | INFO | Prediction result: Salty
2025-07-23 10:13:26,168 | App.model | INFO | Calculating target value ratios
2025-07-23 10:13:26,169 | App.naive_bayes | INFO | Making prediction...
2025-07-23 10:13:26,169 | App.naive_bayes | INFO | Calculating posteriors...
2025-07-23 10:13:26,169 | App.naive_bayes | INFO | Posterior calculation completed
2025-07-23 10:13:26,169 | App.naive_bayes | INFO | Prediction result: Sweet
2025-07-23 10:13:26,169 | App.model | INFO | Calculating target value ratios
2025-07-23 10:13:26,169 | App.naive_bayes | INFO | Making prediction...
2025-07-23 10:13:26,169 | App.naive_bayes | INFO | Calculating posteriors...
2025-07-23 10:13:26,169 | App.naive_bayes | INFO | Posterior calculation completed
2025-07-23 10:13:26,169 | App.naive_bayes | INFO | Prediction result: Sour
2025-07-23 10:13:26,169 | App.model | INFO | Calculating target value ratios
2025-07-23 10:13:26,170 | App.naive_bayes | INFO | Making prediction...
2025-07-23 10:13:26,170 | App.naive_bayes | INFO | Calculating posteriors...
2025-07-23 10:13:26,170 | App.naive_bayes | INFO | Posterior calculation completed
2025-07-23 10:13:26,170 | App.naive_bayes | INFO | Prediction result: Sour
2025-07-23 10:13:26,170 | App.model | INFO | Calculating target value ratios
2025-07-23 10:13:26,171 | App.naive_bayes | INFO | Making prediction...
2025-07-23 10:13:26,171 | App.naive_bayes | INFO | Calculating posteriors...
2025-07-23 10:13:26,171 | App.naive_bayes | INFO | Posterior calculation completed
2025-07-23 10:13:26,171 | App.naive_bayes | INFO | Prediction result: Sweet
2025-07-23 10:13:26,171 | App.model | INFO | Calculating target value ratios
2025-07-23 10:13:26,171 | App.naive_bayes | INFO | Making prediction...
2025-07-23 10:13:26,171 | App.naive_bayes | INFO | Calculating posteriors...
2025-07-23 10:13:26,171 | App.naive_bayes | INFO | Posterior calculation completed
2025-07-23 10:13:26,171 | App.naive_bayes | INFO | Prediction result: Salty
2025-07-23 10:13:26,171 | App.model | INFO | Calculating target value ratios
2025-07-23 10:13:26,172 | App.naive_bayes | INFO | Making prediction...
2025-07-23 10:13:26,172 | App.naive_bayes | INFO | Calculating posteriors...
2025-07-23 10:13:26,172 | App.naive_bayes | INFO | Posterior calculation completed
2025-07-23 10:13:26,172 | App.naive_bayes | INFO | Prediction result: Sour
2025-07-23 10:13:26,172 | App.model | INFO | Calculating target value ratios
2025-07-23 10:13:26,172 | App.naive_bayes | INFO | Making prediction...
2025-07-23 10:13:26,173 | App.naive_bayes | INFO | Calculating posteriors...
2025-07-23 10:13:26,173 | App.naive_bayes | INFO | Posterior calculation completed
2025-07-23 10:13:26,173 | App.naive_bayes | INFO | Prediction result: Sweet
2025-07-23 10:13:26,173 | App.model | INFO | Calculating target value ratios
2025-07-23 10:13:26,173 | App.naive_bayes | INFO | Making prediction...
2025-07-23 10:13:26,173 | App.naive_bayes | INFO | Calculating posteriors...
2025-07-23 10:13:26,173 | App.naive_bayes | INFO | Posterior calculation completed
2025-07-23 10:13:26,173 | App.naive_bayes | INFO | Prediction result: Sour
2025-07-23 10:13:26,173 | App.model | INFO | Calculating target value ratios
2025-07-23 10:13:26,174 | App.naive_bayes | INFO | Making prediction...
2025-07-23 10:13:26,174 | App.naive_bayes | INFO | Calculating posteriors...
2025-07-23 10:13:26,174 | App.naive_bayes | INFO | Posterior calculation completed
2025-07-23 10:13:26,174 | App.naive_bayes | INFO | Prediction result: Sweet
2025-07-23 10:13:26,174 | App.model | INFO | Calculating target value ratios
2025-07-23 10:13:26,174 | App.naive_bayes | INFO | Making prediction...
2025-07-23 10:13:26,174 | App.naive_bayes | INFO | Calculating posteriors...
2025-07-23 10:13:26,174 | App.naive_bayes | INFO | Posterior calculation completed
2025-07-23 10:13:26,174 | App.naive_bayes | INFO | Prediction result: Sweet
2025-07-23 10:13:26,175 | App.model | INFO | Calculating target value ratios
2025-07-23 10:13:26,175 | App.naive_bayes | INFO | Making prediction...
2025-07-23 10:13:26,175 | App.naive_bayes | INFO | Calculating posteriors...
2025-07-23 10:13:26,175 | App.naive_bayes | INFO | Posterior calculation completed
2025-07-23 10:13:26,175 | App.naive_bayes | INFO | Prediction result: Sweet
2025-07-23 10:13:26,175 | App.model | INFO | Calculating target value ratios
2025-07-23 10:13:26,176 | App.naive_bayes | INFO | Making prediction...
2025-07-23 10:13:26,176 | App.naive_bayes | INFO | Calculating posteriors...
2025-07-23 10:13:26,176 | App.naive_bayes | INFO | Posterior calculation completed
2025-07-23 10:13:26,176 | App.naive_bayes | INFO | Prediction result: Sweet
2025-07-23 10:13:26,176 | App.model | INFO | Calculating target value ratios
2025-07-23 10:13:26,176 | App.naive_bayes | INFO | Making prediction...
2025-07-23 10:13:26,176 | App.naive_bayes | INFO | Calculating posteriors...
2025-07-23 10:13:26,176 | App.naive_bayes | INFO | Posterior calculation completed
2025-07-23 10:13:26,176 | App.naive_bayes | INFO | Prediction result: Sour
2025-07-23 10:13:26,176 | App.model | INFO | Calculating target value ratios
2025-07-23 10:13:26,177 | App.naive_bayes | INFO | Making prediction...
2025-07-23 10:13:26,177 | App.naive_bayes | INFO | Calculating posteriors...
2025-07-23 10:13:26,177 | App.naive_bayes | INFO | Posterior calculation completed
2025-07-23 10:13:26,177 | App.naive_bayes | INFO | Prediction result: Sweet
2025-07-23 10:13:26,177 | App.model | INFO | Calculating target value ratios
2025-07-23 10:13:26,177 | App.naive_bayes | INFO | Making prediction...
2025-07-23 10:13:26,178 | App.naive_bayes | INFO | Calculating posteriors...
2025-07-23 10:13:26,178 | App.naive_bayes | INFO | Posterior calculation completed
2025-07-23 10:13:26,178 | App.naive_bayes | INFO | Prediction result: Sour
2025-07-23 10:13:26,178 | App.model | INFO | Calculating target value ratios
2025-07-23 10:13:26,178 | App.naive_bayes | INFO | Making prediction...
2025-07-23 10:13:26,178 | App.naive_bayes | INFO | Calculating posteriors...
2025-07-23 10:13:26,178 | App.naive_bayes | INFO | Posterior calculation completed
2025-07-23 10:13:26,178 | App.naive_bayes | INFO | Prediction result: Salty
2025-07-23 10:13:26,179 | App.model | INFO | Calculating target value ratios
2025-07-23 10:13:26,179 | App.naive_bayes | INFO | Making prediction...
2025-07-23 10:13:26,179 | App.naive_bayes | INFO | Calculating posteriors...
2025-07-23 10:13:26,179 | App.naive_bayes | INFO | Posterior calculation completed
2025-07-23 10:13:26,179 | App.naive_bayes | INFO | Prediction result: Sweet
2025-07-23 10:13:26,179 | App.model | INFO | Calculating target value ratios
2025-07-23 10:13:26,180 | App.naive_bayes | INFO | Making prediction...
2025-07-23 10:13:26,180 | App.naive_bayes | INFO | Calculating posteriors...
2025-07-23 10:13:26,180 | App.naive_bayes | INFO | Posterior calculation completed
2025-07-23 10:13:26,180 | App.naive_bayes | INFO | Prediction result: Sour
2025-07-23 10:13:26,180 | App.model | INFO | Calculating target value ratios
2025-07-23 10:13:26,180 | App.naive_bayes | INFO | Making prediction...
2025-07-23 10:13:26,180 | App.naive_bayes | INFO | Calculating posteriors...
2025-07-23 10:13:26,181 | App.naive_bayes | INFO | Posterior calculation completed
2025-07-23 10:13:26,181 | App.naive_bayes | INFO | Prediction result: Sweet
2025-07-23 10:13:26,181 | App.model | INFO | Calculating target value ratios
2025-07-23 10:13:26,181 | App.naive_bayes | INFO | Making prediction...
2025-07-23 10:13:26,181 | App.naive_bayes | INFO | Calculating posteriors...
2025-07-23 10:13:26,181 | App.naive_bayes | INFO | Posterior calculation completed
2025-07-23 10:13:26,181 | App.naive_bayes | INFO | Prediction result: Salty
2025-07-23 10:13:26,181 | App.model | INFO | Calculating target value ratios
2025-07-23 10:13:26,182 | App.naive_bayes | INFO | Making prediction...
2025-07-23 10:13:26,182 | App.naive_bayes | INFO | Calculating posteriors...
2025-07-23 10:13:26,182 | App.naive_bayes | INFO | Posterior calculation completed
2025-07-23 10:13:26,182 | App.naive_bayes | INFO | Prediction result: Sour
2025-07-23 10:13:26,182 | App.model | INFO | Calculating target value ratios
2025-07-23 10:13:26,182 | App.naive_bayes | INFO | Making prediction...
2025-07-23 10:13:26,182 | App.naive_bayes | INFO | Calculating posteriors...
2025-07-23 10:13:26,183 | App.naive_bayes | INFO | Posterior calculation completed
2025-07-23 10:13:26,183 | App.naive_bayes | INFO | Prediction result: Sweet
2025-07-23 10:13:26,183 | App.model | INFO | Calculating target value ratios
2025-07-23 10:13:26,183 | App.naive_bayes | INFO | Making prediction...
2025-07-23 10:13:26,183 | App.naive_bayes | INFO | Calculating posteriors...
2025-07-23 10:13:26,183 | App.naive_bayes | INFO | Posterior calculation completed
2025-07-23 10:13:26,183 | App.naive_bayes | INFO | Prediction result: Sweet
2025-07-23 10:13:26,183 | App.model | INFO | Calculating target value ratios
2025-07-23 10:13:26,184 | App.naive_bayes | INFO | Making prediction...
2025-07-23 10:13:26,184 | App.naive_bayes | INFO | Calculating posteriors...
2025-07-23 10:13:26,184 | App.naive_bayes | INFO | Posterior calculation completed
2025-07-23 10:13:26,184 | App.naive_bayes | INFO | Prediction result: Sour
2025-07-23 10:13:26,184 | App.model | INFO | Calculating target value ratios
2025-07-23 10:13:26,184 | App.naive_bayes | INFO | Making prediction...
2025-07-23 10:13:26,184 | App.naive_bayes | INFO | Calculating posteriors...
2025-07-23 10:13:26,184 | App.naive_bayes | INFO | Posterior calculation completed
2025-07-23 10:13:26,184 | App.naive_bayes | INFO | Prediction result: Sweet
2025-07-23 10:13:26,185 | App.model | INFO | Calculating target value ratios
2025-07-23 10:13:26,185 | App.naive_bayes | INFO | Making prediction...
2025-07-23 10:13:26,185 | App.naive_bayes | INFO | Calculating posteriors...
2025-07-23 10:13:26,185 | App.naive_bayes | INFO | Posterior calculation completed
2025-07-23 10:13:26,185 | App.naive_bayes | INFO | Prediction result: Sweet
2025-07-23 10:13:26,185 | App.model | INFO | Calculating target value ratios
2025-07-23 10:13:26,186 | App.naive_bayes | INFO | Making prediction...
2025-07-23 10:13:26,186 | App.naive_bayes | INFO | Calculating posteriors...
2025-07-23 10:13:26,186 | App.naive_bayes | INFO | Posterior calculation completed
2025-07-23 10:13:26,186 | App.naive_bayes | INFO | Prediction result: Sweet
2025-07-23 10:13:26,186 | App.model | INFO | Calculating target value ratios
2025-07-23 10:13:26,186 | App.naive_bayes | INFO | Making prediction...
2025-07-23 10:13:26,186 | App.naive_bayes | INFO | Calculating posteriors...
2025-07-23 10:13:26,187 | App.naive_bayes | INFO | Posterior calculation completed
2025-07-23 10:13:26,187 | App.naive_bayes | INFO | Prediction result: Sweet
2025-07-23 10:13:26,187 | App.model | INFO | Calculating target value ratios
2025-07-23 10:13:26,187 | App.naive_bayes | INFO | Making prediction...
2025-07-23 10:13:26,187 | App.naive_bayes | INFO | Calculating posteriors...
2025-07-23 10:13:26,187 | App.naive_bayes | INFO | Posterior calculation completed
2025-07-23 10:13:26,187 | App.naive_bayes | INFO | Prediction result: Sour
2025-07-23 10:13:26,187 | App.model | INFO | Calculating target value ratios
2025-07-23 10:13:26,188 | App.naive_bayes | INFO | Making prediction...
2025-07-23 10:13:26,188 | App.naive_bayes | INFO | Calculating posteriors...
2025-07-23 10:13:26,188 | App.naive_bayes | INFO | Posterior calculation completed
2025-07-23 10:13:26,188 | App.naive_bayes | INFO | Prediction result: Sweet
2025-07-23 10:13:26,188 | App.model | INFO | Calculating target value ratios
2025-07-23 10:13:26,188 | App.naive_bayes | INFO | Making prediction...
2025-07-23 10:13:26,188 | App.naive_bayes | INFO | Calculating posteriors...
2025-07-23 10:13:26,188 | App.naive_bayes | INFO | Posterior calculation completed
2025-07-23 10:13:26,188 | App.naive_bayes | INFO | Prediction result: Sour
2025-07-23 10:13:26,189 | App.model | INFO | Calculating target value ratios
2025-07-23 10:13:26,189 | App.naive_bayes | INFO | Making prediction...
2025-07-23 10:13:26,189 | App.naive_bayes | INFO | Calculating posteriors...
2025-07-23 10:13:26,189 | App.naive_bayes | INFO | Posterior calculation completed
2025-07-23 10:13:26,189 | App.naive_bayes | INFO | Prediction result: Sour
2025-07-23 10:13:26,189 | App.model | INFO | Calculating target value ratios
2025-07-23 10:13:26,190 | App.naive_bayes | INFO | Making prediction...
2025-07-23 10:13:26,190 | App.naive_bayes | INFO | Calculating posteriors...
2025-07-23 10:13:26,190 | App.naive_bayes | INFO | Posterior calculation completed
2025-07-23 10:13:26,190 | App.naive_bayes | INFO | Prediction result: Sweet
2025-07-23 10:13:26,190 | App.model | INFO | Calculating target value ratios
2025-07-23 10:13:26,190 | App.naive_bayes | INFO | Making prediction...
2025-07-23 10:13:26,190 | App.naive_bayes | INFO | Calculating posteriors...
2025-07-23 10:13:26,190 | App.naive_bayes | INFO | Posterior calculation completed
2025-07-23 10:13:26,190 | App.naive_bayes | INFO | Prediction result: Sour
2025-07-23 10:13:26,190 | App.model | INFO | Calculating target value ratios
2025-07-23 10:13:26,191 | App.naive_bayes | INFO | Making prediction...
2025-07-23 10:13:26,191 | App.naive_bayes | INFO | Calculating posteriors...
2025-07-23 10:13:26,191 | App.naive_bayes | INFO | Posterior calculation completed
2025-07-23 10:13:26,191 | App.naive_bayes | INFO | Prediction result: Sweet
2025-07-23 10:13:26,191 | App.model | INFO | Calculating target value ratios
2025-07-23 10:13:26,192 | App.naive_bayes | INFO | Making prediction...
2025-07-23 10:13:26,192 | App.naive_bayes | INFO | Calculating posteriors...
2025-07-23 10:13:26,192 | App.naive_bayes | INFO | Posterior calculation completed
2025-07-23 10:13:26,192 | App.naive_bayes | INFO | Prediction result: Sour
2025-07-23 10:13:26,192 | App.model | INFO | Calculating target value ratios
2025-07-23 10:13:26,192 | App.naive_bayes | INFO | Making prediction...
2025-07-23 10:13:26,192 | App.naive_bayes | INFO | Calculating posteriors...
2025-07-23 10:13:26,192 | App.naive_bayes | INFO | Posterior calculation completed
2025-07-23 10:13:26,192 | App.naive_bayes | INFO | Prediction result: Sour
2025-07-23 10:13:26,192 | App.model | INFO | Calculating target value ratios
2025-07-23 10:13:26,193 | App.naive_bayes | INFO | Making prediction...
2025-07-23 10:13:26,193 | App.naive_bayes | INFO | Calculating posteriors...
2025-07-23 10:13:26,193 | App.naive_bayes | INFO | Posterior calculation completed
2025-07-23 10:13:26,193 | App.naive_bayes | INFO | Prediction result: Sweet
2025-07-23 10:13:26,193 | App.model | INFO | Calculating target value ratios
2025-07-23 10:13:26,194 | App.naive_bayes | INFO | Making prediction...
2025-07-23 10:13:26,194 | App.naive_bayes | INFO | Calculating posteriors...
2025-07-23 10:13:26,194 | App.naive_bayes | INFO | Posterior calculation completed
2025-07-23 10:13:26,194 | App.naive_bayes | INFO | Prediction result: Salty
2025-07-23 10:13:26,194 | App.model | INFO | Calculating target value ratios
2025-07-23 10:13:26,194 | App.naive_bayes | INFO | Making prediction...
2025-07-23 10:13:26,194 | App.naive_bayes | INFO | Calculating posteriors...
2025-07-23 10:13:26,194 | App.naive_bayes | INFO | Posterior calculation completed
2025-07-23 10:13:26,194 | App.naive_bayes | INFO | Prediction result: Sour
2025-07-23 10:13:26,195 | App.model | INFO | Calculating target value ratios
2025-07-23 10:13:26,195 | App.naive_bayes | INFO | Making prediction...
2025-07-23 10:13:26,195 | App.naive_bayes | INFO | Calculating posteriors...
2025-07-23 10:13:26,195 | App.naive_bayes | INFO | Posterior calculation completed
2025-07-23 10:13:26,195 | App.naive_bayes | INFO | Prediction result: Sweet
2025-07-23 10:13:26,195 | App.model | INFO | Calculating target value ratios
2025-07-23 10:13:26,196 | App.naive_bayes | INFO | Making prediction...
2025-07-23 10:13:26,196 | App.naive_bayes | INFO | Calculating posteriors...
2025-07-23 10:13:26,196 | App.naive_bayes | INFO | Posterior calculation completed
2025-07-23 10:13:26,196 | App.naive_bayes | INFO | Prediction result: Sweet
2025-07-23 10:13:26,196 | App.model | INFO | Calculating target value ratios
2025-07-23 10:13:26,196 | App.naive_bayes | INFO | Making prediction...
2025-07-23 10:13:26,196 | App.naive_bayes | INFO | Calculating posteriors...
2025-07-23 10:13:26,196 | App.naive_bayes | INFO | Posterior calculation completed
2025-07-23 10:13:26,196 | App.naive_bayes | INFO | Prediction result: Salty
2025-07-23 10:13:26,196 | App.model | INFO | Calculating target value ratios
2025-07-23 10:13:26,197 | App.naive_bayes | INFO | Making prediction...
2025-07-23 10:13:26,197 | App.naive_bayes | INFO | Calculating posteriors...
2025-07-23 10:13:26,197 | App.naive_bayes | INFO | Posterior calculation completed
2025-07-23 10:13:26,197 | App.naive_bayes | INFO | Prediction result: Sour
2025-07-23 10:13:26,197 | App.model | INFO | Calculating target value ratios
2025-07-23 10:13:26,197 | App.naive_bayes | INFO | Making prediction...
2025-07-23 10:13:26,198 | App.naive_bayes | INFO | Calculating posteriors...
2025-07-23 10:13:26,198 | App.naive_bayes | INFO | Posterior calculation completed
2025-07-23 10:13:26,198 | App.naive_bayes | INFO | Prediction result: Sour
2025-07-23 10:13:26,198 | App.model | INFO | Calculating target value ratios
2025-07-23 10:13:26,198 | App.naive_bayes | INFO | Making prediction...
2025-07-23 10:13:26,198 | App.naive_bayes | INFO | Calculating posteriors...
2025-07-23 10:13:26,198 | App.naive_bayes | INFO | Posterior calculation completed
2025-07-23 10:13:26,198 | App.naive_bayes | INFO | Prediction result: Sour
2025-07-23 10:13:26,198 | App.model | INFO | Calculating target value ratios
2025-07-23 10:13:26,199 | App.naive_bayes | INFO | Making prediction...
2025-07-23 10:13:26,199 | App.naive_bayes | INFO | Calculating posteriors...
2025-07-23 10:13:26,199 | App.naive_bayes | INFO | Posterior calculation completed
2025-07-23 10:13:26,199 | App.naive_bayes | INFO | Prediction result: Sweet
2025-07-23 10:13:26,199 | App.model | INFO | Calculating target value ratios
2025-07-23 10:13:26,199 | App.naive_bayes | INFO | Making prediction...
2025-07-23 10:13:26,199 | App.naive_bayes | INFO | Calculating posteriors...
2025-07-23 10:13:26,200 | App.naive_bayes | INFO | Posterior calculation completed
2025-07-23 10:13:26,200 | App.naive_bayes | INFO | Prediction result: Sweet
2025-07-23 10:13:26,200 | App.model | INFO | Calculating target value ratios
2025-07-23 10:13:26,200 | App.naive_bayes | INFO | Making prediction...
2025-07-23 10:13:26,200 | App.naive_bayes | INFO | Calculating posteriors...
2025-07-23 10:13:26,200 | App.naive_bayes | INFO | Posterior calculation completed
2025-07-23 10:13:26,200 | App.naive_bayes | INFO | Prediction result: Sweet
2025-07-23 10:13:26,200 | App.model | INFO | Calculating target value ratios
2025-07-23 10:13:26,201 | App.naive_bayes | INFO | Making prediction...
2025-07-23 10:13:26,201 | App.naive_bayes | INFO | Calculating posteriors...
2025-07-23 10:13:26,201 | App.naive_bayes | INFO | Posterior calculation completed
2025-07-23 10:13:26,201 | App.naive_bayes | INFO | Prediction result: Sour
2025-07-23 10:13:26,201 | App.model | INFO | Calculating target value ratios
2025-07-23 10:13:26,201 | App.naive_bayes | INFO | Making prediction...
2025-07-23 10:13:26,201 | App.naive_bayes | INFO | Calculating posteriors...
2025-07-23 10:13:26,201 | App.naive_bayes | INFO | Posterior calculation completed
2025-07-23 10:13:26,201 | App.naive_bayes | INFO | Prediction result: Sour
2025-07-23 10:13:26,202 | App.model | INFO | Calculating target value ratios
2025-07-23 10:13:26,202 | App.naive_bayes | INFO | Making prediction...
2025-07-23 10:13:26,202 | App.naive_bayes | INFO | Calculating posteriors...
2025-07-23 10:13:26,202 | App.naive_bayes | INFO | Posterior calculation completed
2025-07-23 10:13:26,202 | App.naive_bayes | INFO | Prediction result: Sour
2025-07-23 10:13:26,202 | App.model | INFO | Calculating target value ratios
2025-07-23 10:13:26,203 | App.naive_bayes | INFO | Making prediction...
2025-07-23 10:13:26,203 | App.naive_bayes | INFO | Calculating posteriors...
2025-07-23 10:13:26,203 | App.naive_bayes | INFO | Posterior calculation completed
2025-07-23 10:13:26,203 | App.naive_bayes | INFO | Prediction result: Sour
2025-07-23 10:13:26,203 | App.model | INFO | Calculating target value ratios
2025-07-23 10:13:26,203 | App.naive_bayes | INFO | Making prediction...
2025-07-23 10:13:26,203 | App.naive_bayes | INFO | Calculating posteriors...
2025-07-23 10:13:26,203 | App.naive_bayes | INFO | Posterior calculation completed
2025-07-23 10:13:26,203 | App.naive_bayes | INFO | Prediction result: Sweet
2025-07-23 10:13:26,203 | App.model | INFO | Calculating target value ratios
2025-07-23 10:13:26,204 | App.naive_bayes | INFO | Making prediction...
2025-07-23 10:13:26,204 | App.naive_bayes | INFO | Calculating posteriors...
2025-07-23 10:13:26,204 | App.naive_bayes | INFO | Posterior calculation completed
2025-07-23 10:13:26,204 | App.naive_bayes | INFO | Prediction result: Salty
2025-07-23 10:13:26,204 | App.model | INFO | Calculating target value ratios
2025-07-23 10:13:26,204 | App.naive_bayes | INFO | Making prediction...
2025-07-23 10:13:26,205 | App.naive_bayes | INFO | Calculating posteriors...
2025-07-23 10:13:26,205 | App.naive_bayes | INFO | Posterior calculation completed
2025-07-23 10:13:26,205 | App.naive_bayes | INFO | Prediction result: Salty
2025-07-23 10:13:26,205 | App.model | INFO | Calculating target value ratios
2025-07-23 10:13:26,205 | App.naive_bayes | INFO | Making prediction...
2025-07-23 10:13:26,205 | App.naive_bayes | INFO | Calculating posteriors...
2025-07-23 10:13:26,205 | App.naive_bayes | INFO | Posterior calculation completed
2025-07-23 10:13:26,205 | App.naive_bayes | INFO | Prediction result: Sour
2025-07-23 10:13:26,205 | App.model | INFO | Calculating target value ratios
2025-07-23 10:13:26,206 | App.naive_bayes | INFO | Making prediction...
2025-07-23 10:13:26,206 | App.naive_bayes | INFO | Calculating posteriors...
2025-07-23 10:13:26,206 | App.naive_bayes | INFO | Posterior calculation completed
2025-07-23 10:13:26,206 | App.naive_bayes | INFO | Prediction result: Sweet
2025-07-23 10:13:26,206 | App.model | INFO | Calculating target value ratios
2025-07-23 10:13:26,206 | App.naive_bayes | INFO | Making prediction...
2025-07-23 10:13:26,206 | App.naive_bayes | INFO | Calculating posteriors...
2025-07-23 10:13:26,206 | App.naive_bayes | INFO | Posterior calculation completed
2025-07-23 10:13:26,207 | App.naive_bayes | INFO | Prediction result: Sour
2025-07-23 10:13:26,207 | App.model | INFO | Calculating target value ratios
2025-07-23 10:13:26,207 | App.naive_bayes | INFO | Making prediction...
2025-07-23 10:13:26,207 | App.naive_bayes | INFO | Calculating posteriors...
2025-07-23 10:13:26,207 | App.naive_bayes | INFO | Posterior calculation completed
2025-07-23 10:13:26,207 | App.naive_bayes | INFO | Prediction result: Sweet
2025-07-23 10:13:26,207 | App.model | INFO | Calculating target value ratios
2025-07-23 10:13:26,208 | App.naive_bayes | INFO | Making prediction...
2025-07-23 10:13:26,208 | App.naive_bayes | INFO | Calculating posteriors...
2025-07-23 10:13:26,208 | App.naive_bayes | INFO | Posterior calculation completed
2025-07-23 10:13:26,208 | App.naive_bayes | INFO | Prediction result: Sweet
2025-07-23 10:13:26,208 | App.model | INFO | Calculating target value ratios
2025-07-23 10:13:26,208 | App.naive_bayes | INFO | Making prediction...
2025-07-23 10:13:26,208 | App.naive_bayes | INFO | Calculating posteriors...
2025-07-23 10:13:26,209 | App.naive_bayes | INFO | Posterior calculation completed
2025-07-23 10:13:26,209 | App.naive_bayes | INFO | Prediction result: Sweet
2025-07-23 10:13:26,209 | App.model | INFO | Calculating target value ratios
2025-07-23 10:13:26,209 | App.naive_bayes | INFO | Making prediction...
2025-07-23 10:13:26,209 | App.naive_bayes | INFO | Calculating posteriors...
2025-07-23 10:13:26,209 | App.naive_bayes | INFO | Posterior calculation completed
2025-07-23 10:13:26,209 | App.naive_bayes | INFO | Prediction result: Sweet
2025-07-23 10:13:26,209 | App.model | INFO | Calculating target value ratios
2025-07-23 10:13:26,210 | App.naive_bayes | INFO | Making prediction...
2025-07-23 10:13:26,210 | App.naive_bayes | INFO | Calculating posteriors...
2025-07-23 10:13:26,210 | App.naive_bayes | INFO | Posterior calculation completed
2025-07-23 10:13:26,210 | App.naive_bayes | INFO | Prediction result: Salty
2025-07-23 10:13:26,210 | App.model | INFO | Calculating target value ratios
2025-07-23 10:13:26,210 | App.naive_bayes | INFO | Making prediction...
2025-07-23 10:13:26,210 | App.naive_bayes | INFO | Calculating posteriors...
2025-07-23 10:13:26,210 | App.naive_bayes | INFO | Posterior calculation completed
2025-07-23 10:13:26,210 | App.naive_bayes | INFO | Prediction result: Sour
2025-07-23 10:13:26,211 | App.model | INFO | Calculating target value ratios
2025-07-23 10:13:26,211 | App.naive_bayes | INFO | Making prediction...
2025-07-23 10:13:26,211 | App.naive_bayes | INFO | Calculating posteriors...
2025-07-23 10:13:26,211 | App.naive_bayes | INFO | Posterior calculation completed
2025-07-23 10:13:26,211 | App.naive_bayes | INFO | Prediction result: Sour
2025-07-23 10:13:26,211 | App.model | INFO | Calculating target value ratios
2025-07-23 10:13:26,212 | App.naive_bayes | INFO | Making prediction...
2025-07-23 10:13:26,212 | App.naive_bayes | INFO | Calculating posteriors...
2025-07-23 10:13:26,212 | App.naive_bayes | INFO | Posterior calculation completed
2025-07-23 10:13:26,212 | App.naive_bayes | INFO | Prediction result: Sour
2025-07-23 10:13:26,212 | App.model | INFO | Calculating target value ratios
2025-07-23 10:13:26,212 | App.naive_bayes | INFO | Making prediction...
2025-07-23 10:13:26,212 | App.naive_bayes | INFO | Calculating posteriors...
2025-07-23 10:13:26,212 | App.naive_bayes | INFO | Posterior calculation completed
2025-07-23 10:13:26,212 | App.naive_bayes | INFO | Prediction result: Sour
2025-07-23 10:13:26,212 | App.model | INFO | Calculating target value ratios
2025-07-23 10:13:26,213 | App.naive_bayes | INFO | Making prediction...
2025-07-23 10:13:26,213 | App.naive_bayes | INFO | Calculating posteriors...
2025-07-23 10:13:26,213 | App.naive_bayes | INFO | Posterior calculation completed
2025-07-23 10:13:26,213 | App.naive_bayes | INFO | Prediction result: Sour
2025-07-23 10:13:26,213 | App.model | INFO | Calculating target value ratios
2025-07-23 10:13:26,214 | App.naive_bayes | INFO | Making prediction...
2025-07-23 10:13:26,214 | App.naive_bayes | INFO | Calculating posteriors...
2025-07-23 10:13:26,214 | App.naive_bayes | INFO | Posterior calculation completed
2025-07-23 10:13:26,214 | App.naive_bayes | INFO | Prediction result: Sour
2025-07-23 10:13:26,214 | App.model | INFO | Calculating target value ratios
2025-07-23 10:13:26,214 | App.naive_bayes | INFO | Making prediction...
2025-07-23 10:13:26,214 | App.naive_bayes | INFO | Calculating posteriors...
2025-07-23 10:13:26,214 | App.naive_bayes | INFO | Posterior calculation completed
2025-07-23 10:13:26,214 | App.naive_bayes | INFO | Prediction result: Sour
2025-07-23 10:13:26,215 | App.model | INFO | Calculating target value ratios
2025-07-23 10:13:26,215 | App.naive_bayes | INFO | Making prediction...
2025-07-23 10:13:26,215 | App.naive_bayes | INFO | Calculating posteriors...
2025-07-23 10:13:26,215 | App.naive_bayes | INFO | Posterior calculation completed
2025-07-23 10:13:26,215 | App.naive_bayes | INFO | Prediction result: Sour
2025-07-23 10:13:26,215 | App.model | INFO | Calculating target value ratios
2025-07-23 10:13:26,216 | App.naive_bayes | INFO | Making prediction...
2025-07-23 10:13:26,216 | App.naive_bayes | INFO | Calculating posteriors...
2025-07-23 10:13:26,216 | App.naive_bayes | INFO | Posterior calculation completed
2025-07-23 10:13:26,216 | App.naive_bayes | INFO | Prediction result: Sweet
2025-07-23 10:13:26,216 | App.model | INFO | Calculating target value ratios
2025-07-23 10:13:26,216 | App.naive_bayes | INFO | Making prediction...
2025-07-23 10:13:26,216 | App.naive_bayes | INFO | Calculating posteriors...
2025-07-23 10:13:26,216 | App.naive_bayes | INFO | Posterior calculation completed
2025-07-23 10:13:26,216 | App.naive_bayes | INFO | Prediction result: Sweet
2025-07-23 10:13:26,216 | App.model | INFO | Calculating target value ratios
2025-07-23 10:13:26,217 | App.naive_bayes | INFO | Making prediction...
2025-07-23 10:13:26,217 | App.naive_bayes | INFO | Calculating posteriors...
2025-07-23 10:13:26,217 | App.naive_bayes | INFO | Posterior calculation completed
2025-07-23 10:13:26,217 | App.naive_bayes | INFO | Prediction result: Salty
2025-07-23 10:13:26,217 | App.model | INFO | Calculating target value ratios
2025-07-23 10:13:26,218 | App.naive_bayes | INFO | Making prediction...
2025-07-23 10:13:26,218 | App.naive_bayes | INFO | Calculating posteriors...
2025-07-23 10:13:26,218 | App.naive_bayes | INFO | Posterior calculation completed
2025-07-23 10:13:26,218 | App.naive_bayes | INFO | Prediction result: Sour
2025-07-23 10:13:26,218 | App.model | INFO | Calculating target value ratios
2025-07-23 10:13:26,218 | App.naive_bayes | INFO | Making prediction...
2025-07-23 10:13:26,218 | App.naive_bayes | INFO | Calculating posteriors...
2025-07-23 10:13:26,218 | App.naive_bayes | INFO | Posterior calculation completed
2025-07-23 10:13:26,218 | App.naive_bayes | INFO | Prediction result: Sweet
2025-07-23 10:13:26,218 | App.model | INFO | Calculating target value ratios
2025-07-23 10:13:26,219 | App.naive_bayes | INFO | Making prediction...
2025-07-23 10:13:26,219 | App.naive_bayes | INFO | Calculating posteriors...
2025-07-23 10:13:26,219 | App.naive_bayes | INFO | Posterior calculation completed
2025-07-23 10:13:26,219 | App.naive_bayes | INFO | Prediction result: Salty
2025-07-23 10:13:26,219 | App.model | INFO | Calculating target value ratios
2025-07-23 10:13:26,219 | App.naive_bayes | INFO | Making prediction...
2025-07-23 10:13:26,219 | App.naive_bayes | INFO | Calculating posteriors...
2025-07-23 10:13:26,220 | App.naive_bayes | INFO | Posterior calculation completed
2025-07-23 10:13:26,220 | App.naive_bayes | INFO | Prediction result: Sour
2025-07-23 10:13:26,220 | App.model | INFO | Calculating target value ratios
2025-07-23 10:13:26,220 | App.naive_bayes | INFO | Making prediction...
2025-07-23 10:13:26,220 | App.naive_bayes | INFO | Calculating posteriors...
2025-07-23 10:13:26,220 | App.naive_bayes | INFO | Posterior calculation completed
2025-07-23 10:13:26,220 | App.naive_bayes | INFO | Prediction result: Sweet
2025-07-23 10:13:26,220 | App.model | INFO | Calculating target value ratios
2025-07-23 10:13:26,221 | App.naive_bayes | INFO | Making prediction...
2025-07-23 10:13:26,221 | App.naive_bayes | INFO | Calculating posteriors...
2025-07-23 10:13:26,221 | App.naive_bayes | INFO | Posterior calculation completed
2025-07-23 10:13:26,221 | App.naive_bayes | INFO | Prediction result: Salty
2025-07-23 10:13:26,221 | App.model | INFO | Calculating target value ratios
2025-07-23 10:13:26,221 | App.naive_bayes | INFO | Making prediction...
2025-07-23 10:13:26,222 | App.naive_bayes | INFO | Calculating posteriors...
2025-07-23 10:13:26,222 | App.naive_bayes | INFO | Posterior calculation completed
2025-07-23 10:13:26,222 | App.naive_bayes | INFO | Prediction result: Sour
2025-07-23 10:13:26,222 | App.model | INFO | Calculating target value ratios
2025-07-23 10:13:26,222 | App.naive_bayes | INFO | Making prediction...
2025-07-23 10:13:26,222 | App.naive_bayes | INFO | Calculating posteriors...
2025-07-23 10:13:26,222 | App.naive_bayes | INFO | Posterior calculation completed
2025-07-23 10:13:26,222 | App.naive_bayes | INFO | Prediction result: Sweet
2025-07-23 10:13:26,222 | App.model | INFO | Calculating target value ratios
2025-07-23 10:13:26,223 | App.naive_bayes | INFO | Making prediction...
2025-07-23 10:13:26,223 | App.naive_bayes | INFO | Calculating posteriors...
2025-07-23 10:13:26,223 | App.naive_bayes | INFO | Posterior calculation completed
2025-07-23 10:13:26,223 | App.naive_bayes | INFO | Prediction result: Salty
2025-07-23 10:13:26,223 | App.model | INFO | Calculating target value ratios
2025-07-23 10:13:26,224 | App.naive_bayes | INFO | Making prediction...
2025-07-23 10:13:26,224 | App.naive_bayes | INFO | Calculating posteriors...
2025-07-23 10:13:26,224 | App.naive_bayes | INFO | Posterior calculation completed
2025-07-23 10:13:26,224 | App.naive_bayes | INFO | Prediction result: Sweet
2025-07-23 10:13:26,224 | App.model | INFO | Calculating target value ratios
2025-07-23 10:13:26,224 | App.naive_bayes | INFO | Making prediction...
2025-07-23 10:13:26,224 | App.naive_bayes | INFO | Calculating posteriors...
2025-07-23 10:13:26,224 | App.naive_bayes | INFO | Posterior calculation completed
2025-07-23 10:13:26,224 | App.naive_bayes | INFO | Prediction result: Sweet
2025-07-23 10:13:26,224 | App.model | INFO | Calculating target value ratios
2025-07-23 10:13:26,225 | App.naive_bayes | INFO | Making prediction...
2025-07-23 10:13:26,225 | App.naive_bayes | INFO | Calculating posteriors...
2025-07-23 10:13:26,225 | App.naive_bayes | INFO | Posterior calculation completed
2025-07-23 10:13:26,225 | App.naive_bayes | INFO | Prediction result: Sour
2025-07-23 10:13:26,225 | App.model | INFO | Calculating target value ratios
2025-07-23 10:13:26,225 | App.naive_bayes | INFO | Making prediction...
2025-07-23 10:13:26,225 | App.naive_bayes | INFO | Calculating posteriors...
2025-07-23 10:13:26,226 | App.naive_bayes | INFO | Posterior calculation completed
2025-07-23 10:13:26,226 | App.naive_bayes | INFO | Prediction result: Salty
2025-07-23 10:13:26,226 | App.model | INFO | Calculating target value ratios
2025-07-23 10:13:26,226 | App.naive_bayes | INFO | Making prediction...
2025-07-23 10:13:26,226 | App.naive_bayes | INFO | Calculating posteriors...
2025-07-23 10:13:26,226 | App.naive_bayes | INFO | Posterior calculation completed
2025-07-23 10:13:26,226 | App.naive_bayes | INFO | Prediction result: Salty
2025-07-23 10:13:26,226 | App.model | INFO | Calculating target value ratios
2025-07-23 10:13:26,227 | App.naive_bayes | INFO | Making prediction...
2025-07-23 10:13:26,227 | App.naive_bayes | INFO | Calculating posteriors...
2025-07-23 10:13:26,227 | App.naive_bayes | INFO | Posterior calculation completed
2025-07-23 10:13:26,227 | App.naive_bayes | INFO | Prediction result: Sour
2025-07-23 10:13:26,227 | App.model | INFO | Calculating target value ratios
2025-07-23 10:13:26,227 | App.naive_bayes | INFO | Making prediction...
2025-07-23 10:13:26,227 | App.naive_bayes | INFO | Calculating posteriors...
2025-07-23 10:13:26,227 | App.naive_bayes | INFO | Posterior calculation completed
2025-07-23 10:13:26,227 | App.naive_bayes | INFO | Prediction result: Sweet
2025-07-23 10:13:26,228 | App.model | INFO | Calculating target value ratios
2025-07-23 10:13:26,228 | App.naive_bayes | INFO | Making prediction...
2025-07-23 10:13:26,228 | App.naive_bayes | INFO | Calculating posteriors...
2025-07-23 10:13:26,228 | App.naive_bayes | INFO | Posterior calculation completed
2025-07-23 10:13:26,228 | App.naive_bayes | INFO | Prediction result: Sweet
2025-07-23 10:13:26,228 | App.model | INFO | Calculating target value ratios
2025-07-23 10:13:26,229 | App.naive_bayes | INFO | Making prediction...
2025-07-23 10:13:26,229 | App.naive_bayes | INFO | Calculating posteriors...
2025-07-23 10:13:26,229 | App.naive_bayes | INFO | Posterior calculation completed
2025-07-23 10:13:26,229 | App.naive_bayes | INFO | Prediction result: Sour
2025-07-23 10:13:26,229 | App.model | INFO | Calculating target value ratios
2025-07-23 10:13:26,229 | App.naive_bayes | INFO | Making prediction...
2025-07-23 10:13:26,229 | App.naive_bayes | INFO | Calculating posteriors...
2025-07-23 10:13:26,229 | App.naive_bayes | INFO | Posterior calculation completed
2025-07-23 10:13:26,229 | App.naive_bayes | INFO | Prediction result: Sweet
2025-07-23 10:13:26,229 | App.model | INFO | Calculating target value ratios
2025-07-23 10:13:26,230 | App.naive_bayes | INFO | Making prediction...
2025-07-23 10:13:26,230 | App.naive_bayes | INFO | Calculating posteriors...
2025-07-23 10:13:26,230 | App.naive_bayes | INFO | Posterior calculation completed
2025-07-23 10:13:26,230 | App.naive_bayes | INFO | Prediction result: Sour
2025-07-23 10:13:26,230 | App.model | INFO | Calculating target value ratios
2025-07-23 10:13:26,230 | App.naive_bayes | INFO | Making prediction...
2025-07-23 10:13:26,231 | App.naive_bayes | INFO | Calculating posteriors...
2025-07-23 10:13:26,231 | App.naive_bayes | INFO | Posterior calculation completed
2025-07-23 10:13:26,231 | App.naive_bayes | INFO | Prediction result: Sweet
2025-07-23 10:13:26,231 | App.model | INFO | Calculating target value ratios
2025-07-23 10:13:26,231 | App.naive_bayes | INFO | Making prediction...
2025-07-23 10:13:26,231 | App.naive_bayes | INFO | Calculating posteriors...
2025-07-23 10:13:26,231 | App.naive_bayes | INFO | Posterior calculation completed
2025-07-23 10:13:26,231 | App.naive_bayes | INFO | Prediction result: Sour
2025-07-23 10:13:26,231 | App.model | INFO | Calculating target value ratios
2025-07-23 10:13:26,232 | App.naive_bayes | INFO | Making prediction...
2025-07-23 10:13:26,232 | App.naive_bayes | INFO | Calculating posteriors...
2025-07-23 10:13:26,232 | App.naive_bayes | INFO | Posterior calculation completed
2025-07-23 10:13:26,232 | App.naive_bayes | INFO | Prediction result: Sweet
2025-07-23 10:13:26,232 | App.model | INFO | Calculating target value ratios
2025-07-23 10:13:26,232 | App.naive_bayes | INFO | Making prediction...
2025-07-23 10:13:26,232 | App.naive_bayes | INFO | Calculating posteriors...
2025-07-23 10:13:26,232 | App.naive_bayes | INFO | Posterior calculation completed
2025-07-23 10:13:26,232 | App.naive_bayes | INFO | Prediction result: Sour
2025-07-23 10:13:26,233 | App.model | INFO | Calculating target value ratios
2025-07-23 10:13:26,233 | App.naive_bayes | INFO | Making prediction...
2025-07-23 10:13:26,233 | App.naive_bayes | INFO | Calculating posteriors...
2025-07-23 10:13:26,233 | App.naive_bayes | INFO | Posterior calculation completed
2025-07-23 10:13:26,233 | App.naive_bayes | INFO | Prediction result: Sour
2025-07-23 10:13:26,233 | App.model | INFO | Calculating target value ratios
2025-07-23 10:13:26,234 | App.naive_bayes | INFO | Making prediction...
2025-07-23 10:13:26,234 | App.naive_bayes | INFO | Calculating posteriors...
2025-07-23 10:13:26,234 | App.naive_bayes | INFO | Posterior calculation completed
2025-07-23 10:13:26,234 | App.naive_bayes | INFO | Prediction result: Sour
2025-07-23 10:13:26,234 | App.model | INFO | Calculating target value ratios
2025-07-23 10:13:26,234 | App.naive_bayes | INFO | Making prediction...
2025-07-23 10:13:26,234 | App.naive_bayes | INFO | Calculating posteriors...
2025-07-23 10:13:26,234 | App.naive_bayes | INFO | Posterior calculation completed
2025-07-23 10:13:26,234 | App.naive_bayes | INFO | Prediction result: Sweet
2025-07-23 10:13:26,234 | App.model | INFO | Calculating target value ratios
2025-07-23 10:13:26,235 | App.naive_bayes | INFO | Making prediction...
2025-07-23 10:13:26,235 | App.naive_bayes | INFO | Calculating posteriors...
2025-07-23 10:13:26,235 | App.naive_bayes | INFO | Posterior calculation completed
2025-07-23 10:13:26,235 | App.naive_bayes | INFO | Prediction result: Sour
2025-07-23 10:13:26,235 | App.model | INFO | Calculating target value ratios
2025-07-23 10:13:26,236 | App.naive_bayes | INFO | Making prediction...
2025-07-23 10:13:26,236 | App.naive_bayes | INFO | Calculating posteriors...
2025-07-23 10:13:26,236 | App.naive_bayes | INFO | Posterior calculation completed
2025-07-23 10:13:26,236 | App.naive_bayes | INFO | Prediction result: Salty
2025-07-23 10:13:26,236 | App.model | INFO | Calculating target value ratios
2025-07-23 10:13:26,236 | App.naive_bayes | INFO | Making prediction...
2025-07-23 10:13:26,236 | App.naive_bayes | INFO | Calculating posteriors...
2025-07-23 10:13:26,236 | App.naive_bayes | INFO | Posterior calculation completed
2025-07-23 10:13:26,236 | App.naive_bayes | INFO | Prediction result: Sour
2025-07-23 10:13:26,236 | App.model | INFO | Calculating target value ratios
2025-07-23 10:13:26,237 | App.naive_bayes | INFO | Making prediction...
2025-07-23 10:13:26,237 | App.naive_bayes | INFO | Calculating posteriors...
2025-07-23 10:13:26,237 | App.naive_bayes | INFO | Posterior calculation completed
2025-07-23 10:13:26,237 | App.naive_bayes | INFO | Prediction result: Sour
2025-07-23 10:13:26,237 | App.model | INFO | Calculating target value ratios
2025-07-23 10:13:26,237 | App.naive_bayes | INFO | Making prediction...
2025-07-23 10:13:26,237 | App.naive_bayes | INFO | Calculating posteriors...
2025-07-23 10:13:26,237 | App.naive_bayes | INFO | Posterior calculation completed
2025-07-23 10:13:26,238 | App.naive_bayes | INFO | Prediction result: Sweet
2025-07-23 10:13:26,238 | App.model | INFO | Calculating target value ratios
2025-07-23 10:13:26,238 | App.naive_bayes | INFO | Making prediction...
2025-07-23 10:13:26,238 | App.naive_bayes | INFO | Calculating posteriors...
2025-07-23 10:13:26,238 | App.naive_bayes | INFO | Posterior calculation completed
2025-07-23 10:13:26,238 | App.naive_bayes | INFO | Prediction result: Sweet
2025-07-23 10:13:26,238 | App.model | INFO | Calculating target value ratios
2025-07-23 10:13:26,239 | App.naive_bayes | INFO | Making prediction...
2025-07-23 10:13:26,239 | App.naive_bayes | INFO | Calculating posteriors...
2025-07-23 10:13:26,239 | App.naive_bayes | INFO | Posterior calculation completed
2025-07-23 10:13:26,239 | App.naive_bayes | INFO | Prediction result: Sour
2025-07-23 10:13:26,239 | App.model | INFO | Calculating target value ratios
2025-07-23 10:13:26,239 | App.naive_bayes | INFO | Making prediction...
2025-07-23 10:13:26,239 | App.naive_bayes | INFO | Calculating posteriors...
2025-07-23 10:13:26,240 | App.naive_bayes | INFO | Posterior calculation completed
2025-07-23 10:13:26,240 | App.naive_bayes | INFO | Prediction result: Sour
2025-07-23 10:13:26,240 | App.model | INFO | Calculating target value ratios
2025-07-23 10:13:26,240 | App.naive_bayes | INFO | Making prediction...
2025-07-23 10:13:26,240 | App.naive_bayes | INFO | Calculating posteriors...
2025-07-23 10:13:26,240 | App.naive_bayes | INFO | Posterior calculation completed
2025-07-23 10:13:26,240 | App.naive_bayes | INFO | Prediction result: Sweet
2025-07-23 10:13:26,240 | App.model | INFO | Calculating target value ratios
2025-07-23 10:13:26,241 | App.naive_bayes | INFO | Making prediction...
2025-07-23 10:13:26,241 | App.naive_bayes | INFO | Calculating posteriors...
2025-07-23 10:13:26,241 | App.naive_bayes | INFO | Posterior calculation completed
2025-07-23 10:13:26,241 | App.naive_bayes | INFO | Prediction result: Salty
2025-07-23 10:13:26,241 | App.model | INFO | Calculating target value ratios
2025-07-23 10:13:26,241 | App.naive_bayes | INFO | Making prediction...
2025-07-23 10:13:26,241 | App.naive_bayes | INFO | Calculating posteriors...
2025-07-23 10:13:26,241 | App.naive_bayes | INFO | Posterior calculation completed
2025-07-23 10:13:26,241 | App.naive_bayes | INFO | Prediction result: Sweet
2025-07-23 10:13:26,241 | App.model | INFO | Calculating target value ratios
2025-07-23 10:13:26,242 | App.naive_bayes | INFO | Making prediction...
2025-07-23 10:13:26,242 | App.naive_bayes | INFO | Calculating posteriors...
2025-07-23 10:13:26,242 | App.naive_bayes | INFO | Posterior calculation completed
2025-07-23 10:13:26,242 | App.naive_bayes | INFO | Prediction result: Sweet
2025-07-23 10:13:26,242 | App.model | INFO | Calculating target value ratios
2025-07-23 10:13:26,243 | App.naive_bayes | INFO | Making prediction...
2025-07-23 10:13:26,243 | App.naive_bayes | INFO | Calculating posteriors...
2025-07-23 10:13:26,243 | App.naive_bayes | INFO | Posterior calculation completed
2025-07-23 10:13:26,243 | App.naive_bayes | INFO | Prediction result: Sweet
2025-07-23 10:13:26,243 | App.model | INFO | Calculating target value ratios
2025-07-23 10:13:26,243 | App.naive_bayes | INFO | Making prediction...
2025-07-23 10:13:26,243 | App.naive_bayes | INFO | Calculating posteriors...
2025-07-23 10:13:26,243 | App.naive_bayes | INFO | Posterior calculation completed
2025-07-23 10:13:26,243 | App.naive_bayes | INFO | Prediction result: Sweet
2025-07-23 10:13:26,243 | App.model | INFO | Calculating target value ratios
2025-07-23 10:13:26,244 | App.naive_bayes | INFO | Making prediction...
2025-07-23 10:13:26,244 | App.naive_bayes | INFO | Calculating posteriors...
2025-07-23 10:13:26,244 | App.naive_bayes | INFO | Posterior calculation completed
2025-07-23 10:13:26,244 | App.naive_bayes | INFO | Prediction result: Sour
2025-07-23 10:13:26,244 | App.model | INFO | Calculating target value ratios
2025-07-23 10:13:26,245 | App.naive_bayes | INFO | Making prediction...
2025-07-23 10:13:26,245 | App.naive_bayes | INFO | Calculating posteriors...
2025-07-23 10:13:26,245 | App.naive_bayes | INFO | Posterior calculation completed
2025-07-23 10:13:26,245 | App.naive_bayes | INFO | Prediction result: Sweet
2025-07-23 10:13:26,245 | App.model | INFO | Calculating target value ratios
2025-07-23 10:13:26,245 | App.naive_bayes | INFO | Making prediction...
2025-07-23 10:13:26,245 | App.naive_bayes | INFO | Calculating posteriors...
2025-07-23 10:13:26,245 | App.naive_bayes | INFO | Posterior calculation completed
2025-07-23 10:13:26,245 | App.naive_bayes | INFO | Prediction result: Sweet
2025-07-23 10:13:26,245 | App.model | INFO | Calculating target value ratios
2025-07-23 10:13:26,246 | App.naive_bayes | INFO | Making prediction...
2025-07-23 10:13:26,246 | App.naive_bayes | INFO | Calculating posteriors...
2025-07-23 10:13:26,246 | App.naive_bayes | INFO | Posterior calculation completed
2025-07-23 10:13:26,246 | App.naive_bayes | INFO | Prediction result: Sour
2025-07-23 10:13:26,246 | App.model | INFO | Calculating target value ratios
2025-07-23 10:13:26,246 | App.naive_bayes | INFO | Making prediction...
2025-07-23 10:13:26,247 | App.naive_bayes | INFO | Calculating posteriors...
2025-07-23 10:13:26,247 | App.naive_bayes | INFO | Posterior calculation completed
2025-07-23 10:13:26,247 | App.naive_bayes | INFO | Prediction result: Sour
2025-07-23 10:13:26,247 | App.model | INFO | Calculating target value ratios
2025-07-23 10:13:26,247 | App.naive_bayes | INFO | Making prediction...
2025-07-23 10:13:26,247 | App.naive_bayes | INFO | Calculating posteriors...
2025-07-23 10:13:26,247 | App.naive_bayes | INFO | Posterior calculation completed
2025-07-23 10:13:26,247 | App.naive_bayes | INFO | Prediction result: Salty
2025-07-23 10:13:26,247 | App.model | INFO | Calculating target value ratios
2025-07-23 10:13:26,248 | App.naive_bayes | INFO | Making prediction...
2025-07-23 10:13:26,248 | App.naive_bayes | INFO | Calculating posteriors...
2025-07-23 10:13:26,248 | App.naive_bayes | INFO | Posterior calculation completed
2025-07-23 10:13:26,248 | App.naive_bayes | INFO | Prediction result: Sweet
2025-07-23 10:13:26,248 | App.model | INFO | Calculating target value ratios
2025-07-23 10:13:26,248 | App.naive_bayes | INFO | Making prediction...
2025-07-23 10:13:26,248 | App.naive_bayes | INFO | Calculating posteriors...
2025-07-23 10:13:26,248 | App.naive_bayes | INFO | Posterior calculation completed
2025-07-23 10:13:26,248 | App.naive_bayes | INFO | Prediction result: Sweet
2025-07-23 10:13:26,249 | App.model | INFO | Calculating target value ratios
2025-07-23 10:13:26,249 | App.naive_bayes | INFO | Making prediction...
2025-07-23 10:13:26,249 | App.naive_bayes | INFO | Calculating posteriors...
2025-07-23 10:13:26,249 | App.naive_bayes | INFO | Posterior calculation completed
2025-07-23 10:13:26,249 | App.naive_bayes | INFO | Prediction result: Sour
2025-07-23 10:13:26,249 | App.model | INFO | Calculating target value ratios
2025-07-23 10:13:26,250 | App.naive_bayes | INFO | Making prediction...
2025-07-23 10:13:26,250 | App.naive_bayes | INFO | Calculating posteriors...
2025-07-23 10:13:26,250 | App.naive_bayes | INFO | Posterior calculation completed
2025-07-23 10:13:26,250 | App.naive_bayes | INFO | Prediction result: Sweet
2025-07-23 10:13:26,250 | App.model | INFO | Calculating target value ratios
2025-07-23 10:13:26,250 | App.naive_bayes | INFO | Making prediction...
2025-07-23 10:13:26,250 | App.naive_bayes | INFO | Calculating posteriors...
2025-07-23 10:13:26,250 | App.naive_bayes | INFO | Posterior calculation completed
2025-07-23 10:13:26,250 | App.naive_bayes | INFO | Prediction result: Salty
2025-07-23 10:13:26,250 | App.model | INFO | Calculating target value ratios
2025-07-23 10:13:26,251 | App.naive_bayes | INFO | Making prediction...
2025-07-23 10:13:26,251 | App.naive_bayes | INFO | Calculating posteriors...
2025-07-23 10:13:26,251 | App.naive_bayes | INFO | Posterior calculation completed
2025-07-23 10:13:26,251 | App.naive_bayes | INFO | Prediction result: Sweet
2025-07-23 10:13:26,251 | App.model | INFO | Calculating target value ratios
2025-07-23 10:13:26,251 | App.naive_bayes | INFO | Making prediction...
2025-07-23 10:13:26,252 | App.naive_bayes | INFO | Calculating posteriors...
2025-07-23 10:13:26,252 | App.naive_bayes | INFO | Posterior calculation completed
2025-07-23 10:13:26,252 | App.naive_bayes | INFO | Prediction result: Sweet
2025-07-23 10:13:26,252 | App.model | INFO | Calculating target value ratios
2025-07-23 10:13:26,252 | App.naive_bayes | INFO | Making prediction...
2025-07-23 10:13:26,252 | App.naive_bayes | INFO | Calculating posteriors...
2025-07-23 10:13:26,252 | App.naive_bayes | INFO | Posterior calculation completed
2025-07-23 10:13:26,252 | App.naive_bayes | INFO | Prediction result: Sour
2025-07-23 10:13:26,252 | App.model | INFO | Calculating target value ratios
2025-07-23 10:13:26,253 | App.naive_bayes | INFO | Making prediction...
2025-07-23 10:13:26,253 | App.naive_bayes | INFO | Calculating posteriors...
2025-07-23 10:13:26,253 | App.naive_bayes | INFO | Posterior calculation completed
2025-07-23 10:13:26,253 | App.naive_bayes | INFO | Prediction result: Sour
2025-07-23 10:13:26,253 | App.model | INFO | Calculating target value ratios
2025-07-23 10:13:26,253 | App.naive_bayes | INFO | Making prediction...
2025-07-23 10:13:26,253 | App.naive_bayes | INFO | Calculating posteriors...
2025-07-23 10:13:26,253 | App.naive_bayes | INFO | Posterior calculation completed
2025-07-23 10:13:26,254 | App.naive_bayes | INFO | Prediction result: Sweet
2025-07-23 10:13:26,254 | App.model | INFO | Calculating target value ratios
2025-07-23 10:13:26,254 | App.naive_bayes | INFO | Making prediction...
2025-07-23 10:13:26,254 | App.naive_bayes | INFO | Calculating posteriors...
2025-07-23 10:13:26,254 | App.naive_bayes | INFO | Posterior calculation completed
2025-07-23 10:13:26,254 | App.naive_bayes | INFO | Prediction result: Sour
2025-07-23 10:13:26,254 | App.model | INFO | Calculating target value ratios
2025-07-23 10:13:26,255 | App.naive_bayes | INFO | Making prediction...
2025-07-23 10:13:26,255 | App.naive_bayes | INFO | Calculating posteriors...
2025-07-23 10:13:26,255 | App.naive_bayes | INFO | Posterior calculation completed
2025-07-23 10:13:26,255 | App.naive_bayes | INFO | Prediction result: Sweet
2025-07-23 10:13:26,255 | App.model | INFO | Calculating target value ratios
2025-07-23 10:13:26,256 | App.naive_bayes | INFO | Making prediction...
2025-07-23 10:13:26,256 | App.naive_bayes | INFO | Calculating posteriors...
2025-07-23 10:13:26,256 | App.naive_bayes | INFO | Posterior calculation completed
2025-07-23 10:13:26,256 | App.naive_bayes | INFO | Prediction result: Sour
2025-07-23 10:13:26,256 | App.model | INFO | Calculating target value ratios
2025-07-23 10:13:26,257 | App.naive_bayes | INFO | Making prediction...
2025-07-23 10:13:26,257 | App.naive_bayes | INFO | Calculating posteriors...
2025-07-23 10:13:26,257 | App.naive_bayes | INFO | Posterior calculation completed
2025-07-23 10:13:26,257 | App.naive_bayes | INFO | Prediction result: Sweet
2025-07-23 10:13:26,257 | App.model | INFO | Calculating target value ratios
2025-07-23 10:13:26,257 | App.naive_bayes | INFO | Making prediction...
2025-07-23 10:13:26,257 | App.naive_bayes | INFO | Calculating posteriors...
2025-07-23 10:13:26,257 | App.naive_bayes | INFO | Posterior calculation completed
2025-07-23 10:13:26,257 | App.naive_bayes | INFO | Prediction result: Sweet
2025-07-23 10:13:26,257 | App.model | INFO | Calculating target value ratios
2025-07-23 10:13:26,258 | App.naive_bayes | INFO | Making prediction...
2025-07-23 10:13:26,258 | App.naive_bayes | INFO | Calculating posteriors...
2025-07-23 10:13:26,258 | App.naive_bayes | INFO | Posterior calculation completed
2025-07-23 10:13:26,258 | App.naive_bayes | INFO | Prediction result: Sour
2025-07-23 10:13:26,258 | App.model | INFO | Calculating target value ratios
2025-07-23 10:13:26,259 | App.naive_bayes | INFO | Making prediction...
2025-07-23 10:13:26,259 | App.naive_bayes | INFO | Calculating posteriors...
2025-07-23 10:13:26,259 | App.naive_bayes | INFO | Posterior calculation completed
2025-07-23 10:13:26,259 | App.naive_bayes | INFO | Prediction result: Sour
2025-07-23 10:13:26,259 | App.model | INFO | Calculating target value ratios
2025-07-23 10:13:26,259 | App.naive_bayes | INFO | Making prediction...
2025-07-23 10:13:26,259 | App.naive_bayes | INFO | Calculating posteriors...
2025-07-23 10:13:26,259 | App.naive_bayes | INFO | Posterior calculation completed
2025-07-23 10:13:26,259 | App.naive_bayes | INFO | Prediction result: Sweet
2025-07-23 10:13:26,259 | App.model | INFO | Calculating target value ratios
2025-07-23 10:13:26,260 | App.naive_bayes | INFO | Making prediction...
2025-07-23 10:13:26,260 | App.naive_bayes | INFO | Calculating posteriors...
2025-07-23 10:13:26,260 | App.naive_bayes | INFO | Posterior calculation completed
2025-07-23 10:13:26,260 | App.naive_bayes | INFO | Prediction result: Sour
2025-07-23 10:13:26,260 | App.model | INFO | Calculating target value ratios
2025-07-23 10:13:26,260 | App.naive_bayes | INFO | Making prediction...
2025-07-23 10:13:26,260 | App.naive_bayes | INFO | Calculating posteriors...
2025-07-23 10:13:26,261 | App.naive_bayes | INFO | Posterior calculation completed
2025-07-23 10:13:26,261 | App.naive_bayes | INFO | Prediction result: Salty
2025-07-23 10:13:26,261 | App.model | INFO | Calculating target value ratios
2025-07-23 10:13:26,261 | App.naive_bayes | INFO | Making prediction...
2025-07-23 10:13:26,261 | App.naive_bayes | INFO | Calculating posteriors...
2025-07-23 10:13:26,261 | App.naive_bayes | INFO | Posterior calculation completed
2025-07-23 10:13:26,261 | App.naive_bayes | INFO | Prediction result: Sweet
2025-07-23 10:13:26,261 | App.model | INFO | Calculating target value ratios
2025-07-23 10:13:26,262 | App.naive_bayes | INFO | Making prediction...
2025-07-23 10:13:26,262 | App.naive_bayes | INFO | Calculating posteriors...
2025-07-23 10:13:26,262 | App.naive_bayes | INFO | Posterior calculation completed
2025-07-23 10:13:26,262 | App.naive_bayes | INFO | Prediction result: Sour
2025-07-23 10:13:26,262 | App.model | INFO | Calculating target value ratios
2025-07-23 10:13:26,262 | App.naive_bayes | INFO | Making prediction...
2025-07-23 10:13:26,262 | App.naive_bayes | INFO | Calculating posteriors...
2025-07-23 10:13:26,262 | App.naive_bayes | INFO | Posterior calculation completed
2025-07-23 10:13:26,263 | App.naive_bayes | INFO | Prediction result: Sweet
2025-07-23 10:13:26,263 | App.model | INFO | Calculating target value ratios
2025-07-23 10:13:26,263 | App.naive_bayes | INFO | Making prediction...
2025-07-23 10:13:26,263 | App.naive_bayes | INFO | Calculating posteriors...
2025-07-23 10:13:26,263 | App.naive_bayes | INFO | Posterior calculation completed
2025-07-23 10:13:26,263 | App.naive_bayes | INFO | Prediction result: Sweet
2025-07-23 10:13:26,263 | App.model | INFO | Calculating target value ratios
2025-07-23 10:13:26,264 | App.naive_bayes | INFO | Making prediction...
2025-07-23 10:13:26,264 | App.naive_bayes | INFO | Calculating posteriors...
2025-07-23 10:13:26,264 | App.naive_bayes | INFO | Posterior calculation completed
2025-07-23 10:13:26,264 | App.naive_bayes | INFO | Prediction result: Salty
2025-07-23 10:13:26,264 | App.model | INFO | Calculating target value ratios
2025-07-23 10:13:26,264 | App.naive_bayes | INFO | Making prediction...
2025-07-23 10:13:26,264 | App.naive_bayes | INFO | Calculating posteriors...
2025-07-23 10:13:26,264 | App.naive_bayes | INFO | Posterior calculation completed
2025-07-23 10:13:26,264 | App.naive_bayes | INFO | Prediction result: Sour
2025-07-23 10:13:26,264 | App.model | INFO | Calculating target value ratios
2025-07-23 10:13:26,265 | App.naive_bayes | INFO | Making prediction...
2025-07-23 10:13:26,265 | App.naive_bayes | INFO | Calculating posteriors...
2025-07-23 10:13:26,265 | App.naive_bayes | INFO | Posterior calculation completed
2025-07-23 10:13:26,265 | App.naive_bayes | INFO | Prediction result: Sour
2025-07-23 10:13:26,265 | App.model | INFO | Calculating target value ratios
2025-07-23 10:13:26,266 | App.naive_bayes | INFO | Making prediction...
2025-07-23 10:13:26,266 | App.naive_bayes | INFO | Calculating posteriors...
2025-07-23 10:13:26,266 | App.naive_bayes | INFO | Posterior calculation completed
2025-07-23 10:13:26,266 | App.naive_bayes | INFO | Prediction result: Sweet
2025-07-23 10:13:26,266 | App.model | INFO | Calculating target value ratios
2025-07-23 10:13:26,266 | App.naive_bayes | INFO | Making prediction...
2025-07-23 10:13:26,266 | App.naive_bayes | INFO | Calculating posteriors...
2025-07-23 10:13:26,266 | App.naive_bayes | INFO | Posterior calculation completed
2025-07-23 10:13:26,266 | App.naive_bayes | INFO | Prediction result: Sweet
2025-07-23 10:13:26,266 | App.model | INFO | Calculating target value ratios
2025-07-23 10:13:26,267 | App.naive_bayes | INFO | Making prediction...
2025-07-23 10:13:26,267 | App.naive_bayes | INFO | Calculating posteriors...
2025-07-23 10:13:26,267 | App.naive_bayes | INFO | Posterior calculation completed
2025-07-23 10:13:26,267 | App.naive_bayes | INFO | Prediction result: Sour
2025-07-23 10:13:26,267 | App.model | INFO | Calculating target value ratios
2025-07-23 10:13:26,267 | App.naive_bayes | INFO | Making prediction...
2025-07-23 10:13:26,267 | App.naive_bayes | INFO | Calculating posteriors...
2025-07-23 10:13:26,267 | App.naive_bayes | INFO | Posterior calculation completed
2025-07-23 10:13:26,267 | App.naive_bayes | INFO | Prediction result: Sour
2025-07-23 10:13:26,268 | App.model | INFO | Calculating target value ratios
2025-07-23 10:13:26,268 | App.naive_bayes | INFO | Making prediction...
2025-07-23 10:13:26,268 | App.naive_bayes | INFO | Calculating posteriors...
2025-07-23 10:13:26,268 | App.naive_bayes | INFO | Posterior calculation completed
2025-07-23 10:13:26,268 | App.naive_bayes | INFO | Prediction result: Sweet
2025-07-23 10:13:26,268 | App.model | INFO | Calculating target value ratios
2025-07-23 10:13:26,269 | App.naive_bayes | INFO | Making prediction...
2025-07-23 10:13:26,269 | App.naive_bayes | INFO | Calculating posteriors...
2025-07-23 10:13:26,269 | App.naive_bayes | INFO | Posterior calculation completed
2025-07-23 10:13:26,269 | App.naive_bayes | INFO | Prediction result: Sour
2025-07-23 10:13:26,269 | App.model | INFO | Calculating target value ratios
2025-07-23 10:13:26,270 | App.naive_bayes | INFO | Making prediction...
2025-07-23 10:13:26,270 | App.naive_bayes | INFO | Calculating posteriors...
2025-07-23 10:13:26,270 | App.naive_bayes | INFO | Posterior calculation completed
2025-07-23 10:13:26,270 | App.naive_bayes | INFO | Prediction result: Sour
2025-07-23 10:13:26,270 | App.model | INFO | Calculating target value ratios
2025-07-23 10:13:26,271 | App.naive_bayes | INFO | Making prediction...
2025-07-23 10:13:26,271 | App.naive_bayes | INFO | Calculating posteriors...
2025-07-23 10:13:26,271 | App.naive_bayes | INFO | Posterior calculation completed
2025-07-23 10:13:26,271 | App.naive_bayes | INFO | Prediction result: Sweet
2025-07-23 10:13:26,271 | App.model | INFO | Calculating target value ratios
2025-07-23 10:13:26,271 | App.naive_bayes | INFO | Making prediction...
2025-07-23 10:13:26,271 | App.naive_bayes | INFO | Calculating posteriors...
2025-07-23 10:13:26,271 | App.naive_bayes | INFO | Posterior calculation completed
2025-07-23 10:13:26,272 | App.naive_bayes | INFO | Prediction result: Salty
2025-07-23 10:13:26,272 | App.model | INFO | Calculating target value ratios
2025-07-23 10:13:26,272 | App.naive_bayes | INFO | Making prediction...
2025-07-23 10:13:26,272 | App.naive_bayes | INFO | Calculating posteriors...
2025-07-23 10:13:26,272 | App.naive_bayes | INFO | Posterior calculation completed
2025-07-23 10:13:26,272 | App.naive_bayes | INFO | Prediction result: Sweet
2025-07-23 10:13:26,272 | App.model | INFO | Calculating target value ratios
2025-07-23 10:13:26,273 | App.naive_bayes | INFO | Making prediction...
2025-07-23 10:13:26,273 | App.naive_bayes | INFO | Calculating posteriors...
2025-07-23 10:13:26,273 | App.naive_bayes | INFO | Posterior calculation completed
2025-07-23 10:13:26,273 | App.naive_bayes | INFO | Prediction result: Sweet
2025-07-23 10:13:26,273 | App.model | INFO | Calculating target value ratios
2025-07-23 10:13:26,273 | App.naive_bayes | INFO | Making prediction...
2025-07-23 10:13:26,273 | App.naive_bayes | INFO | Calculating posteriors...
2025-07-23 10:13:26,273 | App.naive_bayes | INFO | Posterior calculation completed
2025-07-23 10:13:26,273 | App.naive_bayes | INFO | Prediction result: Salty
2025-07-23 10:13:26,273 | App.model | INFO | Calculating target value ratios
2025-07-23 10:13:26,274 | App.naive_bayes | INFO | Making prediction...
2025-07-23 10:13:26,274 | App.naive_bayes | INFO | Calculating posteriors...
2025-07-23 10:13:26,274 | App.naive_bayes | INFO | Posterior calculation completed
2025-07-23 10:13:26,274 | App.naive_bayes | INFO | Prediction result: Salty
2025-07-23 10:13:26,274 | App.model | INFO | Calculating target value ratios
2025-07-23 10:13:26,275 | App.naive_bayes | INFO | Making prediction...
2025-07-23 10:13:26,275 | App.naive_bayes | INFO | Calculating posteriors...
2025-07-23 10:13:26,275 | App.naive_bayes | INFO | Posterior calculation completed
2025-07-23 10:13:26,275 | App.naive_bayes | INFO | Prediction result: Sweet
2025-07-23 10:13:26,275 | App.model | INFO | Calculating target value ratios
2025-07-23 10:13:26,275 | App.naive_bayes | INFO | Making prediction...
2025-07-23 10:13:26,275 | App.naive_bayes | INFO | Calculating posteriors...
2025-07-23 10:13:26,275 | App.naive_bayes | INFO | Posterior calculation completed
2025-07-23 10:13:26,275 | App.naive_bayes | INFO | Prediction result: Sour
2025-07-23 10:13:26,275 | App.model | INFO | Calculating target value ratios
2025-07-23 10:13:26,276 | App.naive_bayes | INFO | Making prediction...
2025-07-23 10:13:26,276 | App.naive_bayes | INFO | Calculating posteriors...
2025-07-23 10:13:26,276 | App.naive_bayes | INFO | Posterior calculation completed
2025-07-23 10:13:26,276 | App.naive_bayes | INFO | Prediction result: Sweet
2025-07-23 10:13:26,276 | App.model | INFO | Calculating target value ratios
2025-07-23 10:13:26,277 | App.naive_bayes | INFO | Making prediction...
2025-07-23 10:13:26,277 | App.naive_bayes | INFO | Calculating posteriors...
2025-07-23 10:13:26,277 | App.naive_bayes | INFO | Posterior calculation completed
2025-07-23 10:13:26,277 | App.naive_bayes | INFO | Prediction result: Sweet
2025-07-23 10:13:26,277 | App.model | INFO | Calculating target value ratios
2025-07-23 10:13:26,277 | App.naive_bayes | INFO | Making prediction...
2025-07-23 10:13:26,277 | App.naive_bayes | INFO | Calculating posteriors...
2025-07-23 10:13:26,277 | App.naive_bayes | INFO | Posterior calculation completed
2025-07-23 10:13:26,277 | App.naive_bayes | INFO | Prediction result: Sour
2025-07-23 10:13:26,277 | App.model | INFO | Calculating target value ratios
2025-07-23 10:13:26,278 | App.naive_bayes | INFO | Making prediction...
2025-07-23 10:13:26,278 | App.naive_bayes | INFO | Calculating posteriors...
2025-07-23 10:13:26,278 | App.naive_bayes | INFO | Posterior calculation completed
2025-07-23 10:13:26,278 | App.naive_bayes | INFO | Prediction result: Salty
2025-07-23 10:13:26,278 | App.model | INFO | Calculating target value ratios
2025-07-23 10:13:26,279 | App.naive_bayes | INFO | Making prediction...
2025-07-23 10:13:26,279 | App.naive_bayes | INFO | Calculating posteriors...
2025-07-23 10:13:26,279 | App.naive_bayes | INFO | Posterior calculation completed
2025-07-23 10:13:26,279 | App.naive_bayes | INFO | Prediction result: Sweet
2025-07-23 10:13:26,279 | App.model | INFO | Calculating target value ratios
2025-07-23 10:13:26,279 | App.naive_bayes | INFO | Making prediction...
2025-07-23 10:13:26,279 | App.naive_bayes | INFO | Calculating posteriors...
2025-07-23 10:13:26,279 | App.naive_bayes | INFO | Posterior calculation completed
2025-07-23 10:13:26,279 | App.naive_bayes | INFO | Prediction result: Salty
2025-07-23 10:13:26,279 | App.model | INFO | Calculating target value ratios
2025-07-23 10:13:26,280 | App.naive_bayes | INFO | Making prediction...
2025-07-23 10:13:26,280 | App.naive_bayes | INFO | Calculating posteriors...
2025-07-23 10:13:26,280 | App.naive_bayes | INFO | Posterior calculation completed
2025-07-23 10:13:26,280 | App.naive_bayes | INFO | Prediction result: Sweet
2025-07-23 10:13:26,280 | App.model | INFO | Calculating target value ratios
2025-07-23 10:13:26,280 | App.naive_bayes | INFO | Making prediction...
2025-07-23 10:13:26,280 | App.naive_bayes | INFO | Calculating posteriors...
2025-07-23 10:13:26,281 | App.naive_bayes | INFO | Posterior calculation completed
2025-07-23 10:13:26,281 | App.naive_bayes | INFO | Prediction result: Sweet
2025-07-23 10:13:26,281 | App.model | INFO | Calculating target value ratios
2025-07-23 10:13:26,281 | App.naive_bayes | INFO | Making prediction...
2025-07-23 10:13:26,281 | App.naive_bayes | INFO | Calculating posteriors...
2025-07-23 10:13:26,281 | App.naive_bayes | INFO | Posterior calculation completed
2025-07-23 10:13:26,281 | App.naive_bayes | INFO | Prediction result: Sweet
2025-07-23 10:13:26,281 | App.model | INFO | Calculating target value ratios
2025-07-23 10:13:26,282 | App.naive_bayes | INFO | Making prediction...
2025-07-23 10:13:26,282 | App.naive_bayes | INFO | Calculating posteriors...
2025-07-23 10:13:26,282 | App.naive_bayes | INFO | Posterior calculation completed
2025-07-23 10:13:26,282 | App.naive_bayes | INFO | Prediction result: Sweet
2025-07-23 10:13:26,282 | App.model | INFO | Calculating target value ratios
2025-07-23 10:13:26,282 | App.naive_bayes | INFO | Making prediction...
2025-07-23 10:13:26,282 | App.naive_bayes | INFO | Calculating posteriors...
2025-07-23 10:13:26,282 | App.naive_bayes | INFO | Posterior calculation completed
2025-07-23 10:13:26,282 | App.naive_bayes | INFO | Prediction result: Sour
2025-07-23 10:13:26,282 | App.model | INFO | Calculating target value ratios
2025-07-23 10:13:26,283 | App.naive_bayes | INFO | Making prediction...
2025-07-23 10:13:26,283 | App.naive_bayes | INFO | Calculating posteriors...
2025-07-23 10:13:26,283 | App.naive_bayes | INFO | Posterior calculation completed
2025-07-23 10:13:26,283 | App.naive_bayes | INFO | Prediction result: Sour
2025-07-23 10:13:26,283 | App.model | INFO | Calculating target value ratios
2025-07-23 10:13:26,284 | App.naive_bayes | INFO | Making prediction...
2025-07-23 10:13:26,284 | App.naive_bayes | INFO | Calculating posteriors...
2025-07-23 10:13:26,284 | App.naive_bayes | INFO | Posterior calculation completed
2025-07-23 10:13:26,284 | App.naive_bayes | INFO | Prediction result: Salty
2025-07-23 10:13:26,284 | App.model | INFO | Calculating target value ratios
2025-07-23 10:13:26,284 | App.naive_bayes | INFO | Making prediction...
2025-07-23 10:13:26,284 | App.naive_bayes | INFO | Calculating posteriors...
2025-07-23 10:13:26,285 | App.naive_bayes | INFO | Posterior calculation completed
2025-07-23 10:13:26,285 | App.naive_bayes | INFO | Prediction result: Sweet
2025-07-23 10:13:26,285 | App.model | INFO | Calculating target value ratios
2025-07-23 10:13:26,285 | App.naive_bayes | INFO | Making prediction...
2025-07-23 10:13:26,285 | App.naive_bayes | INFO | Calculating posteriors...
2025-07-23 10:13:26,285 | App.naive_bayes | INFO | Posterior calculation completed
2025-07-23 10:13:26,285 | App.naive_bayes | INFO | Prediction result: Sweet
2025-07-23 10:13:26,285 | App.model | INFO | Calculating target value ratios
2025-07-23 10:13:26,286 | App.naive_bayes | INFO | Making prediction...
2025-07-23 10:13:26,286 | App.naive_bayes | INFO | Calculating posteriors...
2025-07-23 10:13:26,286 | App.naive_bayes | INFO | Posterior calculation completed
2025-07-23 10:13:26,286 | App.naive_bayes | INFO | Prediction result: Sweet
2025-07-23 10:13:26,286 | App.model | INFO | Calculating target value ratios
2025-07-23 10:13:26,286 | App.naive_bayes | INFO | Making prediction...
2025-07-23 10:13:26,286 | App.naive_bayes | INFO | Calculating posteriors...
2025-07-23 10:13:26,286 | App.naive_bayes | INFO | Posterior calculation completed
2025-07-23 10:13:26,286 | App.naive_bayes | INFO | Prediction result: Sweet
2025-07-23 10:13:26,286 | App.model | INFO | Calculating target value ratios
2025-07-23 10:13:26,287 | App.naive_bayes | INFO | Making prediction...
2025-07-23 10:13:26,287 | App.naive_bayes | INFO | Calculating posteriors...
2025-07-23 10:13:26,287 | App.naive_bayes | INFO | Posterior calculation completed
2025-07-23 10:13:26,287 | App.naive_bayes | INFO | Prediction result: Sweet
2025-07-23 10:13:26,287 | App.model | INFO | Calculating target value ratios
2025-07-23 10:13:26,288 | App.naive_bayes | INFO | Making prediction...
2025-07-23 10:13:26,288 | App.naive_bayes | INFO | Calculating posteriors...
2025-07-23 10:13:26,288 | App.naive_bayes | INFO | Posterior calculation completed
2025-07-23 10:13:26,288 | App.naive_bayes | INFO | Prediction result: Sour
2025-07-23 10:13:26,288 | App.model | INFO | Calculating target value ratios
2025-07-23 10:13:26,288 | App.naive_bayes | INFO | Making prediction...
2025-07-23 10:13:26,288 | App.naive_bayes | INFO | Calculating posteriors...
2025-07-23 10:13:26,288 | App.naive_bayes | INFO | Posterior calculation completed
2025-07-23 10:13:26,288 | App.naive_bayes | INFO | Prediction result: Sweet
2025-07-23 10:13:26,288 | App.model | INFO | Calculating target value ratios
2025-07-23 10:13:26,289 | App.naive_bayes | INFO | Making prediction...
2025-07-23 10:13:26,289 | App.naive_bayes | INFO | Calculating posteriors...
2025-07-23 10:13:26,289 | App.naive_bayes | INFO | Posterior calculation completed
2025-07-23 10:13:26,289 | App.naive_bayes | INFO | Prediction result: Sour
2025-07-23 10:13:26,289 | App.model | INFO | Calculating target value ratios
2025-07-23 10:13:26,289 | App.naive_bayes | INFO | Making prediction...
2025-07-23 10:13:26,289 | App.naive_bayes | INFO | Calculating posteriors...
2025-07-23 10:13:26,289 | App.naive_bayes | INFO | Posterior calculation completed
2025-07-23 10:13:26,290 | App.naive_bayes | INFO | Prediction result: Sour
2025-07-23 10:13:26,290 | App.model | INFO | Calculating target value ratios
2025-07-23 10:13:26,290 | App.naive_bayes | INFO | Making prediction...
2025-07-23 10:13:26,290 | App.naive_bayes | INFO | Calculating posteriors...
2025-07-23 10:13:26,290 | App.naive_bayes | INFO | Posterior calculation completed
2025-07-23 10:13:26,290 | App.naive_bayes | INFO | Prediction result: Sour
2025-07-23 10:13:26,290 | App.model | INFO | Calculating target value ratios
2025-07-23 10:13:26,291 | App.naive_bayes | INFO | Making prediction...
2025-07-23 10:13:26,291 | App.naive_bayes | INFO | Calculating posteriors...
2025-07-23 10:13:26,291 | App.naive_bayes | INFO | Posterior calculation completed
2025-07-23 10:13:26,291 | App.naive_bayes | INFO | Prediction result: Sour
2025-07-23 10:13:26,291 | App.model | INFO | Calculating target value ratios
2025-07-23 10:13:26,291 | App.naive_bayes | INFO | Making prediction...
2025-07-23 10:13:26,291 | App.naive_bayes | INFO | Calculating posteriors...
2025-07-23 10:13:26,292 | App.naive_bayes | INFO | Posterior calculation completed
2025-07-23 10:13:26,292 | App.naive_bayes | INFO | Prediction result: Sweet
2025-07-23 10:13:26,292 | App.model | INFO | Calculating target value ratios
2025-07-23 10:13:26,292 | App.naive_bayes | INFO | Making prediction...
2025-07-23 10:13:26,292 | App.naive_bayes | INFO | Calculating posteriors...
2025-07-23 10:13:26,292 | App.naive_bayes | INFO | Posterior calculation completed
2025-07-23 10:13:26,292 | App.naive_bayes | INFO | Prediction result: Sour
2025-07-23 10:13:26,292 | App.model | INFO | Calculating target value ratios
2025-07-23 10:13:26,293 | App.naive_bayes | INFO | Making prediction...
2025-07-23 10:13:26,293 | App.naive_bayes | INFO | Calculating posteriors...
2025-07-23 10:13:26,293 | App.naive_bayes | INFO | Posterior calculation completed
2025-07-23 10:13:26,293 | App.naive_bayes | INFO | Prediction result: Sour
2025-07-23 10:13:26,293 | App.model | INFO | Calculating target value ratios
2025-07-23 10:13:26,293 | App.naive_bayes | INFO | Making prediction...
2025-07-23 10:13:26,293 | App.naive_bayes | INFO | Calculating posteriors...
2025-07-23 10:13:26,293 | App.naive_bayes | INFO | Posterior calculation completed
2025-07-23 10:13:26,293 | App.naive_bayes | INFO | Prediction result: Sweet
2025-07-23 10:13:26,293 | App.model | INFO | Calculating target value ratios
2025-07-23 10:13:26,294 | App.naive_bayes | INFO | Making prediction...
2025-07-23 10:13:26,294 | App.naive_bayes | INFO | Calculating posteriors...
2025-07-23 10:13:26,294 | App.naive_bayes | INFO | Posterior calculation completed
2025-07-23 10:13:26,294 | App.naive_bayes | INFO | Prediction result: Sour
2025-07-23 10:13:26,294 | App.model | INFO | Calculating target value ratios
2025-07-23 10:13:26,295 | App.naive_bayes | INFO | Making prediction...
2025-07-23 10:13:26,295 | App.naive_bayes | INFO | Calculating posteriors...
2025-07-23 10:13:26,295 | App.naive_bayes | INFO | Posterior calculation completed
2025-07-23 10:13:26,295 | App.naive_bayes | INFO | Prediction result: Sweet
2025-07-23 10:13:26,295 | App.model | INFO | Calculating target value ratios
2025-07-23 10:13:26,295 | App.naive_bayes | INFO | Making prediction...
2025-07-23 10:13:26,295 | App.naive_bayes | INFO | Calculating posteriors...
2025-07-23 10:13:26,295 | App.naive_bayes | INFO | Posterior calculation completed
2025-07-23 10:13:26,295 | App.naive_bayes | INFO | Prediction result: Sweet
2025-07-23 10:13:26,295 | App.model | INFO | Calculating target value ratios
2025-07-23 10:13:26,296 | App.naive_bayes | INFO | Making prediction...
2025-07-23 10:13:26,296 | App.naive_bayes | INFO | Calculating posteriors...
2025-07-23 10:13:26,296 | App.naive_bayes | INFO | Posterior calculation completed
2025-07-23 10:13:26,296 | App.naive_bayes | INFO | Prediction result: Sour
2025-07-23 10:13:26,296 | App.model | INFO | Calculating target value ratios
2025-07-23 10:13:26,296 | App.naive_bayes | INFO | Making prediction...
2025-07-23 10:13:26,296 | App.naive_bayes | INFO | Calculating posteriors...
2025-07-23 10:13:26,296 | App.naive_bayes | INFO | Posterior calculation completed
2025-07-23 10:13:26,297 | App.naive_bayes | INFO | Prediction result: Sweet
2025-07-23 10:13:26,297 | App.model | INFO | Calculating target value ratios
2025-07-23 10:13:26,297 | App.naive_bayes | INFO | Making prediction...
2025-07-23 10:13:26,297 | App.naive_bayes | INFO | Calculating posteriors...
2025-07-23 10:13:26,297 | App.naive_bayes | INFO | Posterior calculation completed
2025-07-23 10:13:26,297 | App.naive_bayes | INFO | Prediction result: Sour
2025-07-23 10:13:26,297 | App.model | INFO | Calculating target value ratios
2025-07-23 10:13:26,298 | App.naive_bayes | INFO | Making prediction...
2025-07-23 10:13:26,298 | App.naive_bayes | INFO | Calculating posteriors...
2025-07-23 10:13:26,298 | App.naive_bayes | INFO | Posterior calculation completed
2025-07-23 10:13:26,298 | App.naive_bayes | INFO | Prediction result: Salty
2025-07-23 10:13:26,298 | App.model | INFO | Calculating target value ratios
2025-07-23 10:13:26,298 | App.naive_bayes | INFO | Making prediction...
2025-07-23 10:13:26,299 | App.naive_bayes | INFO | Calculating posteriors...
2025-07-23 10:13:26,299 | App.naive_bayes | INFO | Posterior calculation completed
2025-07-23 10:13:26,299 | App.naive_bayes | INFO | Prediction result: Sour
2025-07-23 10:13:26,299 | App.model | INFO | Calculating target value ratios
2025-07-23 10:13:26,299 | App.naive_bayes | INFO | Making prediction...
2025-07-23 10:13:26,299 | App.naive_bayes | INFO | Calculating posteriors...
2025-07-23 10:13:26,299 | App.naive_bayes | INFO | Posterior calculation completed
2025-07-23 10:13:26,299 | App.naive_bayes | INFO | Prediction result: Sweet
2025-07-23 10:13:26,299 | App.model | INFO | Calculating target value ratios
2025-07-23 10:13:26,300 | App.naive_bayes | INFO | Making prediction...
2025-07-23 10:13:26,300 | App.naive_bayes | INFO | Calculating posteriors...
2025-07-23 10:13:26,300 | App.naive_bayes | INFO | Posterior calculation completed
2025-07-23 10:13:26,300 | App.naive_bayes | INFO | Prediction result: Sweet
2025-07-23 10:13:26,300 | App.model | INFO | Calculating target value ratios
2025-07-23 10:13:26,300 | App.naive_bayes | INFO | Making prediction...
2025-07-23 10:13:26,301 | App.naive_bayes | INFO | Calculating posteriors...
2025-07-23 10:13:26,301 | App.naive_bayes | INFO | Posterior calculation completed
2025-07-23 10:13:26,301 | App.naive_bayes | INFO | Prediction result: Sour
2025-07-23 10:13:26,301 | App.model | INFO | Calculating target value ratios
2025-07-23 10:13:26,301 | App.naive_bayes | INFO | Making prediction...
2025-07-23 10:13:26,301 | App.naive_bayes | INFO | Calculating posteriors...
2025-07-23 10:13:26,301 | App.naive_bayes | INFO | Posterior calculation completed
2025-07-23 10:13:26,301 | App.naive_bayes | INFO | Prediction result: Sour
2025-07-23 10:13:26,301 | App.model | INFO | Calculating target value ratios
2025-07-23 10:13:26,302 | App.naive_bayes | INFO | Making prediction...
2025-07-23 10:13:26,302 | App.naive_bayes | INFO | Calculating posteriors...
2025-07-23 10:13:26,302 | App.naive_bayes | INFO | Posterior calculation completed
2025-07-23 10:13:26,302 | App.naive_bayes | INFO | Prediction result: Sour
2025-07-23 10:13:26,302 | App.model | INFO | Calculating target value ratios
2025-07-23 10:13:26,302 | App.naive_bayes | INFO | Making prediction...
2025-07-23 10:13:26,302 | App.naive_bayes | INFO | Calculating posteriors...
2025-07-23 10:13:26,302 | App.naive_bayes | INFO | Posterior calculation completed
2025-07-23 10:13:26,302 | App.naive_bayes | INFO | Prediction result: Sour
2025-07-23 10:13:26,303 | App.model | INFO | Calculating target value ratios
2025-07-23 10:13:26,303 | App.naive_bayes | INFO | Making prediction...
2025-07-23 10:13:26,303 | App.naive_bayes | INFO | Calculating posteriors...
2025-07-23 10:13:26,303 | App.naive_bayes | INFO | Posterior calculation completed
2025-07-23 10:13:26,303 | App.naive_bayes | INFO | Prediction result: Sweet
2025-07-23 10:13:26,303 | App.model | INFO | Calculating target value ratios
2025-07-23 10:13:26,304 | App.naive_bayes | INFO | Making prediction...
2025-07-23 10:13:26,304 | App.naive_bayes | INFO | Calculating posteriors...
2025-07-23 10:13:26,304 | App.naive_bayes | INFO | Posterior calculation completed
2025-07-23 10:13:26,304 | App.naive_bayes | INFO | Prediction result: Sweet
2025-07-23 10:13:26,304 | App.model | INFO | Calculating target value ratios
2025-07-23 10:13:26,304 | App.naive_bayes | INFO | Making prediction...
2025-07-23 10:13:26,304 | App.naive_bayes | INFO | Calculating posteriors...
2025-07-23 10:13:26,304 | App.naive_bayes | INFO | Posterior calculation completed
2025-07-23 10:13:26,304 | App.naive_bayes | INFO | Prediction result: Sweet
2025-07-23 10:13:26,304 | App.model | INFO | Calculating target value ratios
2025-07-23 10:13:26,305 | App.naive_bayes | INFO | Making prediction...
2025-07-23 10:13:26,305 | App.naive_bayes | INFO | Calculating posteriors...
2025-07-23 10:13:26,305 | App.naive_bayes | INFO | Posterior calculation completed
2025-07-23 10:13:26,305 | App.naive_bayes | INFO | Prediction result: Sweet
2025-07-23 10:13:26,305 | App.model | INFO | Calculating target value ratios
2025-07-23 10:13:26,305 | App.naive_bayes | INFO | Making prediction...
2025-07-23 10:13:26,306 | App.naive_bayes | INFO | Calculating posteriors...
2025-07-23 10:13:26,306 | App.naive_bayes | INFO | Posterior calculation completed
2025-07-23 10:13:26,306 | App.naive_bayes | INFO | Prediction result: Sweet
2025-07-23 10:13:26,306 | App.model | INFO | Calculating target value ratios
2025-07-23 10:13:26,306 | App.naive_bayes | INFO | Making prediction...
2025-07-23 10:13:26,306 | App.naive_bayes | INFO | Calculating posteriors...
2025-07-23 10:13:26,306 | App.naive_bayes | INFO | Posterior calculation completed
2025-07-23 10:13:26,306 | App.naive_bayes | INFO | Prediction result: Sweet
2025-07-23 10:13:26,306 | App.model | INFO | Calculating target value ratios
2025-07-23 10:13:26,307 | App.naive_bayes | INFO | Making prediction...
2025-07-23 10:13:26,307 | App.naive_bayes | INFO | Calculating posteriors...
2025-07-23 10:13:26,307 | App.naive_bayes | INFO | Posterior calculation completed
2025-07-23 10:13:26,307 | App.naive_bayes | INFO | Prediction result: Sweet
2025-07-23 10:13:26,307 | App.model | INFO | Calculating target value ratios
2025-07-23 10:13:26,307 | App.naive_bayes | INFO | Making prediction...
2025-07-23 10:13:26,307 | App.naive_bayes | INFO | Calculating posteriors...
2025-07-23 10:13:26,307 | App.naive_bayes | INFO | Posterior calculation completed
2025-07-23 10:13:26,307 | App.naive_bayes | INFO | Prediction result: Salty
2025-07-23 10:13:26,308 | App.model | INFO | Calculating target value ratios
2025-07-23 10:13:26,308 | App.naive_bayes | INFO | Making prediction...
2025-07-23 10:13:26,308 | App.naive_bayes | INFO | Calculating posteriors...
2025-07-23 10:13:26,308 | App.naive_bayes | INFO | Posterior calculation completed
2025-07-23 10:13:26,308 | App.naive_bayes | INFO | Prediction result: Sour
2025-07-23 10:13:26,308 | App.model | INFO | Calculating target value ratios
2025-07-23 10:13:26,309 | App.naive_bayes | INFO | Making prediction...
2025-07-23 10:13:26,309 | App.naive_bayes | INFO | Calculating posteriors...
2025-07-23 10:13:26,309 | App.naive_bayes | INFO | Posterior calculation completed
2025-07-23 10:13:26,309 | App.naive_bayes | INFO | Prediction result: Sweet
2025-07-23 10:13:26,309 | App.model | INFO | Calculating target value ratios
2025-07-23 10:13:26,309 | App.naive_bayes | INFO | Making prediction...
2025-07-23 10:13:26,309 | App.naive_bayes | INFO | Calculating posteriors...
2025-07-23 10:13:26,309 | App.naive_bayes | INFO | Posterior calculation completed
2025-07-23 10:13:26,309 | App.naive_bayes | INFO | Prediction result: Sweet
2025-07-23 10:13:26,309 | App.model | INFO | Calculating target value ratios
2025-07-23 10:13:26,310 | App.naive_bayes | INFO | Making prediction...
2025-07-23 10:13:26,310 | App.naive_bayes | INFO | Calculating posteriors...
2025-07-23 10:13:26,310 | App.naive_bayes | INFO | Posterior calculation completed
2025-07-23 10:13:26,310 | App.naive_bayes | INFO | Prediction result: Sweet
2025-07-23 10:13:26,310 | App.model | INFO | Calculating target value ratios
2025-07-23 10:13:26,310 | App.naive_bayes | INFO | Making prediction...
2025-07-23 10:13:26,310 | App.naive_bayes | INFO | Calculating posteriors...
2025-07-23 10:13:26,311 | App.naive_bayes | INFO | Posterior calculation completed
2025-07-23 10:13:26,311 | App.naive_bayes | INFO | Prediction result: Sweet
2025-07-23 10:13:26,311 | App.model | INFO | Calculating target value ratios
2025-07-23 10:13:26,311 | App.naive_bayes | INFO | Making prediction...
2025-07-23 10:13:26,311 | App.naive_bayes | INFO | Calculating posteriors...
2025-07-23 10:13:26,311 | App.naive_bayes | INFO | Posterior calculation completed
2025-07-23 10:13:26,311 | App.naive_bayes | INFO | Prediction result: Sweet
2025-07-23 10:13:26,311 | App.model | INFO | Calculating target value ratios
2025-07-23 10:13:26,312 | App.naive_bayes | INFO | Making prediction...
2025-07-23 10:13:26,312 | App.naive_bayes | INFO | Calculating posteriors...
2025-07-23 10:13:26,312 | App.naive_bayes | INFO | Posterior calculation completed
2025-07-23 10:13:26,312 | App.naive_bayes | INFO | Prediction result: Sour
2025-07-23 10:13:26,312 | App.model | INFO | Calculating target value ratios
2025-07-23 10:13:26,312 | App.naive_bayes | INFO | Making prediction...
2025-07-23 10:13:26,312 | App.naive_bayes | INFO | Calculating posteriors...
2025-07-23 10:13:26,312 | App.naive_bayes | INFO | Posterior calculation completed
2025-07-23 10:13:26,312 | App.naive_bayes | INFO | Prediction result: Sour
2025-07-23 10:13:26,313 | App.model | INFO | Calculating target value ratios
2025-07-23 10:13:26,313 | App.naive_bayes | INFO | Making prediction...
2025-07-23 10:13:26,313 | App.naive_bayes | INFO | Calculating posteriors...
2025-07-23 10:13:26,313 | App.naive_bayes | INFO | Posterior calculation completed
2025-07-23 10:13:26,313 | App.naive_bayes | INFO | Prediction result: Sweet
2025-07-23 10:13:26,313 | App.model | INFO | Calculating target value ratios
2025-07-23 10:13:26,314 | App.naive_bayes | INFO | Making prediction...
2025-07-23 10:13:26,314 | App.naive_bayes | INFO | Calculating posteriors...
2025-07-23 10:13:26,314 | App.naive_bayes | INFO | Posterior calculation completed
2025-07-23 10:13:26,314 | App.naive_bayes | INFO | Prediction result: Salty
2025-07-23 10:13:26,314 | App.model | INFO | Calculating target value ratios
2025-07-23 10:13:26,314 | App.naive_bayes | INFO | Making prediction...
2025-07-23 10:13:26,314 | App.naive_bayes | INFO | Calculating posteriors...
2025-07-23 10:13:26,314 | App.naive_bayes | INFO | Posterior calculation completed
2025-07-23 10:13:26,314 | App.naive_bayes | INFO | Prediction result: Salty
2025-07-23 10:13:26,314 | App.model | INFO | Calculating target value ratios
2025-07-23 10:13:26,315 | App.naive_bayes | INFO | Making prediction...
2025-07-23 10:13:26,315 | App.naive_bayes | INFO | Calculating posteriors...
2025-07-23 10:13:26,315 | App.naive_bayes | INFO | Posterior calculation completed
2025-07-23 10:13:26,315 | App.naive_bayes | INFO | Prediction result: Sour
2025-07-23 10:13:26,315 | App.model | INFO | Calculating target value ratios
2025-07-23 10:13:26,316 | App.naive_bayes | INFO | Making prediction...
2025-07-23 10:13:26,316 | App.naive_bayes | INFO | Calculating posteriors...
2025-07-23 10:13:26,316 | App.naive_bayes | INFO | Posterior calculation completed
2025-07-23 10:13:26,316 | App.naive_bayes | INFO | Prediction result: Sweet
2025-07-23 10:13:26,316 | App.model | INFO | Calculating target value ratios
2025-07-23 10:13:26,316 | App.naive_bayes | INFO | Making prediction...
2025-07-23 10:13:26,316 | App.naive_bayes | INFO | Calculating posteriors...
2025-07-23 10:13:26,316 | App.naive_bayes | INFO | Posterior calculation completed
2025-07-23 10:13:26,316 | App.naive_bayes | INFO | Prediction result: Sweet
2025-07-23 10:13:26,316 | App.model | INFO | Calculating target value ratios
2025-07-23 10:13:26,317 | App.naive_bayes | INFO | Making prediction...
2025-07-23 10:13:26,317 | App.naive_bayes | INFO | Calculating posteriors...
2025-07-23 10:13:26,317 | App.naive_bayes | INFO | Posterior calculation completed
2025-07-23 10:13:26,317 | App.naive_bayes | INFO | Prediction result: Sweet
2025-07-23 10:13:26,317 | App.model | INFO | Calculating target value ratios
2025-07-23 10:13:26,317 | App.naive_bayes | INFO | Making prediction...
2025-07-23 10:13:26,318 | App.naive_bayes | INFO | Calculating posteriors...
2025-07-23 10:13:26,318 | App.naive_bayes | INFO | Posterior calculation completed
2025-07-23 10:13:26,318 | App.naive_bayes | INFO | Prediction result: Sour
2025-07-23 10:13:26,318 | App.model | INFO | Calculating target value ratios
2025-07-23 10:13:26,318 | App.naive_bayes | INFO | Making prediction...
2025-07-23 10:13:26,318 | App.naive_bayes | INFO | Calculating posteriors...
2025-07-23 10:13:26,318 | App.naive_bayes | INFO | Posterior calculation completed
2025-07-23 10:13:26,319 | App.naive_bayes | INFO | Prediction result: Sweet
2025-07-23 10:13:26,319 | App.model | INFO | Calculating target value ratios
2025-07-23 10:13:26,319 | App.naive_bayes | INFO | Making prediction...
2025-07-23 10:13:26,319 | App.naive_bayes | INFO | Calculating posteriors...
2025-07-23 10:13:26,319 | App.naive_bayes | INFO | Posterior calculation completed
2025-07-23 10:13:26,319 | App.naive_bayes | INFO | Prediction result: Sweet
2025-07-23 10:13:26,319 | App.model | INFO | Calculating target value ratios
2025-07-23 10:13:26,320 | App.naive_bayes | INFO | Making prediction...
2025-07-23 10:13:26,320 | App.naive_bayes | INFO | Calculating posteriors...
2025-07-23 10:13:26,320 | App.naive_bayes | INFO | Posterior calculation completed
2025-07-23 10:13:26,320 | App.naive_bayes | INFO | Prediction result: Sweet
2025-07-23 10:13:26,320 | App.model | INFO | Calculating target value ratios
2025-07-23 10:13:26,320 | App.naive_bayes | INFO | Making prediction...
2025-07-23 10:13:26,320 | App.naive_bayes | INFO | Calculating posteriors...
2025-07-23 10:13:26,320 | App.naive_bayes | INFO | Posterior calculation completed
2025-07-23 10:13:26,320 | App.naive_bayes | INFO | Prediction result: Salty
2025-07-23 10:13:26,320 | App.model | INFO | Calculating target value ratios
2025-07-23 10:13:26,321 | App.naive_bayes | INFO | Making prediction...
2025-07-23 10:13:26,321 | App.naive_bayes | INFO | Calculating posteriors...
2025-07-23 10:13:26,321 | App.naive_bayes | INFO | Posterior calculation completed
2025-07-23 10:13:26,321 | App.naive_bayes | INFO | Prediction result: Sweet
2025-07-23 10:13:26,321 | App.model | INFO | Calculating target value ratios
2025-07-23 10:13:26,322 | App.naive_bayes | INFO | Making prediction...
2025-07-23 10:13:26,322 | App.naive_bayes | INFO | Calculating posteriors...
2025-07-23 10:13:26,322 | App.naive_bayes | INFO | Posterior calculation completed
2025-07-23 10:13:26,322 | App.naive_bayes | INFO | Prediction result: Sweet
2025-07-23 10:13:26,322 | App.model | INFO | Calculating target value ratios
2025-07-23 10:13:26,322 | App.naive_bayes | INFO | Making prediction...
2025-07-23 10:13:26,322 | App.naive_bayes | INFO | Calculating posteriors...
2025-07-23 10:13:26,322 | App.naive_bayes | INFO | Posterior calculation completed
2025-07-23 10:13:26,322 | App.naive_bayes | INFO | Prediction result: Sweet
2025-07-23 10:13:26,322 | App.model | INFO | Calculating target value ratios
2025-07-23 10:13:26,323 | App.naive_bayes | INFO | Making prediction...
2025-07-23 10:13:26,323 | App.naive_bayes | INFO | Calculating posteriors...
2025-07-23 10:13:26,323 | App.naive_bayes | INFO | Posterior calculation completed
2025-07-23 10:13:26,323 | App.naive_bayes | INFO | Prediction result: Sweet
2025-07-23 10:13:26,323 | App.model | INFO | Calculating target value ratios
2025-07-23 10:13:26,323 | App.naive_bayes | INFO | Making prediction...
2025-07-23 10:13:26,323 | App.naive_bayes | INFO | Calculating posteriors...
2025-07-23 10:13:26,324 | App.naive_bayes | INFO | Posterior calculation completed
2025-07-23 10:13:26,324 | App.naive_bayes | INFO | Prediction result: Sweet
2025-07-23 10:13:26,324 | App.model | INFO | Calculating target value ratios
2025-07-23 10:13:26,324 | App.naive_bayes | INFO | Making prediction...
2025-07-23 10:13:26,324 | App.naive_bayes | INFO | Calculating posteriors...
2025-07-23 10:13:26,324 | App.naive_bayes | INFO | Posterior calculation completed
2025-07-23 10:13:26,324 | App.naive_bayes | INFO | Prediction result: Salty
2025-07-23 10:13:26,324 | App.model | INFO | Calculating target value ratios
2025-07-23 10:13:26,325 | App.naive_bayes | INFO | Making prediction...
2025-07-23 10:13:26,325 | App.naive_bayes | INFO | Calculating posteriors...
2025-07-23 10:13:26,325 | App.naive_bayes | INFO | Posterior calculation completed
2025-07-23 10:13:26,325 | App.naive_bayes | INFO | Prediction result: Sour
2025-07-23 10:13:26,325 | App.model | INFO | Calculating target value ratios
2025-07-23 10:13:26,326 | App.naive_bayes | INFO | Making prediction...
2025-07-23 10:13:26,326 | App.naive_bayes | INFO | Calculating posteriors...
2025-07-23 10:13:26,326 | App.naive_bayes | INFO | Posterior calculation completed
2025-07-23 10:13:26,326 | App.naive_bayes | INFO | Prediction result: Sweet
2025-07-23 10:13:26,326 | App.model | INFO | Calculating target value ratios
2025-07-23 10:13:26,326 | App.naive_bayes | INFO | Making prediction...
2025-07-23 10:13:26,326 | App.naive_bayes | INFO | Calculating posteriors...
2025-07-23 10:13:26,326 | App.naive_bayes | INFO | Posterior calculation completed
2025-07-23 10:13:26,326 | App.naive_bayes | INFO | Prediction result: Sweet
2025-07-23 10:13:26,326 | App.model | INFO | Calculating target value ratios
2025-07-23 10:13:26,327 | App.naive_bayes | INFO | Making prediction...
2025-07-23 10:13:26,327 | App.naive_bayes | INFO | Calculating posteriors...
2025-07-23 10:13:26,327 | App.naive_bayes | INFO | Posterior calculation completed
2025-07-23 10:13:26,327 | App.naive_bayes | INFO | Prediction result: Sweet
2025-07-23 10:13:26,327 | App.model | INFO | Calculating target value ratios
2025-07-23 10:13:26,327 | App.naive_bayes | INFO | Making prediction...
2025-07-23 10:13:26,327 | App.naive_bayes | INFO | Calculating posteriors...
2025-07-23 10:13:26,328 | App.naive_bayes | INFO | Posterior calculation completed
2025-07-23 10:13:26,328 | App.naive_bayes | INFO | Prediction result: Sweet
2025-07-23 10:13:26,328 | App.model | INFO | Calculating target value ratios
2025-07-23 10:13:26,328 | App.naive_bayes | INFO | Making prediction...
2025-07-23 10:13:26,328 | App.naive_bayes | INFO | Calculating posteriors...
2025-07-23 10:13:26,328 | App.naive_bayes | INFO | Posterior calculation completed
2025-07-23 10:13:26,328 | App.naive_bayes | INFO | Prediction result: Sweet
2025-07-23 10:13:26,328 | App.model | INFO | Calculating target value ratios
2025-07-23 10:13:26,329 | App.naive_bayes | INFO | Making prediction...
2025-07-23 10:13:26,329 | App.naive_bayes | INFO | Calculating posteriors...
2025-07-23 10:13:26,329 | App.naive_bayes | INFO | Posterior calculation completed
2025-07-23 10:13:26,329 | App.naive_bayes | INFO | Prediction result: Sweet
2025-07-23 10:13:26,329 | App.model | INFO | Calculating target value ratios
2025-07-23 10:13:26,329 | App.naive_bayes | INFO | Making prediction...
2025-07-23 10:13:26,329 | App.naive_bayes | INFO | Calculating posteriors...
2025-07-23 10:13:26,329 | App.naive_bayes | INFO | Posterior calculation completed
2025-07-23 10:13:26,329 | App.naive_bayes | INFO | Prediction result: Sour
2025-07-23 10:13:26,330 | App.model | INFO | Calculating target value ratios
2025-07-23 10:13:26,330 | App.naive_bayes | INFO | Making prediction...
2025-07-23 10:13:26,330 | App.naive_bayes | INFO | Calculating posteriors...
2025-07-23 10:13:26,330 | App.naive_bayes | INFO | Posterior calculation completed
2025-07-23 10:13:26,330 | App.naive_bayes | INFO | Prediction result: Sweet
2025-07-23 10:13:26,330 | App.model | INFO | Calculating target value ratios
2025-07-23 10:13:26,331 | App.naive_bayes | INFO | Making prediction...
2025-07-23 10:13:26,331 | App.naive_bayes | INFO | Calculating posteriors...
2025-07-23 10:13:26,331 | App.naive_bayes | INFO | Posterior calculation completed
2025-07-23 10:13:26,331 | App.naive_bayes | INFO | Prediction result: Sweet
2025-07-23 10:13:26,331 | App.model | INFO | Calculating target value ratios
2025-07-23 10:13:26,331 | App.naive_bayes | INFO | Making prediction...
2025-07-23 10:13:26,331 | App.naive_bayes | INFO | Calculating posteriors...
2025-07-23 10:13:26,332 | App.naive_bayes | INFO | Posterior calculation completed
2025-07-23 10:13:26,332 | App.naive_bayes | INFO | Prediction result: Sweet
2025-07-23 10:13:26,332 | App.model | INFO | Calculating target value ratios
2025-07-23 10:13:26,332 | App.naive_bayes | INFO | Making prediction...
2025-07-23 10:13:26,332 | App.naive_bayes | INFO | Calculating posteriors...
2025-07-23 10:13:26,332 | App.naive_bayes | INFO | Posterior calculation completed
2025-07-23 10:13:26,332 | App.naive_bayes | INFO | Prediction result: Sour
2025-07-23 10:13:26,333 | App.model | INFO | Calculating target value ratios
2025-07-23 10:13:26,333 | App.naive_bayes | INFO | Making prediction...
2025-07-23 10:13:26,333 | App.naive_bayes | INFO | Calculating posteriors...
2025-07-23 10:13:26,333 | App.naive_bayes | INFO | Posterior calculation completed
2025-07-23 10:13:26,333 | App.naive_bayes | INFO | Prediction result: Salty
2025-07-23 10:13:26,333 | App.model | INFO | Calculating target value ratios
2025-07-23 10:13:26,334 | App.naive_bayes | INFO | Making prediction...
2025-07-23 10:13:26,334 | App.naive_bayes | INFO | Calculating posteriors...
2025-07-23 10:13:26,334 | App.naive_bayes | INFO | Posterior calculation completed
2025-07-23 10:13:26,334 | App.naive_bayes | INFO | Prediction result: Sweet
2025-07-23 10:13:26,334 | App.model | INFO | Calculating target value ratios
2025-07-23 10:13:26,334 | App.naive_bayes | INFO | Making prediction...
2025-07-23 10:13:26,334 | App.naive_bayes | INFO | Calculating posteriors...
2025-07-23 10:13:26,334 | App.naive_bayes | INFO | Posterior calculation completed
2025-07-23 10:13:26,334 | App.naive_bayes | INFO | Prediction result: Sour
2025-07-23 10:13:26,334 | App.model | INFO | Calculating target value ratios
2025-07-23 10:13:26,335 | App.naive_bayes | INFO | Making prediction...
2025-07-23 10:13:26,335 | App.naive_bayes | INFO | Calculating posteriors...
2025-07-23 10:13:26,335 | App.naive_bayes | INFO | Posterior calculation completed
2025-07-23 10:13:26,335 | App.naive_bayes | INFO | Prediction result: Sweet
2025-07-23 10:13:26,335 | App.model | INFO | Calculating target value ratios
2025-07-23 10:13:26,335 | App.naive_bayes | INFO | Making prediction...
2025-07-23 10:13:26,336 | App.naive_bayes | INFO | Calculating posteriors...
2025-07-23 10:13:26,336 | App.naive_bayes | INFO | Posterior calculation completed
2025-07-23 10:13:26,336 | App.naive_bayes | INFO | Prediction result: Salty
2025-07-23 10:13:26,336 | App.model | INFO | Calculating target value ratios
2025-07-23 10:13:26,336 | App.naive_bayes | INFO | Making prediction...
2025-07-23 10:13:26,336 | App.naive_bayes | INFO | Calculating posteriors...
2025-07-23 10:13:26,336 | App.naive_bayes | INFO | Posterior calculation completed
2025-07-23 10:13:26,336 | App.naive_bayes | INFO | Prediction result: Salty
2025-07-23 10:13:26,336 | App.model | INFO | Calculating target value ratios
2025-07-23 10:13:26,337 | App.naive_bayes | INFO | Making prediction...
2025-07-23 10:13:26,337 | App.naive_bayes | INFO | Calculating posteriors...
2025-07-23 10:13:26,337 | App.naive_bayes | INFO | Posterior calculation completed
2025-07-23 10:13:26,337 | App.naive_bayes | INFO | Prediction result: Sour
2025-07-23 10:13:26,337 | App.model | INFO | Calculating target value ratios
2025-07-23 10:13:26,337 | App.naive_bayes | INFO | Making prediction...
2025-07-23 10:13:26,337 | App.naive_bayes | INFO | Calculating posteriors...
2025-07-23 10:13:26,338 | App.naive_bayes | INFO | Posterior calculation completed
2025-07-23 10:13:26,338 | App.naive_bayes | INFO | Prediction result: Sweet
2025-07-23 10:13:26,338 | App.model | INFO | Calculating target value ratios
2025-07-23 10:13:26,338 | App.naive_bayes | INFO | Making prediction...
2025-07-23 10:13:26,338 | App.naive_bayes | INFO | Calculating posteriors...
2025-07-23 10:13:26,338 | App.naive_bayes | INFO | Posterior calculation completed
2025-07-23 10:13:26,338 | App.naive_bayes | INFO | Prediction result: Sweet
2025-07-23 10:13:26,338 | App.model | INFO | Calculating target value ratios
2025-07-23 10:13:26,339 | App.naive_bayes | INFO | Making prediction...
2025-07-23 10:13:26,339 | App.naive_bayes | INFO | Calculating posteriors...
2025-07-23 10:13:26,339 | App.naive_bayes | INFO | Posterior calculation completed
2025-07-23 10:13:26,339 | App.naive_bayes | INFO | Prediction result: Sweet
2025-07-23 10:13:26,339 | App.model | INFO | Calculating target value ratios
2025-07-23 10:13:26,340 | App.naive_bayes | INFO | Making prediction...
2025-07-23 10:13:26,340 | App.naive_bayes | INFO | Calculating posteriors...
2025-07-23 10:13:26,340 | App.naive_bayes | INFO | Posterior calculation completed
2025-07-23 10:13:26,340 | App.naive_bayes | INFO | Prediction result: Sour
2025-07-23 10:13:26,340 | App.model | INFO | Calculating target value ratios
2025-07-23 10:13:26,340 | App.naive_bayes | INFO | Making prediction...
2025-07-23 10:13:26,340 | App.naive_bayes | INFO | Calculating posteriors...
2025-07-23 10:13:26,340 | App.naive_bayes | INFO | Posterior calculation completed
2025-07-23 10:13:26,340 | App.naive_bayes | INFO | Prediction result: Sweet
2025-07-23 10:13:26,341 | App.model | INFO | Calculating target value ratios
2025-07-23 10:13:26,341 | App.naive_bayes | INFO | Making prediction...
2025-07-23 10:13:26,341 | App.naive_bayes | INFO | Calculating posteriors...
2025-07-23 10:13:26,341 | App.naive_bayes | INFO | Posterior calculation completed
2025-07-23 10:13:26,341 | App.naive_bayes | INFO | Prediction result: Sour
2025-07-23 10:13:26,341 | App.model | INFO | Calculating target value ratios
2025-07-23 10:13:26,342 | App.naive_bayes | INFO | Making prediction...
2025-07-23 10:13:26,342 | App.naive_bayes | INFO | Calculating posteriors...
2025-07-23 10:13:26,342 | App.naive_bayes | INFO | Posterior calculation completed
2025-07-23 10:13:26,342 | App.naive_bayes | INFO | Prediction result: Salty
2025-07-23 10:13:26,342 | App.model | INFO | Calculating target value ratios
2025-07-23 10:13:26,342 | App.naive_bayes | INFO | Making prediction...
2025-07-23 10:13:26,342 | App.naive_bayes | INFO | Calculating posteriors...
2025-07-23 10:13:26,342 | App.naive_bayes | INFO | Posterior calculation completed
2025-07-23 10:13:26,342 | App.naive_bayes | INFO | Prediction result: Salty
2025-07-23 10:13:26,343 | App.model | INFO | Calculating target value ratios
2025-07-23 10:13:26,343 | App.naive_bayes | INFO | Making prediction...
2025-07-23 10:13:26,343 | App.naive_bayes | INFO | Calculating posteriors...
2025-07-23 10:13:26,343 | App.naive_bayes | INFO | Posterior calculation completed
2025-07-23 10:13:26,343 | App.naive_bayes | INFO | Prediction result: Sweet
2025-07-23 10:13:26,343 | App.model | INFO | Calculating target value ratios
2025-07-23 10:13:26,344 | App.naive_bayes | INFO | Making prediction...
2025-07-23 10:13:26,344 | App.naive_bayes | INFO | Calculating posteriors...
2025-07-23 10:13:26,344 | App.naive_bayes | INFO | Posterior calculation completed
2025-07-23 10:13:26,344 | App.naive_bayes | INFO | Prediction result: Sweet
2025-07-23 10:13:26,344 | App.model | INFO | Calculating target value ratios
2025-07-23 10:13:26,344 | App.naive_bayes | INFO | Making prediction...
2025-07-23 10:13:26,344 | App.naive_bayes | INFO | Calculating posteriors...
2025-07-23 10:13:26,344 | App.naive_bayes | INFO | Posterior calculation completed
2025-07-23 10:13:26,344 | App.naive_bayes | INFO | Prediction result: Sweet
2025-07-23 10:13:26,344 | App.model | INFO | Calculating target value ratios
2025-07-23 10:13:26,345 | App.naive_bayes | INFO | Making prediction...
2025-07-23 10:13:26,345 | App.naive_bayes | INFO | Calculating posteriors...
2025-07-23 10:13:26,345 | App.naive_bayes | INFO | Posterior calculation completed
2025-07-23 10:13:26,345 | App.naive_bayes | INFO | Prediction result: Salty
2025-07-23 10:13:26,345 | App.model | INFO | Calculating target value ratios
2025-07-23 10:13:26,346 | App.naive_bayes | INFO | Making prediction...
2025-07-23 10:13:26,346 | App.naive_bayes | INFO | Calculating posteriors...
2025-07-23 10:13:26,346 | App.naive_bayes | INFO | Posterior calculation completed
2025-07-23 10:13:26,346 | App.naive_bayes | INFO | Prediction result: Sweet
2025-07-23 10:13:26,346 | App.model | INFO | Calculating target value ratios
2025-07-23 10:13:26,347 | App.naive_bayes | INFO | Making prediction...
2025-07-23 10:13:26,347 | App.naive_bayes | INFO | Calculating posteriors...
2025-07-23 10:13:26,347 | App.naive_bayes | INFO | Posterior calculation completed
2025-07-23 10:13:26,347 | App.naive_bayes | INFO | Prediction result: Sweet
2025-07-23 10:13:26,347 | App.model | INFO | Calculating target value ratios
2025-07-23 10:13:26,347 | App.naive_bayes | INFO | Making prediction...
2025-07-23 10:13:26,347 | App.naive_bayes | INFO | Calculating posteriors...
2025-07-23 10:13:26,347 | App.naive_bayes | INFO | Posterior calculation completed
2025-07-23 10:13:26,348 | App.naive_bayes | INFO | Prediction result: Sour
2025-07-23 10:13:26,348 | App.model | INFO | Calculating target value ratios
2025-07-23 10:13:26,348 | App.naive_bayes | INFO | Making prediction...
2025-07-23 10:13:26,348 | App.naive_bayes | INFO | Calculating posteriors...
2025-07-23 10:13:26,348 | App.naive_bayes | INFO | Posterior calculation completed
2025-07-23 10:13:26,348 | App.naive_bayes | INFO | Prediction result: Sweet
2025-07-23 10:13:26,348 | App.model | INFO | Calculating target value ratios
2025-07-23 10:13:26,349 | App.naive_bayes | INFO | Making prediction...
2025-07-23 10:13:26,349 | App.naive_bayes | INFO | Calculating posteriors...
2025-07-23 10:13:26,349 | App.naive_bayes | INFO | Posterior calculation completed
2025-07-23 10:13:26,349 | App.naive_bayes | INFO | Prediction result: Sweet
2025-07-23 10:13:26,349 | App.model | INFO | Calculating target value ratios
2025-07-23 10:13:26,349 | App.naive_bayes | INFO | Making prediction...
2025-07-23 10:13:26,349 | App.naive_bayes | INFO | Calculating posteriors...
2025-07-23 10:13:26,349 | App.naive_bayes | INFO | Posterior calculation completed
2025-07-23 10:13:26,349 | App.naive_bayes | INFO | Prediction result: Sweet
2025-07-23 10:13:26,349 | App.model | INFO | Calculating target value ratios
2025-07-23 10:13:26,350 | App.naive_bayes | INFO | Making prediction...
2025-07-23 10:13:26,350 | App.naive_bayes | INFO | Calculating posteriors...
2025-07-23 10:13:26,350 | App.naive_bayes | INFO | Posterior calculation completed
2025-07-23 10:13:26,350 | App.naive_bayes | INFO | Prediction result: Salty
2025-07-23 10:13:26,350 | App.model | INFO | Calculating target value ratios
2025-07-23 10:13:26,350 | App.naive_bayes | INFO | Making prediction...
2025-07-23 10:13:26,351 | App.naive_bayes | INFO | Calculating posteriors...
2025-07-23 10:13:26,351 | App.naive_bayes | INFO | Posterior calculation completed
2025-07-23 10:13:26,351 | App.naive_bayes | INFO | Prediction result: Sweet
2025-07-23 10:13:26,351 | App.model | INFO | Calculating target value ratios
2025-07-23 10:13:26,351 | App.naive_bayes | INFO | Making prediction...
2025-07-23 10:13:26,351 | App.naive_bayes | INFO | Calculating posteriors...
2025-07-23 10:13:26,351 | App.naive_bayes | INFO | Posterior calculation completed
2025-07-23 10:13:26,351 | App.naive_bayes | INFO | Prediction result: Sour
2025-07-23 10:13:26,351 | App.model | INFO | Calculating target value ratios
2025-07-23 10:13:26,352 | App.naive_bayes | INFO | Making prediction...
2025-07-23 10:13:26,352 | App.naive_bayes | INFO | Calculating posteriors...
2025-07-23 10:13:26,352 | App.naive_bayes | INFO | Posterior calculation completed
2025-07-23 10:13:26,352 | App.naive_bayes | INFO | Prediction result: Salty
2025-07-23 10:13:26,352 | App.model | INFO | Calculating target value ratios
2025-07-23 10:13:26,352 | App.naive_bayes | INFO | Making prediction...
2025-07-23 10:13:26,352 | App.naive_bayes | INFO | Calculating posteriors...
2025-07-23 10:13:26,352 | App.naive_bayes | INFO | Posterior calculation completed
2025-07-23 10:13:26,352 | App.naive_bayes | INFO | Prediction result: Sour
2025-07-23 10:13:26,353 | App.model | INFO | Calculating target value ratios
2025-07-23 10:13:26,353 | App.naive_bayes | INFO | Making prediction...
2025-07-23 10:13:26,353 | App.naive_bayes | INFO | Calculating posteriors...
2025-07-23 10:13:26,353 | App.naive_bayes | INFO | Posterior calculation completed
2025-07-23 10:13:26,353 | App.naive_bayes | INFO | Prediction result: Sour
2025-07-23 10:13:26,353 | App.model | INFO | Calculating target value ratios
2025-07-23 10:13:26,354 | App.naive_bayes | INFO | Making prediction...
2025-07-23 10:13:26,354 | App.naive_bayes | INFO | Calculating posteriors...
2025-07-23 10:13:26,354 | App.naive_bayes | INFO | Posterior calculation completed
2025-07-23 10:13:26,354 | App.naive_bayes | INFO | Prediction result: Sweet
2025-07-23 10:13:26,354 | App.model | INFO | Calculating target value ratios
2025-07-23 10:13:26,354 | App.naive_bayes | INFO | Making prediction...
2025-07-23 10:13:26,354 | App.naive_bayes | INFO | Calculating posteriors...
2025-07-23 10:13:26,354 | App.naive_bayes | INFO | Posterior calculation completed
2025-07-23 10:13:26,354 | App.naive_bayes | INFO | Prediction result: Sour
2025-07-23 10:13:26,354 | App.model | INFO | Calculating target value ratios
2025-07-23 10:13:26,355 | App.naive_bayes | INFO | Making prediction...
2025-07-23 10:13:26,355 | App.naive_bayes | INFO | Calculating posteriors...
2025-07-23 10:13:26,355 | App.naive_bayes | INFO | Posterior calculation completed
2025-07-23 10:13:26,355 | App.naive_bayes | INFO | Prediction result: Salty
2025-07-23 10:13:26,355 | App.model | INFO | Calculating target value ratios
2025-07-23 10:13:26,356 | App.naive_bayes | INFO | Making prediction...
2025-07-23 10:13:26,356 | App.naive_bayes | INFO | Calculating posteriors...
2025-07-23 10:13:26,356 | App.naive_bayes | INFO | Posterior calculation completed
2025-07-23 10:13:26,356 | App.naive_bayes | INFO | Prediction result: Sweet
2025-07-23 10:13:26,356 | App.model | INFO | Calculating target value ratios
2025-07-23 10:13:26,356 | App.naive_bayes | INFO | Making prediction...
2025-07-23 10:13:26,356 | App.naive_bayes | INFO | Calculating posteriors...
2025-07-23 10:13:26,356 | App.naive_bayes | INFO | Posterior calculation completed
2025-07-23 10:13:26,356 | App.naive_bayes | INFO | Prediction result: Sweet
2025-07-23 10:13:26,356 | App.model | INFO | Calculating target value ratios
2025-07-23 10:13:26,357 | App.naive_bayes | INFO | Making prediction...
2025-07-23 10:13:26,357 | App.naive_bayes | INFO | Calculating posteriors...
2025-07-23 10:13:26,357 | App.naive_bayes | INFO | Posterior calculation completed
2025-07-23 10:13:26,357 | App.naive_bayes | INFO | Prediction result: Sweet
2025-07-23 10:13:26,357 | App.model | INFO | Calculating target value ratios
2025-07-23 10:13:26,357 | App.naive_bayes | INFO | Making prediction...
2025-07-23 10:13:26,357 | App.naive_bayes | INFO | Calculating posteriors...
2025-07-23 10:13:26,357 | App.naive_bayes | INFO | Posterior calculation completed
2025-07-23 10:13:26,358 | App.naive_bayes | INFO | Prediction result: Sour
2025-07-23 10:13:26,358 | App.model | INFO | Calculating target value ratios
2025-07-23 10:13:26,358 | App.naive_bayes | INFO | Making prediction...
2025-07-23 10:13:26,358 | App.naive_bayes | INFO | Calculating posteriors...
2025-07-23 10:13:26,358 | App.naive_bayes | INFO | Posterior calculation completed
2025-07-23 10:13:26,358 | App.naive_bayes | INFO | Prediction result: Sweet
2025-07-23 10:13:26,358 | App.model | INFO | Calculating target value ratios
2025-07-23 10:13:26,359 | App.naive_bayes | INFO | Making prediction...
2025-07-23 10:13:26,359 | App.naive_bayes | INFO | Calculating posteriors...
2025-07-23 10:13:26,359 | App.naive_bayes | INFO | Posterior calculation completed
2025-07-23 10:13:26,359 | App.naive_bayes | INFO | Prediction result: Sweet
2025-07-23 10:13:26,359 | App.model | INFO | Calculating target value ratios
2025-07-23 10:13:26,359 | App.naive_bayes | INFO | Making prediction...
2025-07-23 10:13:26,359 | App.naive_bayes | INFO | Calculating posteriors...
2025-07-23 10:13:26,359 | App.naive_bayes | INFO | Posterior calculation completed
2025-07-23 10:13:26,359 | App.naive_bayes | INFO | Prediction result: Sour
2025-07-23 10:13:26,359 | App.model | INFO | Calculating target value ratios
2025-07-23 10:13:26,360 | App.naive_bayes | INFO | Making prediction...
2025-07-23 10:13:26,360 | App.naive_bayes | INFO | Calculating posteriors...
2025-07-23 10:13:26,360 | App.naive_bayes | INFO | Posterior calculation completed
2025-07-23 10:13:26,360 | App.naive_bayes | INFO | Prediction result: Salty
2025-07-23 10:13:26,360 | App.model | INFO | Calculating target value ratios
2025-07-23 10:13:26,361 | App.naive_bayes | INFO | Making prediction...
2025-07-23 10:13:26,361 | App.naive_bayes | INFO | Calculating posteriors...
2025-07-23 10:13:26,361 | App.naive_bayes | INFO | Posterior calculation completed
2025-07-23 10:13:26,361 | App.naive_bayes | INFO | Prediction result: Sweet
2025-07-23 10:13:26,361 | App.model | INFO | Calculating target value ratios
2025-07-23 10:13:26,361 | App.naive_bayes | INFO | Making prediction...
2025-07-23 10:13:26,361 | App.naive_bayes | INFO | Calculating posteriors...
2025-07-23 10:13:26,361 | App.naive_bayes | INFO | Posterior calculation completed
2025-07-23 10:13:26,361 | App.naive_bayes | INFO | Prediction result: Sour
2025-07-23 10:13:26,361 | App.model | INFO | Calculating target value ratios
2025-07-23 10:13:26,362 | App.naive_bayes | INFO | Making prediction...
2025-07-23 10:13:26,362 | App.naive_bayes | INFO | Calculating posteriors...
2025-07-23 10:13:26,362 | App.naive_bayes | INFO | Posterior calculation completed
2025-07-23 10:13:26,362 | App.naive_bayes | INFO | Prediction result: Sour
2025-07-23 10:13:26,362 | App.model | INFO | Calculating target value ratios
2025-07-23 10:13:26,362 | App.naive_bayes | INFO | Making prediction...
2025-07-23 10:13:26,363 | App.naive_bayes | INFO | Calculating posteriors...
2025-07-23 10:13:26,363 | App.naive_bayes | INFO | Posterior calculation completed
2025-07-23 10:13:26,363 | App.naive_bayes | INFO | Prediction result: Sour
2025-07-23 10:13:26,363 | App.model | INFO | Calculating target value ratios
2025-07-23 10:13:26,363 | App.naive_bayes | INFO | Making prediction...
2025-07-23 10:13:26,363 | App.naive_bayes | INFO | Calculating posteriors...
2025-07-23 10:13:26,363 | App.naive_bayes | INFO | Posterior calculation completed
2025-07-23 10:13:26,363 | App.naive_bayes | INFO | Prediction result: Sweet
2025-07-23 10:13:26,363 | App.model | INFO | Calculating target value ratios
2025-07-23 10:13:26,364 | App.naive_bayes | INFO | Making prediction...
2025-07-23 10:13:26,364 | App.naive_bayes | INFO | Calculating posteriors...
2025-07-23 10:13:26,364 | App.naive_bayes | INFO | Posterior calculation completed
2025-07-23 10:13:26,364 | App.naive_bayes | INFO | Prediction result: Sour
2025-07-23 10:13:26,364 | App.model | INFO | Calculating target value ratios
2025-07-23 10:13:26,364 | App.naive_bayes | INFO | Making prediction...
2025-07-23 10:13:26,365 | App.naive_bayes | INFO | Calculating posteriors...
2025-07-23 10:13:26,365 | App.naive_bayes | INFO | Posterior calculation completed
2025-07-23 10:13:26,365 | App.naive_bayes | INFO | Prediction result: Sweet
2025-07-23 10:13:26,365 | App.model | INFO | Calculating target value ratios
2025-07-23 10:13:26,365 | App.naive_bayes | INFO | Making prediction...
2025-07-23 10:13:26,365 | App.naive_bayes | INFO | Calculating posteriors...
2025-07-23 10:13:26,365 | App.naive_bayes | INFO | Posterior calculation completed
2025-07-23 10:13:26,365 | App.naive_bayes | INFO | Prediction result: Sour
2025-07-23 10:13:26,365 | App.model | INFO | Calculating target value ratios
2025-07-23 10:13:26,366 | App.naive_bayes | INFO | Making prediction...
2025-07-23 10:13:26,366 | App.naive_bayes | INFO | Calculating posteriors...
2025-07-23 10:13:26,366 | App.naive_bayes | INFO | Posterior calculation completed
2025-07-23 10:13:26,366 | App.naive_bayes | INFO | Prediction result: Sweet
2025-07-23 10:13:26,366 | App.model | INFO | Calculating target value ratios
2025-07-23 10:13:26,366 | App.naive_bayes | INFO | Making prediction...
2025-07-23 10:13:26,366 | App.naive_bayes | INFO | Calculating posteriors...
2025-07-23 10:13:26,366 | App.naive_bayes | INFO | Posterior calculation completed
2025-07-23 10:13:26,366 | App.naive_bayes | INFO | Prediction result: Sweet
2025-07-23 10:13:26,367 | App.model | INFO | Calculating target value ratios
2025-07-23 10:13:26,367 | App.naive_bayes | INFO | Making prediction...
2025-07-23 10:13:26,367 | App.naive_bayes | INFO | Calculating posteriors...
2025-07-23 10:13:26,367 | App.naive_bayes | INFO | Posterior calculation completed
2025-07-23 10:13:26,367 | App.naive_bayes | INFO | Prediction result: Sweet
2025-07-23 10:13:26,367 | App.model | INFO | Calculating target value ratios
2025-07-23 10:13:26,368 | App.naive_bayes | INFO | Making prediction...
2025-07-23 10:13:26,368 | App.naive_bayes | INFO | Calculating posteriors...
2025-07-23 10:13:26,368 | App.naive_bayes | INFO | Posterior calculation completed
2025-07-23 10:13:26,368 | App.naive_bayes | INFO | Prediction result: Sour
2025-07-23 10:13:26,368 | App.model | INFO | Calculating target value ratios
2025-07-23 10:13:26,368 | App.naive_bayes | INFO | Making prediction...
2025-07-23 10:13:26,368 | App.naive_bayes | INFO | Calculating posteriors...
2025-07-23 10:13:26,368 | App.naive_bayes | INFO | Posterior calculation completed
2025-07-23 10:13:26,368 | App.naive_bayes | INFO | Prediction result: Sweet
2025-07-23 10:13:26,368 | App.model | INFO | Calculating target value ratios
2025-07-23 10:13:26,369 | App.naive_bayes | INFO | Making prediction...
2025-07-23 10:13:26,369 | App.naive_bayes | INFO | Calculating posteriors...
2025-07-23 10:13:26,369 | App.naive_bayes | INFO | Posterior calculation completed
2025-07-23 10:13:26,369 | App.naive_bayes | INFO | Prediction result: Sour
2025-07-23 10:13:26,369 | App.model | INFO | Calculating target value ratios
2025-07-23 10:13:26,370 | App.naive_bayes | INFO | Making prediction...
2025-07-23 10:13:26,370 | App.naive_bayes | INFO | Calculating posteriors...
2025-07-23 10:13:26,370 | App.naive_bayes | INFO | Posterior calculation completed
2025-07-23 10:13:26,370 | App.naive_bayes | INFO | Prediction result: Sour
2025-07-23 10:13:26,370 | App.model | INFO | Calculating target value ratios
2025-07-23 10:13:26,370 | App.naive_bayes | INFO | Making prediction...
2025-07-23 10:13:26,370 | App.naive_bayes | INFO | Calculating posteriors...
2025-07-23 10:13:26,370 | App.naive_bayes | INFO | Posterior calculation completed
2025-07-23 10:13:26,370 | App.naive_bayes | INFO | Prediction result: Sweet
2025-07-23 10:13:26,370 | App.model | INFO | Calculating target value ratios
2025-07-23 10:13:26,371 | App.naive_bayes | INFO | Making prediction...
2025-07-23 10:13:26,371 | App.naive_bayes | INFO | Calculating posteriors...
2025-07-23 10:13:26,371 | App.naive_bayes | INFO | Posterior calculation completed
2025-07-23 10:13:26,371 | App.naive_bayes | INFO | Prediction result: Sweet
2025-07-23 10:13:26,371 | App.model | INFO | Calculating target value ratios
2025-07-23 10:13:26,371 | App.naive_bayes | INFO | Making prediction...
2025-07-23 10:13:26,371 | App.naive_bayes | INFO | Calculating posteriors...
2025-07-23 10:13:26,372 | App.naive_bayes | INFO | Posterior calculation completed
2025-07-23 10:13:26,372 | App.naive_bayes | INFO | Prediction result: Sour
2025-07-23 10:13:26,372 | App.model | INFO | Calculating target value ratios
2025-07-23 10:13:26,372 | App.naive_bayes | INFO | Making prediction...
2025-07-23 10:13:26,372 | App.naive_bayes | INFO | Calculating posteriors...
2025-07-23 10:13:26,372 | App.naive_bayes | INFO | Posterior calculation completed
2025-07-23 10:13:26,372 | App.naive_bayes | INFO | Prediction result: Salty
2025-07-23 10:13:26,372 | App.model | INFO | Calculating target value ratios
2025-07-23 10:13:26,373 | App.naive_bayes | INFO | Making prediction...
2025-07-23 10:13:26,373 | App.naive_bayes | INFO | Calculating posteriors...
2025-07-23 10:13:26,373 | App.naive_bayes | INFO | Posterior calculation completed
2025-07-23 10:13:26,373 | App.naive_bayes | INFO | Prediction result: Sour
2025-07-23 10:13:26,373 | App.model | INFO | Calculating target value ratios
2025-07-23 10:13:26,373 | App.naive_bayes | INFO | Making prediction...
2025-07-23 10:13:26,373 | App.naive_bayes | INFO | Calculating posteriors...
2025-07-23 10:13:26,373 | App.naive_bayes | INFO | Posterior calculation completed
2025-07-23 10:13:26,373 | App.naive_bayes | INFO | Prediction result: Sweet
2025-07-23 10:13:26,373 | App.model | INFO | Calculating target value ratios
2025-07-23 10:13:26,374 | App.naive_bayes | INFO | Making prediction...
2025-07-23 10:13:26,374 | App.naive_bayes | INFO | Calculating posteriors...
2025-07-23 10:13:26,374 | App.naive_bayes | INFO | Posterior calculation completed
2025-07-23 10:13:26,374 | App.naive_bayes | INFO | Prediction result: Salty
2025-07-23 10:13:26,374 | App.model | INFO | Calculating target value ratios
2025-07-23 10:13:26,375 | App.naive_bayes | INFO | Making prediction...
2025-07-23 10:13:26,375 | App.naive_bayes | INFO | Calculating posteriors...
2025-07-23 10:13:26,375 | App.naive_bayes | INFO | Posterior calculation completed
2025-07-23 10:13:26,375 | App.naive_bayes | INFO | Prediction result: Salty
2025-07-23 10:13:26,375 | App.model | INFO | Calculating target value ratios
2025-07-23 10:13:26,375 | App.naive_bayes | INFO | Making prediction...
2025-07-23 10:13:26,375 | App.naive_bayes | INFO | Calculating posteriors...
2025-07-23 10:13:26,376 | App.naive_bayes | INFO | Posterior calculation completed
2025-07-23 10:13:26,376 | App.naive_bayes | INFO | Prediction result: Salty
2025-07-23 10:13:26,376 | App.model | INFO | Calculating target value ratios
2025-07-23 10:13:26,376 | App.naive_bayes | INFO | Making prediction...
2025-07-23 10:13:26,376 | App.naive_bayes | INFO | Calculating posteriors...
2025-07-23 10:13:26,376 | App.naive_bayes | INFO | Posterior calculation completed
2025-07-23 10:13:26,376 | App.naive_bayes | INFO | Prediction result: Sour
2025-07-23 10:13:26,376 | App.model | INFO | Calculating target value ratios
2025-07-23 10:13:26,377 | App.naive_bayes | INFO | Making prediction...
2025-07-23 10:13:26,377 | App.naive_bayes | INFO | Calculating posteriors...
2025-07-23 10:13:26,377 | App.naive_bayes | INFO | Posterior calculation completed
2025-07-23 10:13:26,377 | App.naive_bayes | INFO | Prediction result: Sour
2025-07-23 10:13:26,377 | App.model | INFO | Calculating target value ratios
2025-07-23 10:13:26,377 | App.naive_bayes | INFO | Making prediction...
2025-07-23 10:13:26,378 | App.naive_bayes | INFO | Calculating posteriors...
2025-07-23 10:13:26,378 | App.naive_bayes | INFO | Posterior calculation completed
2025-07-23 10:13:26,378 | App.naive_bayes | INFO | Prediction result: Sour
2025-07-23 10:13:26,378 | App.model | INFO | Calculating target value ratios
2025-07-23 10:13:26,378 | App.naive_bayes | INFO | Making prediction...
2025-07-23 10:13:26,378 | App.naive_bayes | INFO | Calculating posteriors...
2025-07-23 10:13:26,378 | App.naive_bayes | INFO | Posterior calculation completed
2025-07-23 10:13:26,378 | App.naive_bayes | INFO | Prediction result: Salty
2025-07-23 10:13:26,378 | App.model | INFO | Calculating target value ratios
2025-07-23 10:13:26,379 | App.naive_bayes | INFO | Making prediction...
2025-07-23 10:13:26,379 | App.naive_bayes | INFO | Calculating posteriors...
2025-07-23 10:13:26,379 | App.naive_bayes | INFO | Posterior calculation completed
2025-07-23 10:13:26,379 | App.naive_bayes | INFO | Prediction result: Sweet
2025-07-23 10:13:26,379 | App.model | INFO | Calculating target value ratios
2025-07-23 10:13:26,380 | App.naive_bayes | INFO | Making prediction...
2025-07-23 10:13:26,380 | App.naive_bayes | INFO | Calculating posteriors...
2025-07-23 10:13:26,380 | App.naive_bayes | INFO | Posterior calculation completed
2025-07-23 10:13:26,380 | App.naive_bayes | INFO | Prediction result: Sour
2025-07-23 10:13:26,380 | App.model | INFO | Calculating target value ratios
2025-07-23 10:13:26,380 | App.naive_bayes | INFO | Making prediction...
2025-07-23 10:13:26,380 | App.naive_bayes | INFO | Calculating posteriors...
2025-07-23 10:13:26,380 | App.naive_bayes | INFO | Posterior calculation completed
2025-07-23 10:13:26,380 | App.naive_bayes | INFO | Prediction result: Sour
2025-07-23 10:13:26,380 | App.model | INFO | Calculating target value ratios
2025-07-23 10:13:26,381 | App.naive_bayes | INFO | Making prediction...
2025-07-23 10:13:26,381 | App.naive_bayes | INFO | Calculating posteriors...
2025-07-23 10:13:26,381 | App.naive_bayes | INFO | Posterior calculation completed
2025-07-23 10:13:26,381 | App.naive_bayes | INFO | Prediction result: Sweet
2025-07-23 10:13:26,381 | App.model | INFO | Calculating target value ratios
2025-07-23 10:13:26,382 | App.naive_bayes | INFO | Making prediction...
2025-07-23 10:13:26,382 | App.naive_bayes | INFO | Calculating posteriors...
2025-07-23 10:13:26,382 | App.naive_bayes | INFO | Posterior calculation completed
2025-07-23 10:13:26,382 | App.naive_bayes | INFO | Prediction result: Sweet
2025-07-23 10:13:26,382 | App.model | INFO | Calculating target value ratios
2025-07-23 10:13:26,382 | App.naive_bayes | INFO | Making prediction...
2025-07-23 10:13:26,382 | App.naive_bayes | INFO | Calculating posteriors...
2025-07-23 10:13:26,382 | App.naive_bayes | INFO | Posterior calculation completed
2025-07-23 10:13:26,382 | App.naive_bayes | INFO | Prediction result: Sweet
2025-07-23 10:13:26,382 | App.model | INFO | Calculating target value ratios
2025-07-23 10:13:26,383 | App.naive_bayes | INFO | Making prediction...
2025-07-23 10:13:26,383 | App.naive_bayes | INFO | Calculating posteriors...
2025-07-23 10:13:26,383 | App.naive_bayes | INFO | Posterior calculation completed
2025-07-23 10:13:26,383 | App.naive_bayes | INFO | Prediction result: Salty
2025-07-23 10:13:26,383 | App.model | INFO | Calculating target value ratios
2025-07-23 10:13:26,383 | App.naive_bayes | INFO | Making prediction...
2025-07-23 10:13:26,383 | App.naive_bayes | INFO | Calculating posteriors...
2025-07-23 10:13:26,383 | App.naive_bayes | INFO | Posterior calculation completed
2025-07-23 10:13:26,384 | App.naive_bayes | INFO | Prediction result: Sour
2025-07-23 10:13:26,384 | App.model | INFO | Calculating target value ratios
2025-07-23 10:13:26,384 | App.naive_bayes | INFO | Making prediction...
2025-07-23 10:13:26,384 | App.naive_bayes | INFO | Calculating posteriors...
2025-07-23 10:13:26,384 | App.naive_bayes | INFO | Posterior calculation completed
2025-07-23 10:13:26,384 | App.naive_bayes | INFO | Prediction result: Salty
2025-07-23 10:13:26,384 | App.model | INFO | Calculating target value ratios
2025-07-23 10:13:26,385 | App.naive_bayes | INFO | Making prediction...
2025-07-23 10:13:26,385 | App.naive_bayes | INFO | Calculating posteriors...
2025-07-23 10:13:26,385 | App.naive_bayes | INFO | Posterior calculation completed
2025-07-23 10:13:26,385 | App.naive_bayes | INFO | Prediction result: Sour
2025-07-23 10:13:26,385 | App.model | INFO | Calculating target value ratios
2025-07-23 10:13:26,386 | App.naive_bayes | INFO | Making prediction...
2025-07-23 10:13:26,386 | App.naive_bayes | INFO | Calculating posteriors...
2025-07-23 10:13:26,386 | App.naive_bayes | INFO | Posterior calculation completed
2025-07-23 10:13:26,386 | App.naive_bayes | INFO | Prediction result: Sweet
2025-07-23 10:13:26,386 | App.model | INFO | Calculating target value ratios
2025-07-23 10:13:26,386 | App.naive_bayes | INFO | Making prediction...
2025-07-23 10:13:26,386 | App.naive_bayes | INFO | Calculating posteriors...
2025-07-23 10:13:26,386 | App.naive_bayes | INFO | Posterior calculation completed
2025-07-23 10:13:26,386 | App.naive_bayes | INFO | Prediction result: Sour
2025-07-23 10:13:26,386 | App.model | INFO | Calculating target value ratios
2025-07-23 10:13:26,387 | App.naive_bayes | INFO | Making prediction...
2025-07-23 10:13:26,387 | App.naive_bayes | INFO | Calculating posteriors...
2025-07-23 10:13:26,387 | App.naive_bayes | INFO | Posterior calculation completed
2025-07-23 10:13:26,387 | App.naive_bayes | INFO | Prediction result: Sour
2025-07-23 10:13:26,387 | App.model | INFO | Calculating target value ratios
2025-07-23 10:13:26,388 | App.naive_bayes | INFO | Making prediction...
2025-07-23 10:13:26,388 | App.naive_bayes | INFO | Calculating posteriors...
2025-07-23 10:13:26,388 | App.naive_bayes | INFO | Posterior calculation completed
2025-07-23 10:13:26,388 | App.naive_bayes | INFO | Prediction result: Sour
2025-07-23 10:13:26,388 | App.model | INFO | Calculating target value ratios
2025-07-23 10:13:26,388 | App.naive_bayes | INFO | Making prediction...
2025-07-23 10:13:26,388 | App.naive_bayes | INFO | Calculating posteriors...
2025-07-23 10:13:26,388 | App.naive_bayes | INFO | Posterior calculation completed
2025-07-23 10:13:26,388 | App.naive_bayes | INFO | Prediction result: Salty
2025-07-23 10:13:26,389 | App.model | INFO | Calculating target value ratios
2025-07-23 10:13:26,389 | App.naive_bayes | INFO | Making prediction...
2025-07-23 10:13:26,389 | App.naive_bayes | INFO | Calculating posteriors...
2025-07-23 10:13:26,389 | App.naive_bayes | INFO | Posterior calculation completed
2025-07-23 10:13:26,389 | App.naive_bayes | INFO | Prediction result: Salty
2025-07-23 10:13:26,389 | App.model | INFO | Calculating target value ratios
2025-07-23 10:13:26,390 | App.naive_bayes | INFO | Making prediction...
2025-07-23 10:13:26,390 | App.naive_bayes | INFO | Calculating posteriors...
2025-07-23 10:13:26,390 | App.naive_bayes | INFO | Posterior calculation completed
2025-07-23 10:13:26,390 | App.naive_bayes | INFO | Prediction result: Sweet
2025-07-23 10:13:26,390 | App.model | INFO | Calculating target value ratios
2025-07-23 10:13:26,390 | App.naive_bayes | INFO | Making prediction...
2025-07-23 10:13:26,390 | App.naive_bayes | INFO | Calculating posteriors...
2025-07-23 10:13:26,390 | App.naive_bayes | INFO | Posterior calculation completed
2025-07-23 10:13:26,390 | App.naive_bayes | INFO | Prediction result: Sweet
2025-07-23 10:13:26,391 | App.model | INFO | Calculating target value ratios
2025-07-23 10:13:26,391 | App.naive_bayes | INFO | Making prediction...
2025-07-23 10:13:26,391 | App.naive_bayes | INFO | Calculating posteriors...
2025-07-23 10:13:26,391 | App.naive_bayes | INFO | Posterior calculation completed
2025-07-23 10:13:26,391 | App.naive_bayes | INFO | Prediction result: Sweet
2025-07-23 10:13:26,392 | App.model | INFO | Calculating target value ratios
2025-07-23 10:13:26,392 | App.naive_bayes | INFO | Making prediction...
2025-07-23 10:13:26,392 | App.naive_bayes | INFO | Calculating posteriors...
2025-07-23 10:13:26,392 | App.naive_bayes | INFO | Posterior calculation completed
2025-07-23 10:13:26,392 | App.naive_bayes | INFO | Prediction result: Sweet
2025-07-23 10:13:26,392 | App.model | INFO | Calculating target value ratios
2025-07-23 10:13:26,393 | App.naive_bayes | INFO | Making prediction...
2025-07-23 10:13:26,393 | App.naive_bayes | INFO | Calculating posteriors...
2025-07-23 10:13:26,393 | App.naive_bayes | INFO | Posterior calculation completed
2025-07-23 10:13:26,393 | App.naive_bayes | INFO | Prediction result: Sweet
2025-07-23 10:13:26,393 | App.model | INFO | Calculating target value ratios
2025-07-23 10:13:26,393 | App.naive_bayes | INFO | Making prediction...
2025-07-23 10:13:26,393 | App.naive_bayes | INFO | Calculating posteriors...
2025-07-23 10:13:26,393 | App.naive_bayes | INFO | Posterior calculation completed
2025-07-23 10:13:26,394 | App.naive_bayes | INFO | Prediction result: Sweet
2025-07-23 10:13:26,394 | App.model | INFO | Calculating target value ratios
2025-07-23 10:13:26,394 | App.naive_bayes | INFO | Making prediction...
2025-07-23 10:13:26,394 | App.naive_bayes | INFO | Calculating posteriors...
2025-07-23 10:13:26,394 | App.naive_bayes | INFO | Posterior calculation completed
2025-07-23 10:13:26,394 | App.naive_bayes | INFO | Prediction result: Salty
2025-07-23 10:13:26,394 | App.model | INFO | Calculating target value ratios
2025-07-23 10:13:26,395 | App.naive_bayes | INFO | Making prediction...
2025-07-23 10:13:26,395 | App.naive_bayes | INFO | Calculating posteriors...
2025-07-23 10:13:26,395 | App.naive_bayes | INFO | Posterior calculation completed
2025-07-23 10:13:26,395 | App.naive_bayes | INFO | Prediction result: Sour
2025-07-23 10:13:26,395 | App.model | INFO | Calculating target value ratios
2025-07-23 10:13:26,395 | App.naive_bayes | INFO | Making prediction...
2025-07-23 10:13:26,395 | App.naive_bayes | INFO | Calculating posteriors...
2025-07-23 10:13:26,396 | App.naive_bayes | INFO | Posterior calculation completed
2025-07-23 10:13:26,396 | App.naive_bayes | INFO | Prediction result: Sour
2025-07-23 10:13:26,396 | App.model | INFO | Calculating target value ratios
2025-07-23 10:13:26,396 | App.naive_bayes | INFO | Making prediction...
2025-07-23 10:13:26,396 | App.naive_bayes | INFO | Calculating posteriors...
2025-07-23 10:13:26,396 | App.naive_bayes | INFO | Posterior calculation completed
2025-07-23 10:13:26,396 | App.naive_bayes | INFO | Prediction result: Sweet
2025-07-23 10:13:26,396 | App.model | INFO | Calculating target value ratios
2025-07-23 10:13:26,397 | App.naive_bayes | INFO | Making prediction...
2025-07-23 10:13:26,397 | App.naive_bayes | INFO | Calculating posteriors...
2025-07-23 10:13:26,397 | App.naive_bayes | INFO | Posterior calculation completed
2025-07-23 10:13:26,397 | App.naive_bayes | INFO | Prediction result: Salty
2025-07-23 10:13:26,397 | App.model | INFO | Calculating target value ratios
2025-07-23 10:13:26,397 | App.naive_bayes | INFO | Making prediction...
2025-07-23 10:13:26,397 | App.naive_bayes | INFO | Calculating posteriors...
2025-07-23 10:13:26,397 | App.naive_bayes | INFO | Posterior calculation completed
2025-07-23 10:13:26,398 | App.naive_bayes | INFO | Prediction result: Sweet
2025-07-23 10:13:26,398 | App.model | INFO | Calculating target value ratios
2025-07-23 10:13:26,398 | App.naive_bayes | INFO | Making prediction...
2025-07-23 10:13:26,398 | App.naive_bayes | INFO | Calculating posteriors...
2025-07-23 10:13:26,398 | App.naive_bayes | INFO | Posterior calculation completed
2025-07-23 10:13:26,398 | App.naive_bayes | INFO | Prediction result: Sour
2025-07-23 10:13:26,398 | App.model | INFO | Calculating target value ratios
2025-07-23 10:13:26,399 | App.naive_bayes | INFO | Making prediction...
2025-07-23 10:13:26,399 | App.naive_bayes | INFO | Calculating posteriors...
2025-07-23 10:13:26,399 | App.naive_bayes | INFO | Posterior calculation completed
2025-07-23 10:13:26,399 | App.naive_bayes | INFO | Prediction result: Sour
2025-07-23 10:13:26,399 | App.model | INFO | Calculating target value ratios
2025-07-23 10:13:26,400 | App.naive_bayes | INFO | Making prediction...
2025-07-23 10:13:26,400 | App.naive_bayes | INFO | Calculating posteriors...
2025-07-23 10:13:26,400 | App.naive_bayes | INFO | Posterior calculation completed
2025-07-23 10:13:26,400 | App.naive_bayes | INFO | Prediction result: Sweet
2025-07-23 10:13:26,400 | App.model | INFO | Calculating target value ratios
2025-07-23 10:13:26,401 | App.naive_bayes | INFO | Making prediction...
2025-07-23 10:13:26,401 | App.naive_bayes | INFO | Calculating posteriors...
2025-07-23 10:13:26,401 | App.naive_bayes | INFO | Posterior calculation completed
2025-07-23 10:13:26,401 | App.naive_bayes | INFO | Prediction result: Sweet
2025-07-23 10:13:26,401 | App.model | INFO | Calculating target value ratios
2025-07-23 10:13:26,401 | App.naive_bayes | INFO | Making prediction...
2025-07-23 10:13:26,401 | App.naive_bayes | INFO | Calculating posteriors...
2025-07-23 10:13:26,401 | App.naive_bayes | INFO | Posterior calculation completed
2025-07-23 10:13:26,401 | App.naive_bayes | INFO | Prediction result: Sweet
2025-07-23 10:13:26,402 | App.model | INFO | Calculating target value ratios
2025-07-23 10:13:26,402 | App.naive_bayes | INFO | Making prediction...
2025-07-23 10:13:26,402 | App.naive_bayes | INFO | Calculating posteriors...
2025-07-23 10:13:26,402 | App.naive_bayes | INFO | Posterior calculation completed
2025-07-23 10:13:26,402 | App.naive_bayes | INFO | Prediction result: Sour
2025-07-23 10:13:26,402 | App.model | INFO | Calculating target value ratios
2025-07-23 10:13:26,403 | App.naive_bayes | INFO | Making prediction...
2025-07-23 10:13:26,403 | App.naive_bayes | INFO | Calculating posteriors...
2025-07-23 10:13:26,403 | App.naive_bayes | INFO | Posterior calculation completed
2025-07-23 10:13:26,403 | App.naive_bayes | INFO | Prediction result: Sweet
2025-07-23 10:13:26,403 | App.model | INFO | Calculating target value ratios
2025-07-23 10:13:26,403 | App.naive_bayes | INFO | Making prediction...
2025-07-23 10:13:26,403 | App.naive_bayes | INFO | Calculating posteriors...
2025-07-23 10:13:26,403 | App.naive_bayes | INFO | Posterior calculation completed
2025-07-23 10:13:26,403 | App.naive_bayes | INFO | Prediction result: Salty
2025-07-23 10:13:26,403 | App.model | INFO | Calculating target value ratios
2025-07-23 10:13:26,404 | App.naive_bayes | INFO | Making prediction...
2025-07-23 10:13:26,404 | App.naive_bayes | INFO | Calculating posteriors...
2025-07-23 10:13:26,404 | App.naive_bayes | INFO | Posterior calculation completed
2025-07-23 10:13:26,404 | App.naive_bayes | INFO | Prediction result: Sour
2025-07-23 10:13:26,404 | App.model | INFO | Calculating target value ratios
2025-07-23 10:13:26,405 | App.naive_bayes | INFO | Making prediction...
2025-07-23 10:13:26,405 | App.naive_bayes | INFO | Calculating posteriors...
2025-07-23 10:13:26,405 | App.naive_bayes | INFO | Posterior calculation completed
2025-07-23 10:13:26,405 | App.naive_bayes | INFO | Prediction result: Sour
2025-07-23 10:13:26,405 | App.model | INFO | Calculating target value ratios
2025-07-23 10:13:26,405 | App.naive_bayes | INFO | Making prediction...
2025-07-23 10:13:26,406 | App.naive_bayes | INFO | Calculating posteriors...
2025-07-23 10:13:26,406 | App.naive_bayes | INFO | Posterior calculation completed
2025-07-23 10:13:26,406 | App.naive_bayes | INFO | Prediction result: Sweet
2025-07-23 10:13:26,406 | App.model | INFO | Calculating target value ratios
2025-07-23 10:13:26,406 | App.naive_bayes | INFO | Making prediction...
2025-07-23 10:13:26,407 | App.naive_bayes | INFO | Calculating posteriors...
2025-07-23 10:13:26,407 | App.naive_bayes | INFO | Posterior calculation completed
2025-07-23 10:13:26,407 | App.naive_bayes | INFO | Prediction result: Sweet
2025-07-23 10:13:26,407 | App.model | INFO | Calculating target value ratios
2025-07-23 10:13:26,407 | App.naive_bayes | INFO | Making prediction...
2025-07-23 10:13:26,407 | App.naive_bayes | INFO | Calculating posteriors...
2025-07-23 10:13:26,407 | App.naive_bayes | INFO | Posterior calculation completed
2025-07-23 10:13:26,407 | App.naive_bayes | INFO | Prediction result: Sweet
2025-07-23 10:13:26,407 | App.model | INFO | Calculating target value ratios
2025-07-23 10:13:26,408 | App.naive_bayes | INFO | Making prediction...
2025-07-23 10:13:26,408 | App.naive_bayes | INFO | Calculating posteriors...
2025-07-23 10:13:26,408 | App.naive_bayes | INFO | Posterior calculation completed
2025-07-23 10:13:26,408 | App.naive_bayes | INFO | Prediction result: Sour
2025-07-23 10:13:26,408 | App.model | INFO | Calculating target value ratios
2025-07-23 10:13:26,409 | App.naive_bayes | INFO | Making prediction...
2025-07-23 10:13:26,409 | App.naive_bayes | INFO | Calculating posteriors...
2025-07-23 10:13:26,409 | App.naive_bayes | INFO | Posterior calculation completed
2025-07-23 10:13:26,409 | App.naive_bayes | INFO | Prediction result: Sour
2025-07-23 10:13:26,409 | App.model | INFO | Calculating target value ratios
2025-07-23 10:13:26,409 | App.naive_bayes | INFO | Making prediction...
2025-07-23 10:13:26,410 | App.naive_bayes | INFO | Calculating posteriors...
2025-07-23 10:13:26,410 | App.naive_bayes | INFO | Posterior calculation completed
2025-07-23 10:13:26,410 | App.naive_bayes | INFO | Prediction result: Salty
2025-07-23 10:13:26,410 | App.model | INFO | Calculating target value ratios
2025-07-23 10:13:26,410 | App.naive_bayes | INFO | Making prediction...
2025-07-23 10:13:26,410 | App.naive_bayes | INFO | Calculating posteriors...
2025-07-23 10:13:26,410 | App.naive_bayes | INFO | Posterior calculation completed
2025-07-23 10:13:26,410 | App.naive_bayes | INFO | Prediction result: Sour
2025-07-23 10:13:26,410 | App.model | INFO | Calculating target value ratios
2025-07-23 10:13:26,411 | App.naive_bayes | INFO | Making prediction...
2025-07-23 10:13:26,411 | App.naive_bayes | INFO | Calculating posteriors...
2025-07-23 10:13:26,411 | App.naive_bayes | INFO | Posterior calculation completed
2025-07-23 10:13:26,411 | App.naive_bayes | INFO | Prediction result: Sour
2025-07-23 10:13:26,411 | App.model | INFO | Calculating target value ratios
2025-07-23 10:13:26,411 | App.naive_bayes | INFO | Making prediction...
2025-07-23 10:13:26,411 | App.naive_bayes | INFO | Calculating posteriors...
2025-07-23 10:13:26,411 | App.naive_bayes | INFO | Posterior calculation completed
2025-07-23 10:13:26,412 | App.naive_bayes | INFO | Prediction result: Salty
2025-07-23 10:13:26,412 | App.model | INFO | Calculating target value ratios
2025-07-23 10:13:26,412 | App.naive_bayes | INFO | Making prediction...
2025-07-23 10:13:26,412 | App.naive_bayes | INFO | Calculating posteriors...
2025-07-23 10:13:26,412 | App.naive_bayes | INFO | Posterior calculation completed
2025-07-23 10:13:26,412 | App.naive_bayes | INFO | Prediction result: Sour
2025-07-23 10:13:26,412 | App.model | INFO | Calculating target value ratios
2025-07-23 10:13:26,413 | App.naive_bayes | INFO | Making prediction...
2025-07-23 10:13:26,413 | App.naive_bayes | INFO | Calculating posteriors...
2025-07-23 10:13:26,413 | App.naive_bayes | INFO | Posterior calculation completed
2025-07-23 10:13:26,413 | App.naive_bayes | INFO | Prediction result: Salty
2025-07-23 10:13:26,413 | App.model | INFO | Calculating target value ratios
2025-07-23 10:13:26,414 | App.naive_bayes | INFO | Making prediction...
2025-07-23 10:13:26,414 | App.naive_bayes | INFO | Calculating posteriors...
2025-07-23 10:13:26,414 | App.naive_bayes | INFO | Posterior calculation completed
2025-07-23 10:13:26,414 | App.naive_bayes | INFO | Prediction result: Sweet
2025-07-23 10:13:26,414 | App.model | INFO | Calculating target value ratios
2025-07-23 10:13:26,414 | App.naive_bayes | INFO | Making prediction...
2025-07-23 10:13:26,414 | App.naive_bayes | INFO | Calculating posteriors...
2025-07-23 10:13:26,414 | App.naive_bayes | INFO | Posterior calculation completed
2025-07-23 10:13:26,414 | App.naive_bayes | INFO | Prediction result: Sour
2025-07-23 10:13:26,414 | App.model | INFO | Calculating target value ratios
2025-07-23 10:13:26,415 | App.naive_bayes | INFO | Making prediction...
2025-07-23 10:13:26,415 | App.naive_bayes | INFO | Calculating posteriors...
2025-07-23 10:13:26,415 | App.naive_bayes | INFO | Posterior calculation completed
2025-07-23 10:13:26,415 | App.naive_bayes | INFO | Prediction result: Sour
2025-07-23 10:13:26,415 | App.model | INFO | Calculating target value ratios
2025-07-23 10:13:26,416 | App.naive_bayes | INFO | Making prediction...
2025-07-23 10:13:26,416 | App.naive_bayes | INFO | Calculating posteriors...
2025-07-23 10:13:26,416 | App.naive_bayes | INFO | Posterior calculation completed
2025-07-23 10:13:26,416 | App.naive_bayes | INFO | Prediction result: Salty
2025-07-23 10:13:26,416 | App.model | INFO | Calculating target value ratios
2025-07-23 10:13:26,416 | App.naive_bayes | INFO | Making prediction...
2025-07-23 10:13:26,416 | App.naive_bayes | INFO | Calculating posteriors...
2025-07-23 10:13:26,417 | App.naive_bayes | INFO | Posterior calculation completed
2025-07-23 10:13:26,417 | App.naive_bayes | INFO | Prediction result: Sweet
2025-07-23 10:13:26,417 | App.model | INFO | Calculating target value ratios
2025-07-23 10:13:26,417 | App.naive_bayes | INFO | Making prediction...
2025-07-23 10:13:26,417 | App.naive_bayes | INFO | Calculating posteriors...
2025-07-23 10:13:26,417 | App.naive_bayes | INFO | Posterior calculation completed
2025-07-23 10:13:26,417 | App.naive_bayes | INFO | Prediction result: Sour
2025-07-23 10:13:26,417 | App.model | INFO | Calculating target value ratios
2025-07-23 10:13:26,418 | App.naive_bayes | INFO | Making prediction...
2025-07-23 10:13:26,418 | App.naive_bayes | INFO | Calculating posteriors...
2025-07-23 10:13:26,418 | App.naive_bayes | INFO | Posterior calculation completed
2025-07-23 10:13:26,418 | App.naive_bayes | INFO | Prediction result: Sweet
2025-07-23 10:13:26,418 | App.model | INFO | Calculating target value ratios
2025-07-23 10:13:26,418 | App.naive_bayes | INFO | Making prediction...
2025-07-23 10:13:26,418 | App.naive_bayes | INFO | Calculating posteriors...
2025-07-23 10:13:26,418 | App.naive_bayes | INFO | Posterior calculation completed
2025-07-23 10:13:26,419 | App.naive_bayes | INFO | Prediction result: Sour
2025-07-23 10:13:26,419 | App.model | INFO | Calculating target value ratios
2025-07-23 10:13:26,419 | App.naive_bayes | INFO | Making prediction...
2025-07-23 10:13:26,419 | App.naive_bayes | INFO | Calculating posteriors...
2025-07-23 10:13:26,419 | App.naive_bayes | INFO | Posterior calculation completed
2025-07-23 10:13:26,419 | App.naive_bayes | INFO | Prediction result: Sweet
2025-07-23 10:13:26,419 | App.model | INFO | Calculating target value ratios
2025-07-23 10:13:26,420 | App.naive_bayes | INFO | Making prediction...
2025-07-23 10:13:26,420 | App.naive_bayes | INFO | Calculating posteriors...
2025-07-23 10:13:26,420 | App.naive_bayes | INFO | Posterior calculation completed
2025-07-23 10:13:26,420 | App.naive_bayes | INFO | Prediction result: Sour
2025-07-23 10:13:26,420 | App.model | INFO | Calculating target value ratios
2025-07-23 10:13:26,421 | App.naive_bayes | INFO | Making prediction...
2025-07-23 10:13:26,421 | App.naive_bayes | INFO | Calculating posteriors...
2025-07-23 10:13:26,421 | App.naive_bayes | INFO | Posterior calculation completed
2025-07-23 10:13:26,421 | App.naive_bayes | INFO | Prediction result: Sour
2025-07-23 10:13:26,421 | App.model | INFO | Calculating target value ratios
2025-07-23 10:13:26,422 | App.naive_bayes | INFO | Making prediction...
2025-07-23 10:13:26,422 | App.naive_bayes | INFO | Calculating posteriors...
2025-07-23 10:13:26,422 | App.naive_bayes | INFO | Posterior calculation completed
2025-07-23 10:13:26,422 | App.naive_bayes | INFO | Prediction result: Sweet
2025-07-23 10:13:26,422 | App.model | INFO | Calculating target value ratios
2025-07-23 10:13:26,422 | App.naive_bayes | INFO | Making prediction...
2025-07-23 10:13:26,422 | App.naive_bayes | INFO | Calculating posteriors...
2025-07-23 10:13:26,423 | App.naive_bayes | INFO | Posterior calculation completed
2025-07-23 10:13:26,423 | App.naive_bayes | INFO | Prediction result: Sour
2025-07-23 10:13:26,423 | App.model | INFO | Calculating target value ratios
2025-07-23 10:13:26,423 | App.naive_bayes | INFO | Making prediction...
2025-07-23 10:13:26,423 | App.naive_bayes | INFO | Calculating posteriors...
2025-07-23 10:13:26,423 | App.naive_bayes | INFO | Posterior calculation completed
2025-07-23 10:13:26,423 | App.naive_bayes | INFO | Prediction result: Salty
2025-07-23 10:13:26,423 | App.model | INFO | Calculating target value ratios
2025-07-23 10:13:26,424 | App.naive_bayes | INFO | Making prediction...
2025-07-23 10:13:26,424 | App.naive_bayes | INFO | Calculating posteriors...
2025-07-23 10:13:26,424 | App.naive_bayes | INFO | Posterior calculation completed
2025-07-23 10:13:26,424 | App.naive_bayes | INFO | Prediction result: Sweet
2025-07-23 10:13:26,424 | App.model | INFO | Calculating target value ratios
2025-07-23 10:13:26,424 | App.naive_bayes | INFO | Making prediction...
2025-07-23 10:13:26,424 | App.naive_bayes | INFO | Calculating posteriors...
2025-07-23 10:13:26,425 | App.naive_bayes | INFO | Posterior calculation completed
2025-07-23 10:13:26,425 | App.naive_bayes | INFO | Prediction result: Sour
2025-07-23 10:13:26,425 | App.model | INFO | Calculating target value ratios
2025-07-23 10:13:26,425 | App.naive_bayes | INFO | Making prediction...
2025-07-23 10:13:26,425 | App.naive_bayes | INFO | Calculating posteriors...
2025-07-23 10:13:26,425 | App.naive_bayes | INFO | Posterior calculation completed
2025-07-23 10:13:26,425 | App.naive_bayes | INFO | Prediction result: Sweet
2025-07-23 10:13:26,425 | App.model | INFO | Calculating target value ratios
2025-07-23 10:13:26,426 | App.naive_bayes | INFO | Making prediction...
2025-07-23 10:13:26,426 | App.naive_bayes | INFO | Calculating posteriors...
2025-07-23 10:13:26,426 | App.naive_bayes | INFO | Posterior calculation completed
2025-07-23 10:13:26,426 | App.naive_bayes | INFO | Prediction result: Salty
2025-07-23 10:13:26,426 | App.model | INFO | Calculating target value ratios
2025-07-23 10:13:26,427 | App.naive_bayes | INFO | Making prediction...
2025-07-23 10:13:26,427 | App.naive_bayes | INFO | Calculating posteriors...
2025-07-23 10:13:26,427 | App.naive_bayes | INFO | Posterior calculation completed
2025-07-23 10:13:26,427 | App.naive_bayes | INFO | Prediction result: Sour
2025-07-23 10:13:26,427 | App.model | INFO | Calculating target value ratios
2025-07-23 10:13:26,427 | App.naive_bayes | INFO | Making prediction...
2025-07-23 10:13:26,427 | App.naive_bayes | INFO | Calculating posteriors...
2025-07-23 10:13:26,427 | App.naive_bayes | INFO | Posterior calculation completed
2025-07-23 10:13:26,427 | App.naive_bayes | INFO | Prediction result: Salty
2025-07-23 10:13:26,427 | App.model | INFO | Calculating target value ratios
2025-07-23 10:13:26,428 | App.naive_bayes | INFO | Making prediction...
2025-07-23 10:13:26,428 | App.naive_bayes | INFO | Calculating posteriors...
2025-07-23 10:13:26,428 | App.naive_bayes | INFO | Posterior calculation completed
2025-07-23 10:13:26,428 | App.naive_bayes | INFO | Prediction result: Sour
2025-07-23 10:13:26,428 | App.model | INFO | Calculating target value ratios
2025-07-23 10:13:26,428 | App.naive_bayes | INFO | Making prediction...
2025-07-23 10:13:26,429 | App.naive_bayes | INFO | Calculating posteriors...
2025-07-23 10:13:26,429 | App.naive_bayes | INFO | Posterior calculation completed
2025-07-23 10:13:26,429 | App.naive_bayes | INFO | Prediction result: Salty
2025-07-23 10:13:26,429 | App.model | INFO | Calculating target value ratios
2025-07-23 10:13:26,429 | App.naive_bayes | INFO | Making prediction...
2025-07-23 10:13:26,429 | App.naive_bayes | INFO | Calculating posteriors...
2025-07-23 10:13:26,430 | App.naive_bayes | INFO | Posterior calculation completed
2025-07-23 10:13:26,430 | App.naive_bayes | INFO | Prediction result: Sour
2025-07-23 10:13:26,430 | App.model | INFO | Calculating target value ratios
2025-07-23 10:13:26,430 | App.naive_bayes | INFO | Making prediction...
2025-07-23 10:13:26,430 | App.naive_bayes | INFO | Calculating posteriors...
2025-07-23 10:13:26,430 | App.naive_bayes | INFO | Posterior calculation completed
2025-07-23 10:13:26,430 | App.naive_bayes | INFO | Prediction result: Sweet
2025-07-23 10:13:26,430 | App.model | INFO | Calculating target value ratios
2025-07-23 10:13:26,431 | App.naive_bayes | INFO | Making prediction...
2025-07-23 10:13:26,431 | App.naive_bayes | INFO | Calculating posteriors...
2025-07-23 10:13:26,431 | App.naive_bayes | INFO | Posterior calculation completed
2025-07-23 10:13:26,431 | App.naive_bayes | INFO | Prediction result: Sweet
2025-07-23 10:13:26,431 | App.model | INFO | Calculating target value ratios
2025-07-23 10:13:26,431 | App.naive_bayes | INFO | Making prediction...
2025-07-23 10:13:26,431 | App.naive_bayes | INFO | Calculating posteriors...
2025-07-23 10:13:26,431 | App.naive_bayes | INFO | Posterior calculation completed
2025-07-23 10:13:26,431 | App.naive_bayes | INFO | Prediction result: Sweet
2025-07-23 10:13:26,432 | App.model | INFO | Calculating target value ratios
2025-07-23 10:13:26,432 | App.naive_bayes | INFO | Making prediction...
2025-07-23 10:13:26,432 | App.naive_bayes | INFO | Calculating posteriors...
2025-07-23 10:13:26,432 | App.naive_bayes | INFO | Posterior calculation completed
2025-07-23 10:13:26,432 | App.naive_bayes | INFO | Prediction result: Sour
2025-07-23 10:13:26,432 | App.model | INFO | Calculating target value ratios
2025-07-23 10:13:26,433 | App.naive_bayes | INFO | Making prediction...
2025-07-23 10:13:26,433 | App.naive_bayes | INFO | Calculating posteriors...
2025-07-23 10:13:26,433 | App.naive_bayes | INFO | Posterior calculation completed
2025-07-23 10:13:26,433 | App.naive_bayes | INFO | Prediction result: Sweet
2025-07-23 10:13:26,433 | App.model | INFO | Calculating target value ratios
2025-07-23 10:13:26,433 | App.naive_bayes | INFO | Making prediction...
2025-07-23 10:13:26,434 | App.naive_bayes | INFO | Calculating posteriors...
2025-07-23 10:13:26,434 | App.naive_bayes | INFO | Posterior calculation completed
2025-07-23 10:13:26,434 | App.naive_bayes | INFO | Prediction result: Sweet
2025-07-23 10:13:26,434 | App.model | INFO | Calculating target value ratios
2025-07-23 10:13:26,434 | App.naive_bayes | INFO | Making prediction...
2025-07-23 10:13:26,434 | App.naive_bayes | INFO | Calculating posteriors...
2025-07-23 10:13:26,434 | App.naive_bayes | INFO | Posterior calculation completed
2025-07-23 10:13:26,434 | App.naive_bayes | INFO | Prediction result: Sweet
2025-07-23 10:13:26,434 | App.model | INFO | Calculating target value ratios
2025-07-23 10:13:26,435 | App.naive_bayes | INFO | Making prediction...
2025-07-23 10:13:26,435 | App.naive_bayes | INFO | Calculating posteriors...
2025-07-23 10:13:26,435 | App.naive_bayes | INFO | Posterior calculation completed
2025-07-23 10:13:26,435 | App.naive_bayes | INFO | Prediction result: Sweet
2025-07-23 10:13:26,435 | App.model | INFO | Calculating target value ratios
2025-07-23 10:13:26,435 | App.naive_bayes | INFO | Making prediction...
2025-07-23 10:13:26,435 | App.naive_bayes | INFO | Calculating posteriors...
2025-07-23 10:13:26,435 | App.naive_bayes | INFO | Posterior calculation completed
2025-07-23 10:13:26,436 | App.naive_bayes | INFO | Prediction result: Sour
2025-07-23 10:13:26,436 | App.model | INFO | Calculating target value ratios
2025-07-23 10:13:26,436 | App.naive_bayes | INFO | Making prediction...
2025-07-23 10:13:26,436 | App.naive_bayes | INFO | Calculating posteriors...
2025-07-23 10:13:26,436 | App.naive_bayes | INFO | Posterior calculation completed
2025-07-23 10:13:26,436 | App.naive_bayes | INFO | Prediction result: Sour
2025-07-23 10:13:26,436 | App.model | INFO | Calculating target value ratios
2025-07-23 10:13:26,437 | App.naive_bayes | INFO | Making prediction...
2025-07-23 10:13:26,437 | App.naive_bayes | INFO | Calculating posteriors...
2025-07-23 10:13:26,437 | App.naive_bayes | INFO | Posterior calculation completed
2025-07-23 10:13:26,437 | App.naive_bayes | INFO | Prediction result: Sour
2025-07-23 10:13:26,437 | App.model | INFO | Calculating target value ratios
2025-07-23 10:13:26,438 | App.naive_bayes | INFO | Making prediction...
2025-07-23 10:13:26,438 | App.naive_bayes | INFO | Calculating posteriors...
2025-07-23 10:13:26,438 | App.naive_bayes | INFO | Posterior calculation completed
2025-07-23 10:13:26,438 | App.naive_bayes | INFO | Prediction result: Sweet
2025-07-23 10:13:26,438 | App.model | INFO | Calculating target value ratios
2025-07-23 10:13:26,438 | App.naive_bayes | INFO | Making prediction...
2025-07-23 10:13:26,438 | App.naive_bayes | INFO | Calculating posteriors...
2025-07-23 10:13:26,439 | App.naive_bayes | INFO | Posterior calculation completed
2025-07-23 10:13:26,439 | App.naive_bayes | INFO | Prediction result: Salty
2025-07-23 10:13:26,439 | App.model | INFO | Calculating target value ratios
2025-07-23 10:13:26,439 | App.naive_bayes | INFO | Making prediction...
2025-07-23 10:13:26,439 | App.naive_bayes | INFO | Calculating posteriors...
2025-07-23 10:13:26,439 | App.naive_bayes | INFO | Posterior calculation completed
2025-07-23 10:13:26,439 | App.naive_bayes | INFO | Prediction result: Salty
2025-07-23 10:13:26,439 | App.model | INFO | Calculating target value ratios
2025-07-23 10:13:26,440 | App.naive_bayes | INFO | Making prediction...
2025-07-23 10:13:26,440 | App.naive_bayes | INFO | Calculating posteriors...
2025-07-23 10:13:26,440 | App.naive_bayes | INFO | Posterior calculation completed
2025-07-23 10:13:26,440 | App.naive_bayes | INFO | Prediction result: Sweet
2025-07-23 10:13:26,440 | App.model | INFO | Calculating target value ratios
2025-07-23 10:13:26,441 | App.naive_bayes | INFO | Making prediction...
2025-07-23 10:13:26,441 | App.naive_bayes | INFO | Calculating posteriors...
2025-07-23 10:13:26,441 | App.naive_bayes | INFO | Posterior calculation completed
2025-07-23 10:13:26,441 | App.naive_bayes | INFO | Prediction result: Sweet
2025-07-23 10:13:26,441 | App.model | INFO | Calculating target value ratios
2025-07-23 10:13:26,441 | App.naive_bayes | INFO | Making prediction...
2025-07-23 10:13:26,441 | App.naive_bayes | INFO | Calculating posteriors...
2025-07-23 10:13:26,441 | App.naive_bayes | INFO | Posterior calculation completed
2025-07-23 10:13:26,441 | App.naive_bayes | INFO | Prediction result: Sour
2025-07-23 10:13:26,442 | App.model | INFO | Calculating target value ratios
2025-07-23 10:13:26,442 | App.naive_bayes | INFO | Making prediction...
2025-07-23 10:13:26,442 | App.naive_bayes | INFO | Calculating posteriors...
2025-07-23 10:13:26,442 | App.naive_bayes | INFO | Posterior calculation completed
2025-07-23 10:13:26,442 | App.naive_bayes | INFO | Prediction result: Sweet
2025-07-23 10:13:26,442 | App.model | INFO | Calculating target value ratios
2025-07-23 10:13:26,443 | App.naive_bayes | INFO | Making prediction...
2025-07-23 10:13:26,443 | App.naive_bayes | INFO | Calculating posteriors...
2025-07-23 10:13:26,443 | App.naive_bayes | INFO | Posterior calculation completed
2025-07-23 10:13:26,443 | App.naive_bayes | INFO | Prediction result: Sour
2025-07-23 10:13:26,443 | App.model | INFO | Calculating target value ratios
2025-07-23 10:13:26,443 | App.naive_bayes | INFO | Making prediction...
2025-07-23 10:13:26,444 | App.naive_bayes | INFO | Calculating posteriors...
2025-07-23 10:13:26,444 | App.naive_bayes | INFO | Posterior calculation completed
2025-07-23 10:13:26,444 | App.naive_bayes | INFO | Prediction result: Sweet
2025-07-23 10:13:26,444 | App.model | INFO | Calculating target value ratios
2025-07-23 10:13:26,444 | App.naive_bayes | INFO | Making prediction...
2025-07-23 10:13:26,444 | App.naive_bayes | INFO | Calculating posteriors...
2025-07-23 10:13:26,444 | App.naive_bayes | INFO | Posterior calculation completed
2025-07-23 10:13:26,444 | App.naive_bayes | INFO | Prediction result: Sweet
2025-07-23 10:13:26,444 | App.model | INFO | Calculating target value ratios
2025-07-23 10:13:26,445 | App.naive_bayes | INFO | Making prediction...
2025-07-23 10:13:26,445 | App.naive_bayes | INFO | Calculating posteriors...
2025-07-23 10:13:26,445 | App.naive_bayes | INFO | Posterior calculation completed
2025-07-23 10:13:26,445 | App.naive_bayes | INFO | Prediction result: Sour
2025-07-23 10:13:26,445 | App.model | INFO | Calculating target value ratios
2025-07-23 10:13:26,445 | App.naive_bayes | INFO | Making prediction...
2025-07-23 10:13:26,445 | App.naive_bayes | INFO | Calculating posteriors...
2025-07-23 10:13:26,445 | App.naive_bayes | INFO | Posterior calculation completed
2025-07-23 10:13:26,446 | App.naive_bayes | INFO | Prediction result: Sweet
2025-07-23 10:13:26,446 | App.model | INFO | Calculating target value ratios
2025-07-23 10:13:26,446 | App.naive_bayes | INFO | Making prediction...
2025-07-23 10:13:26,446 | App.naive_bayes | INFO | Calculating posteriors...
2025-07-23 10:13:26,446 | App.naive_bayes | INFO | Posterior calculation completed
2025-07-23 10:13:26,446 | App.naive_bayes | INFO | Prediction result: Sour
2025-07-23 10:13:26,446 | App.model | INFO | Calculating target value ratios
2025-07-23 10:13:26,447 | App.naive_bayes | INFO | Making prediction...
2025-07-23 10:13:26,447 | App.naive_bayes | INFO | Calculating posteriors...
2025-07-23 10:13:26,447 | App.naive_bayes | INFO | Posterior calculation completed
2025-07-23 10:13:26,447 | App.naive_bayes | INFO | Prediction result: Salty
2025-07-23 10:13:26,447 | App.model | INFO | Calculating target value ratios
2025-07-23 10:13:26,447 | App.naive_bayes | INFO | Making prediction...
2025-07-23 10:13:26,448 | App.naive_bayes | INFO | Calculating posteriors...
2025-07-23 10:13:26,448 | App.naive_bayes | INFO | Posterior calculation completed
2025-07-23 10:13:26,448 | App.naive_bayes | INFO | Prediction result: Sour
2025-07-23 10:13:26,448 | App.model | INFO | Calculating target value ratios
2025-07-23 10:13:26,448 | App.naive_bayes | INFO | Making prediction...
2025-07-23 10:13:26,448 | App.naive_bayes | INFO | Calculating posteriors...
2025-07-23 10:13:26,448 | App.naive_bayes | INFO | Posterior calculation completed
2025-07-23 10:13:26,448 | App.naive_bayes | INFO | Prediction result: Sweet
2025-07-23 10:13:26,448 | App.model | INFO | Calculating target value ratios
2025-07-23 10:13:26,449 | App.naive_bayes | INFO | Making prediction...
2025-07-23 10:13:26,449 | App.naive_bayes | INFO | Calculating posteriors...
2025-07-23 10:13:26,449 | App.naive_bayes | INFO | Posterior calculation completed
2025-07-23 10:13:26,449 | App.naive_bayes | INFO | Prediction result: Sour
2025-07-23 10:13:26,449 | App.model | INFO | Calculating target value ratios
2025-07-23 10:13:26,449 | App.naive_bayes | INFO | Making prediction...
2025-07-23 10:13:26,449 | App.naive_bayes | INFO | Calculating posteriors...
2025-07-23 10:13:26,450 | App.naive_bayes | INFO | Posterior calculation completed
2025-07-23 10:13:26,450 | App.naive_bayes | INFO | Prediction result: Sour
2025-07-23 10:13:26,450 | App.model | INFO | Calculating target value ratios
2025-07-23 10:13:26,450 | App.naive_bayes | INFO | Making prediction...
2025-07-23 10:13:26,450 | App.naive_bayes | INFO | Calculating posteriors...
2025-07-23 10:13:26,450 | App.naive_bayes | INFO | Posterior calculation completed
2025-07-23 10:13:26,450 | App.naive_bayes | INFO | Prediction result: Sour
2025-07-23 10:13:26,451 | App.model | INFO | Calculating target value ratios
2025-07-23 10:13:26,451 | App.naive_bayes | INFO | Making prediction...
2025-07-23 10:13:26,451 | App.naive_bayes | INFO | Calculating posteriors...
2025-07-23 10:13:26,451 | App.naive_bayes | INFO | Posterior calculation completed
2025-07-23 10:13:26,451 | App.naive_bayes | INFO | Prediction result: Sweet
2025-07-23 10:13:26,451 | App.model | INFO | Calculating target value ratios
2025-07-23 10:13:26,452 | App.naive_bayes | INFO | Making prediction...
2025-07-23 10:13:26,452 | App.naive_bayes | INFO | Calculating posteriors...
2025-07-23 10:13:26,452 | App.naive_bayes | INFO | Posterior calculation completed
2025-07-23 10:13:26,452 | App.naive_bayes | INFO | Prediction result: Sweet
2025-07-23 10:13:26,452 | App.model | INFO | Calculating target value ratios
2025-07-23 10:13:26,452 | App.naive_bayes | INFO | Making prediction...
2025-07-23 10:13:26,452 | App.naive_bayes | INFO | Calculating posteriors...
2025-07-23 10:13:26,453 | App.naive_bayes | INFO | Posterior calculation completed
2025-07-23 10:13:26,453 | App.naive_bayes | INFO | Prediction result: Sour
2025-07-23 10:13:26,453 | App.model | INFO | Calculating target value ratios
2025-07-23 10:13:26,453 | App.naive_bayes | INFO | Making prediction...
2025-07-23 10:13:26,453 | App.naive_bayes | INFO | Calculating posteriors...
2025-07-23 10:13:26,453 | App.naive_bayes | INFO | Posterior calculation completed
2025-07-23 10:13:26,453 | App.naive_bayes | INFO | Prediction result: Sour
2025-07-23 10:13:26,453 | App.model | INFO | Calculating target value ratios
2025-07-23 10:13:26,454 | App.naive_bayes | INFO | Making prediction...
2025-07-23 10:13:26,454 | App.naive_bayes | INFO | Calculating posteriors...
2025-07-23 10:13:26,454 | App.naive_bayes | INFO | Posterior calculation completed
2025-07-23 10:13:26,454 | App.naive_bayes | INFO | Prediction result: Sweet
2025-07-23 10:13:26,454 | App.model | INFO | Calculating target value ratios
2025-07-23 10:13:26,455 | App.naive_bayes | INFO | Making prediction...
2025-07-23 10:13:26,455 | App.naive_bayes | INFO | Calculating posteriors...
2025-07-23 10:13:26,455 | App.naive_bayes | INFO | Posterior calculation completed
2025-07-23 10:13:26,455 | App.naive_bayes | INFO | Prediction result: Sweet
2025-07-23 10:13:26,455 | App.model | INFO | Calculating target value ratios
2025-07-23 10:13:26,455 | App.naive_bayes | INFO | Making prediction...
2025-07-23 10:13:26,456 | App.naive_bayes | INFO | Calculating posteriors...
2025-07-23 10:13:26,456 | App.naive_bayes | INFO | Posterior calculation completed
2025-07-23 10:13:26,456 | App.naive_bayes | INFO | Prediction result: Sweet
2025-07-23 10:13:26,456 | App.model | INFO | Calculating target value ratios
2025-07-23 10:13:26,456 | App.naive_bayes | INFO | Making prediction...
2025-07-23 10:13:26,456 | App.naive_bayes | INFO | Calculating posteriors...
2025-07-23 10:13:26,456 | App.naive_bayes | INFO | Posterior calculation completed
2025-07-23 10:13:26,456 | App.naive_bayes | INFO | Prediction result: Sweet
2025-07-23 10:13:26,456 | App.model | INFO | Calculating target value ratios
2025-07-23 10:13:26,457 | App.naive_bayes | INFO | Making prediction...
2025-07-23 10:13:26,457 | App.naive_bayes | INFO | Calculating posteriors...
2025-07-23 10:13:26,457 | App.naive_bayes | INFO | Posterior calculation completed
2025-07-23 10:13:26,457 | App.naive_bayes | INFO | Prediction result: Sweet
2025-07-23 10:13:26,457 | App.model | INFO | Calculating target value ratios
2025-07-23 10:13:26,458 | App.naive_bayes | INFO | Making prediction...
2025-07-23 10:13:26,458 | App.naive_bayes | INFO | Calculating posteriors...
2025-07-23 10:13:26,458 | App.naive_bayes | INFO | Posterior calculation completed
2025-07-23 10:13:26,458 | App.naive_bayes | INFO | Prediction result: Salty
2025-07-23 10:13:26,458 | App.model | INFO | Calculating target value ratios
2025-07-23 10:13:26,458 | App.naive_bayes | INFO | Making prediction...
2025-07-23 10:13:26,459 | App.naive_bayes | INFO | Calculating posteriors...
2025-07-23 10:13:26,459 | App.naive_bayes | INFO | Posterior calculation completed
2025-07-23 10:13:26,459 | App.naive_bayes | INFO | Prediction result: Sweet
2025-07-23 10:13:26,459 | App.model | INFO | Calculating target value ratios
2025-07-23 10:13:26,459 | App.naive_bayes | INFO | Making prediction...
2025-07-23 10:13:26,459 | App.naive_bayes | INFO | Calculating posteriors...
2025-07-23 10:13:26,459 | App.naive_bayes | INFO | Posterior calculation completed
2025-07-23 10:13:26,459 | App.naive_bayes | INFO | Prediction result: Sweet
2025-07-23 10:13:26,459 | App.model | INFO | Calculating target value ratios
2025-07-23 10:13:26,460 | App.naive_bayes | INFO | Making prediction...
2025-07-23 10:13:26,460 | App.naive_bayes | INFO | Calculating posteriors...
2025-07-23 10:13:26,460 | App.naive_bayes | INFO | Posterior calculation completed
2025-07-23 10:13:26,460 | App.naive_bayes | INFO | Prediction result: Sour
2025-07-23 10:13:26,460 | App.model | INFO | Calculating target value ratios
2025-07-23 10:13:26,461 | App.naive_bayes | INFO | Making prediction...
2025-07-23 10:13:26,461 | App.naive_bayes | INFO | Calculating posteriors...
2025-07-23 10:13:26,461 | App.naive_bayes | INFO | Posterior calculation completed
2025-07-23 10:13:26,461 | App.naive_bayes | INFO | Prediction result: Sweet
2025-07-23 10:13:26,461 | App.model | INFO | Calculating target value ratios
2025-07-23 10:13:26,462 | App.naive_bayes | INFO | Making prediction...
2025-07-23 10:13:26,462 | App.naive_bayes | INFO | Calculating posteriors...
2025-07-23 10:13:26,462 | App.naive_bayes | INFO | Posterior calculation completed
2025-07-23 10:13:26,462 | App.naive_bayes | INFO | Prediction result: Sweet
2025-07-23 10:13:26,462 | App.model | INFO | Calculating target value ratios
2025-07-23 10:13:26,462 | App.naive_bayes | INFO | Making prediction...
2025-07-23 10:13:26,462 | App.naive_bayes | INFO | Calculating posteriors...
2025-07-23 10:13:26,462 | App.naive_bayes | INFO | Posterior calculation completed
2025-07-23 10:13:26,462 | App.naive_bayes | INFO | Prediction result: Sour
2025-07-23 10:13:26,463 | App.model | INFO | Calculating target value ratios
2025-07-23 10:13:26,463 | App.naive_bayes | INFO | Making prediction...
2025-07-23 10:13:26,463 | App.naive_bayes | INFO | Calculating posteriors...
2025-07-23 10:13:26,463 | App.naive_bayes | INFO | Posterior calculation completed
2025-07-23 10:13:26,463 | App.naive_bayes | INFO | Prediction result: Sweet
2025-07-23 10:13:26,463 | App.model | INFO | Calculating target value ratios
2025-07-23 10:13:26,464 | App.naive_bayes | INFO | Making prediction...
2025-07-23 10:13:26,464 | App.naive_bayes | INFO | Calculating posteriors...
2025-07-23 10:13:26,464 | App.naive_bayes | INFO | Posterior calculation completed
2025-07-23 10:13:26,464 | App.naive_bayes | INFO | Prediction result: Salty
2025-07-23 10:13:26,464 | App.model | INFO | Calculating target value ratios
2025-07-23 10:13:26,465 | App.naive_bayes | INFO | Making prediction...
2025-07-23 10:13:26,465 | App.naive_bayes | INFO | Calculating posteriors...
2025-07-23 10:13:26,465 | App.naive_bayes | INFO | Posterior calculation completed
2025-07-23 10:13:26,465 | App.naive_bayes | INFO | Prediction result: Sour
2025-07-23 10:13:26,465 | App.model | INFO | Calculating target value ratios
2025-07-23 10:13:26,465 | App.naive_bayes | INFO | Making prediction...
2025-07-23 10:13:26,465 | App.naive_bayes | INFO | Calculating posteriors...
2025-07-23 10:13:26,466 | App.naive_bayes | INFO | Posterior calculation completed
2025-07-23 10:13:26,466 | App.naive_bayes | INFO | Prediction result: Sour
2025-07-23 10:13:26,466 | App.model | INFO | Calculating target value ratios
2025-07-23 10:13:26,466 | App.naive_bayes | INFO | Making prediction...
2025-07-23 10:13:26,466 | App.naive_bayes | INFO | Calculating posteriors...
2025-07-23 10:13:26,466 | App.naive_bayes | INFO | Posterior calculation completed
2025-07-23 10:13:26,466 | App.naive_bayes | INFO | Prediction result: Sour
2025-07-23 10:13:26,466 | App.model | INFO | Calculating target value ratios
2025-07-23 10:13:26,467 | App.naive_bayes | INFO | Making prediction...
2025-07-23 10:13:26,467 | App.naive_bayes | INFO | Calculating posteriors...
2025-07-23 10:13:26,467 | App.naive_bayes | INFO | Posterior calculation completed
2025-07-23 10:13:26,467 | App.naive_bayes | INFO | Prediction result: Sweet
2025-07-23 10:13:26,467 | App.model | INFO | Calculating target value ratios
2025-07-23 10:13:26,467 | App.naive_bayes | INFO | Making prediction...
2025-07-23 10:13:26,468 | App.naive_bayes | INFO | Calculating posteriors...
2025-07-23 10:13:26,468 | App.naive_bayes | INFO | Posterior calculation completed
2025-07-23 10:13:26,468 | App.naive_bayes | INFO | Prediction result: Sweet
2025-07-23 10:13:26,468 | App.model | INFO | Calculating target value ratios
2025-07-23 10:13:26,469 | App.naive_bayes | INFO | Making prediction...
2025-07-23 10:13:26,469 | App.naive_bayes | INFO | Calculating posteriors...
2025-07-23 10:13:26,469 | App.naive_bayes | INFO | Posterior calculation completed
2025-07-23 10:13:26,469 | App.naive_bayes | INFO | Prediction result: Salty
2025-07-23 10:13:26,469 | App.model | INFO | Calculating target value ratios
2025-07-23 10:13:26,469 | App.naive_bayes | INFO | Making prediction...
2025-07-23 10:13:26,469 | App.naive_bayes | INFO | Calculating posteriors...
2025-07-23 10:13:26,469 | App.naive_bayes | INFO | Posterior calculation completed
2025-07-23 10:13:26,470 | App.naive_bayes | INFO | Prediction result: Sweet
2025-07-23 10:13:26,470 | App.model | INFO | Calculating target value ratios
2025-07-23 10:13:26,470 | App.naive_bayes | INFO | Making prediction...
2025-07-23 10:13:26,470 | App.naive_bayes | INFO | Calculating posteriors...
2025-07-23 10:13:26,470 | App.naive_bayes | INFO | Posterior calculation completed
2025-07-23 10:13:26,470 | App.naive_bayes | INFO | Prediction result: Sour
2025-07-23 10:13:26,470 | App.model | INFO | Calculating target value ratios
2025-07-23 10:13:26,471 | App.naive_bayes | INFO | Making prediction...
2025-07-23 10:13:26,471 | App.naive_bayes | INFO | Calculating posteriors...
2025-07-23 10:13:26,471 | App.naive_bayes | INFO | Posterior calculation completed
2025-07-23 10:13:26,471 | App.naive_bayes | INFO | Prediction result: Sour
2025-07-23 10:13:26,471 | App.model | INFO | Calculating target value ratios
2025-07-23 10:13:26,471 | App.naive_bayes | INFO | Making prediction...
2025-07-23 10:13:26,471 | App.naive_bayes | INFO | Calculating posteriors...
2025-07-23 10:13:26,472 | App.naive_bayes | INFO | Posterior calculation completed
2025-07-23 10:13:26,472 | App.naive_bayes | INFO | Prediction result: Sweet
2025-07-23 10:13:26,472 | App.model | INFO | Calculating target value ratios
2025-07-23 10:13:26,472 | App.naive_bayes | INFO | Making prediction...
2025-07-23 10:13:26,472 | App.naive_bayes | INFO | Calculating posteriors...
2025-07-23 10:13:26,472 | App.naive_bayes | INFO | Posterior calculation completed
2025-07-23 10:13:26,472 | App.naive_bayes | INFO | Prediction result: Salty
2025-07-23 10:13:26,472 | App.model | INFO | Calculating target value ratios
2025-07-23 10:13:26,473 | App.naive_bayes | INFO | Making prediction...
2025-07-23 10:13:26,473 | App.naive_bayes | INFO | Calculating posteriors...
2025-07-23 10:13:26,473 | App.naive_bayes | INFO | Posterior calculation completed
2025-07-23 10:13:26,473 | App.naive_bayes | INFO | Prediction result: Sweet
2025-07-23 10:13:26,473 | App.model | INFO | Calculating target value ratios
2025-07-23 10:13:26,473 | App.naive_bayes | INFO | Making prediction...
2025-07-23 10:13:26,473 | App.naive_bayes | INFO | Calculating posteriors...
2025-07-23 10:13:26,474 | App.naive_bayes | INFO | Posterior calculation completed
2025-07-23 10:13:26,474 | App.naive_bayes | INFO | Prediction result: Sweet
2025-07-23 10:13:26,474 | App.model | INFO | Calculating target value ratios
2025-07-23 10:13:26,474 | App.naive_bayes | INFO | Making prediction...
2025-07-23 10:13:26,474 | App.naive_bayes | INFO | Calculating posteriors...
2025-07-23 10:13:26,474 | App.naive_bayes | INFO | Posterior calculation completed
2025-07-23 10:13:26,474 | App.naive_bayes | INFO | Prediction result: Sweet
2025-07-23 10:13:26,474 | App.model | INFO | Calculating target value ratios
2025-07-23 10:13:26,475 | App.naive_bayes | INFO | Making prediction...
2025-07-23 10:13:26,475 | App.naive_bayes | INFO | Calculating posteriors...
2025-07-23 10:13:26,475 | App.naive_bayes | INFO | Posterior calculation completed
2025-07-23 10:13:26,475 | App.naive_bayes | INFO | Prediction result: Salty
2025-07-23 10:13:26,475 | App.model | INFO | Calculating target value ratios
2025-07-23 10:13:26,475 | App.naive_bayes | INFO | Making prediction...
2025-07-23 10:13:26,476 | App.naive_bayes | INFO | Calculating posteriors...
2025-07-23 10:13:26,476 | App.naive_bayes | INFO | Posterior calculation completed
2025-07-23 10:13:26,476 | App.naive_bayes | INFO | Prediction result: Sour
2025-07-23 10:13:26,476 | App.model | INFO | Calculating target value ratios
2025-07-23 10:13:26,476 | App.naive_bayes | INFO | Making prediction...
2025-07-23 10:13:26,476 | App.naive_bayes | INFO | Calculating posteriors...
2025-07-23 10:13:26,476 | App.naive_bayes | INFO | Posterior calculation completed
2025-07-23 10:13:26,476 | App.naive_bayes | INFO | Prediction result: Sour
2025-07-23 10:13:26,476 | App.model | INFO | Calculating target value ratios
2025-07-23 10:13:26,477 | App.naive_bayes | INFO | Making prediction...
2025-07-23 10:13:26,477 | App.naive_bayes | INFO | Calculating posteriors...
2025-07-23 10:13:26,477 | App.naive_bayes | INFO | Posterior calculation completed
2025-07-23 10:13:26,477 | App.naive_bayes | INFO | Prediction result: Sour
2025-07-23 10:13:26,477 | App.model | INFO | Calculating target value ratios
2025-07-23 10:13:26,477 | App.naive_bayes | INFO | Making prediction...
2025-07-23 10:13:26,477 | App.naive_bayes | INFO | Calculating posteriors...
2025-07-23 10:13:26,478 | App.naive_bayes | INFO | Posterior calculation completed
2025-07-23 10:13:26,478 | App.naive_bayes | INFO | Prediction result: Salty
2025-07-23 10:13:26,478 | App.model | INFO | Calculating target value ratios
2025-07-23 10:13:26,478 | App.naive_bayes | INFO | Making prediction...
2025-07-23 10:13:26,478 | App.naive_bayes | INFO | Calculating posteriors...
2025-07-23 10:13:26,478 | App.naive_bayes | INFO | Posterior calculation completed
2025-07-23 10:13:26,478 | App.naive_bayes | INFO | Prediction result: Salty
2025-07-23 10:13:26,478 | App.model | INFO | Calculating target value ratios
2025-07-23 10:13:26,479 | App.naive_bayes | INFO | Making prediction...
2025-07-23 10:13:26,479 | App.naive_bayes | INFO | Calculating posteriors...
2025-07-23 10:13:26,479 | App.naive_bayes | INFO | Posterior calculation completed
2025-07-23 10:13:26,479 | App.naive_bayes | INFO | Prediction result: Sour
2025-07-23 10:13:26,479 | App.model | INFO | Calculating target value ratios
2025-07-23 10:13:26,479 | App.naive_bayes | INFO | Making prediction...
2025-07-23 10:13:26,479 | App.naive_bayes | INFO | Calculating posteriors...
2025-07-23 10:13:26,479 | App.naive_bayes | INFO | Posterior calculation completed
2025-07-23 10:13:26,479 | App.naive_bayes | INFO | Prediction result: Sweet
2025-07-23 10:13:26,480 | App.model | INFO | Calculating target value ratios
2025-07-23 10:13:26,480 | App.naive_bayes | INFO | Making prediction...
2025-07-23 10:13:26,480 | App.naive_bayes | INFO | Calculating posteriors...
2025-07-23 10:13:26,480 | App.naive_bayes | INFO | Posterior calculation completed
2025-07-23 10:13:26,480 | App.naive_bayes | INFO | Prediction result: Sour
2025-07-23 10:13:26,480 | App.model | INFO | Calculating target value ratios
2025-07-23 10:13:26,481 | App.naive_bayes | INFO | Making prediction...
2025-07-23 10:13:26,481 | App.naive_bayes | INFO | Calculating posteriors...
2025-07-23 10:13:26,481 | App.naive_bayes | INFO | Posterior calculation completed
2025-07-23 10:13:26,481 | App.naive_bayes | INFO | Prediction result: Sweet
2025-07-23 10:13:26,481 | App.model | INFO | Calculating target value ratios
2025-07-23 10:13:26,481 | App.naive_bayes | INFO | Making prediction...
2025-07-23 10:13:26,481 | App.naive_bayes | INFO | Calculating posteriors...
2025-07-23 10:13:26,481 | App.naive_bayes | INFO | Posterior calculation completed
2025-07-23 10:13:26,482 | App.naive_bayes | INFO | Prediction result: Sweet
2025-07-23 10:13:26,482 | App.model | INFO | Calculating target value ratios
2025-07-23 10:13:26,482 | App.naive_bayes | INFO | Making prediction...
2025-07-23 10:13:26,482 | App.naive_bayes | INFO | Calculating posteriors...
2025-07-23 10:13:26,482 | App.naive_bayes | INFO | Posterior calculation completed
2025-07-23 10:13:26,482 | App.naive_bayes | INFO | Prediction result: Salty
2025-07-23 10:13:26,482 | App.model | INFO | Calculating target value ratios
2025-07-23 10:13:26,483 | App.naive_bayes | INFO | Making prediction...
2025-07-23 10:13:26,483 | App.naive_bayes | INFO | Calculating posteriors...
2025-07-23 10:13:26,483 | App.naive_bayes | INFO | Posterior calculation completed
2025-07-23 10:13:26,483 | App.naive_bayes | INFO | Prediction result: Salty
2025-07-23 10:13:26,483 | App.model | INFO | Calculating target value ratios
2025-07-23 10:13:26,484 | App.naive_bayes | INFO | Making prediction...
2025-07-23 10:13:26,484 | App.naive_bayes | INFO | Calculating posteriors...
2025-07-23 10:13:26,484 | App.naive_bayes | INFO | Posterior calculation completed
2025-07-23 10:13:26,484 | App.naive_bayes | INFO | Prediction result: Sweet
2025-07-23 10:13:26,484 | App.model | INFO | Calculating target value ratios
2025-07-23 10:13:26,484 | App.naive_bayes | INFO | Making prediction...
2025-07-23 10:13:26,484 | App.naive_bayes | INFO | Calculating posteriors...
2025-07-23 10:13:26,485 | App.naive_bayes | INFO | Posterior calculation completed
2025-07-23 10:13:26,485 | App.naive_bayes | INFO | Prediction result: Salty
2025-07-23 10:13:26,485 | App.model | INFO | Calculating target value ratios
2025-07-23 10:13:26,485 | App.naive_bayes | INFO | Making prediction...
2025-07-23 10:13:26,485 | App.naive_bayes | INFO | Calculating posteriors...
2025-07-23 10:13:26,485 | App.naive_bayes | INFO | Posterior calculation completed
2025-07-23 10:13:26,485 | App.naive_bayes | INFO | Prediction result: Sweet
2025-07-23 10:13:26,486 | App.model | INFO | Calculating target value ratios
2025-07-23 10:13:26,486 | App.naive_bayes | INFO | Making prediction...
2025-07-23 10:13:26,486 | App.naive_bayes | INFO | Calculating posteriors...
2025-07-23 10:13:26,486 | App.naive_bayes | INFO | Posterior calculation completed
2025-07-23 10:13:26,486 | App.naive_bayes | INFO | Prediction result: Sweet
2025-07-23 10:13:26,486 | App.model | INFO | Calculating target value ratios
2025-07-23 10:13:26,487 | App.naive_bayes | INFO | Making prediction...
2025-07-23 10:13:26,487 | App.naive_bayes | INFO | Calculating posteriors...
2025-07-23 10:13:26,487 | App.naive_bayes | INFO | Posterior calculation completed
2025-07-23 10:13:26,487 | App.naive_bayes | INFO | Prediction result: Sour
2025-07-23 10:13:26,487 | App.model | INFO | Calculating target value ratios
2025-07-23 10:13:26,487 | App.naive_bayes | INFO | Making prediction...
2025-07-23 10:13:26,487 | App.naive_bayes | INFO | Calculating posteriors...
2025-07-23 10:13:26,487 | App.naive_bayes | INFO | Posterior calculation completed
2025-07-23 10:13:26,488 | App.naive_bayes | INFO | Prediction result: Sweet
2025-07-23 10:13:26,488 | App.model | INFO | Calculating target value ratios
2025-07-23 10:13:26,488 | App.naive_bayes | INFO | Making prediction...
2025-07-23 10:13:26,488 | App.naive_bayes | INFO | Calculating posteriors...
2025-07-23 10:13:26,488 | App.naive_bayes | INFO | Posterior calculation completed
2025-07-23 10:13:26,488 | App.naive_bayes | INFO | Prediction result: Sweet
2025-07-23 10:13:26,488 | App.model | INFO | Calculating target value ratios
2025-07-23 10:13:26,489 | App.naive_bayes | INFO | Making prediction...
2025-07-23 10:13:26,489 | App.naive_bayes | INFO | Calculating posteriors...
2025-07-23 10:13:26,489 | App.naive_bayes | INFO | Posterior calculation completed
2025-07-23 10:13:26,489 | App.naive_bayes | INFO | Prediction result: Sweet
2025-07-23 10:13:26,489 | App.model | INFO | Calculating target value ratios
2025-07-23 10:13:26,490 | App.naive_bayes | INFO | Making prediction...
2025-07-23 10:13:26,490 | App.naive_bayes | INFO | Calculating posteriors...
2025-07-23 10:13:26,490 | App.naive_bayes | INFO | Posterior calculation completed
2025-07-23 10:13:26,490 | App.naive_bayes | INFO | Prediction result: Sour
2025-07-23 10:13:26,490 | App.model | INFO | Calculating target value ratios
2025-07-23 10:13:26,490 | App.naive_bayes | INFO | Making prediction...
2025-07-23 10:13:26,490 | App.naive_bayes | INFO | Calculating posteriors...
2025-07-23 10:13:26,490 | App.naive_bayes | INFO | Posterior calculation completed
2025-07-23 10:13:26,490 | App.naive_bayes | INFO | Prediction result: Sour
2025-07-23 10:13:26,490 | App.model | INFO | Calculating target value ratios
2025-07-23 10:13:26,491 | App.naive_bayes | INFO | Making prediction...
2025-07-23 10:13:26,491 | App.naive_bayes | INFO | Calculating posteriors...
2025-07-23 10:13:26,491 | App.naive_bayes | INFO | Posterior calculation completed
2025-07-23 10:13:26,491 | App.naive_bayes | INFO | Prediction result: Salty
2025-07-23 10:13:26,491 | App.model | INFO | Calculating target value ratios
2025-07-23 10:13:26,492 | App.naive_bayes | INFO | Making prediction...
2025-07-23 10:13:26,492 | App.naive_bayes | INFO | Calculating posteriors...
2025-07-23 10:13:26,492 | App.naive_bayes | INFO | Posterior calculation completed
2025-07-23 10:13:26,492 | App.naive_bayes | INFO | Prediction result: Sour
2025-07-23 10:13:26,492 | App.model | INFO | Calculating target value ratios
2025-07-23 10:13:26,492 | App.naive_bayes | INFO | Making prediction...
2025-07-23 10:13:26,493 | App.naive_bayes | INFO | Calculating posteriors...
2025-07-23 10:13:26,493 | App.naive_bayes | INFO | Posterior calculation completed
2025-07-23 10:13:26,493 | App.naive_bayes | INFO | Prediction result: Sweet
2025-07-23 10:13:26,493 | App.model | INFO | Calculating target value ratios
2025-07-23 10:13:26,493 | App.naive_bayes | INFO | Making prediction...
2025-07-23 10:13:26,493 | App.naive_bayes | INFO | Calculating posteriors...
2025-07-23 10:13:26,493 | App.naive_bayes | INFO | Posterior calculation completed
2025-07-23 10:13:26,493 | App.naive_bayes | INFO | Prediction result: Sweet
2025-07-23 10:13:26,493 | App.model | INFO | Calculating target value ratios
2025-07-23 10:13:26,494 | App.naive_bayes | INFO | Making prediction...
2025-07-23 10:13:26,494 | App.naive_bayes | INFO | Calculating posteriors...
2025-07-23 10:13:26,494 | App.naive_bayes | INFO | Posterior calculation completed
2025-07-23 10:13:26,494 | App.naive_bayes | INFO | Prediction result: Sweet
2025-07-23 10:13:26,494 | App.model | INFO | Calculating target value ratios
2025-07-23 10:13:26,495 | App.naive_bayes | INFO | Making prediction...
2025-07-23 10:13:26,495 | App.naive_bayes | INFO | Calculating posteriors...
2025-07-23 10:13:26,495 | App.naive_bayes | INFO | Posterior calculation completed
2025-07-23 10:13:26,495 | App.naive_bayes | INFO | Prediction result: Salty
2025-07-23 10:13:26,495 | App.model | INFO | Calculating target value ratios
2025-07-23 10:13:26,495 | App.naive_bayes | INFO | Making prediction...
2025-07-23 10:13:26,495 | App.naive_bayes | INFO | Calculating posteriors...
2025-07-23 10:13:26,495 | App.naive_bayes | INFO | Posterior calculation completed
2025-07-23 10:13:26,495 | App.naive_bayes | INFO | Prediction result: Sour
2025-07-23 10:13:26,495 | App.model | INFO | Calculating target value ratios
2025-07-23 10:13:26,496 | App.naive_bayes | INFO | Making prediction...
2025-07-23 10:13:26,496 | App.naive_bayes | INFO | Calculating posteriors...
2025-07-23 10:13:26,496 | App.naive_bayes | INFO | Posterior calculation completed
2025-07-23 10:13:26,496 | App.naive_bayes | INFO | Prediction result: Sweet
2025-07-23 10:13:26,496 | App.model | INFO | Calculating target value ratios
2025-07-23 10:13:26,496 | App.naive_bayes | INFO | Making prediction...
2025-07-23 10:13:26,497 | App.naive_bayes | INFO | Calculating posteriors...
2025-07-23 10:13:26,497 | App.naive_bayes | INFO | Posterior calculation completed
2025-07-23 10:13:26,497 | App.naive_bayes | INFO | Prediction result: Sour
2025-07-23 10:13:26,497 | App.model | INFO | Calculating target value ratios
2025-07-23 10:13:26,497 | App.naive_bayes | INFO | Making prediction...
2025-07-23 10:13:26,497 | App.naive_bayes | INFO | Calculating posteriors...
2025-07-23 10:13:26,497 | App.naive_bayes | INFO | Posterior calculation completed
2025-07-23 10:13:26,497 | App.naive_bayes | INFO | Prediction result: Sour
2025-07-23 10:13:26,497 | App.model | INFO | Calculating target value ratios
2025-07-23 10:13:26,498 | App.naive_bayes | INFO | Making prediction...
2025-07-23 10:13:26,498 | App.naive_bayes | INFO | Calculating posteriors...
2025-07-23 10:13:26,498 | App.naive_bayes | INFO | Posterior calculation completed
2025-07-23 10:13:26,498 | App.naive_bayes | INFO | Prediction result: Sweet
2025-07-23 10:13:26,498 | App.model | INFO | Calculating target value ratios
2025-07-23 10:13:26,499 | App.naive_bayes | INFO | Making prediction...
2025-07-23 10:13:26,499 | App.naive_bayes | INFO | Calculating posteriors...
2025-07-23 10:13:26,499 | App.naive_bayes | INFO | Posterior calculation completed
2025-07-23 10:13:26,499 | App.naive_bayes | INFO | Prediction result: Sweet
2025-07-23 10:13:26,499 | App.model | INFO | Calculating target value ratios
2025-07-23 10:13:26,499 | App.naive_bayes | INFO | Making prediction...
2025-07-23 10:13:26,499 | App.naive_bayes | INFO | Calculating posteriors...
2025-07-23 10:13:26,500 | App.naive_bayes | INFO | Posterior calculation completed
2025-07-23 10:13:26,500 | App.naive_bayes | INFO | Prediction result: Sour
2025-07-23 10:13:26,500 | App.model | INFO | Calculating target value ratios
2025-07-23 10:13:26,500 | App.naive_bayes | INFO | Making prediction...
2025-07-23 10:13:26,500 | App.naive_bayes | INFO | Calculating posteriors...
2025-07-23 10:13:26,500 | App.naive_bayes | INFO | Posterior calculation completed
2025-07-23 10:13:26,500 | App.naive_bayes | INFO | Prediction result: Sour
2025-07-23 10:13:26,500 | App.model | INFO | Calculating target value ratios
2025-07-23 10:13:26,501 | App.naive_bayes | INFO | Making prediction...
2025-07-23 10:13:26,501 | App.naive_bayes | INFO | Calculating posteriors...
2025-07-23 10:13:26,501 | App.naive_bayes | INFO | Posterior calculation completed
2025-07-23 10:13:26,501 | App.naive_bayes | INFO | Prediction result: Sour
2025-07-23 10:13:26,501 | App.model | INFO | Calculating target value ratios
2025-07-23 10:13:26,501 | App.naive_bayes | INFO | Making prediction...
2025-07-23 10:13:26,501 | App.naive_bayes | INFO | Calculating posteriors...
2025-07-23 10:13:26,501 | App.naive_bayes | INFO | Posterior calculation completed
2025-07-23 10:13:26,502 | App.naive_bayes | INFO | Prediction result: Sweet
2025-07-23 10:13:26,502 | App.model | INFO | Calculating target value ratios
2025-07-23 10:13:26,502 | App.naive_bayes | INFO | Making prediction...
2025-07-23 10:13:26,502 | App.naive_bayes | INFO | Calculating posteriors...
2025-07-23 10:13:26,502 | App.naive_bayes | INFO | Posterior calculation completed
2025-07-23 10:13:26,502 | App.naive_bayes | INFO | Prediction result: Sour
2025-07-23 10:13:26,502 | App.model | INFO | Calculating target value ratios
2025-07-23 10:13:26,503 | App.naive_bayes | INFO | Making prediction...
2025-07-23 10:13:26,503 | App.naive_bayes | INFO | Calculating posteriors...
2025-07-23 10:13:26,503 | App.naive_bayes | INFO | Posterior calculation completed
2025-07-23 10:13:26,503 | App.naive_bayes | INFO | Prediction result: Sour
2025-07-23 10:13:26,503 | App.model | INFO | Calculating target value ratios
2025-07-23 10:13:26,504 | App.naive_bayes | INFO | Making prediction...
2025-07-23 10:13:26,504 | App.naive_bayes | INFO | Calculating posteriors...
2025-07-23 10:13:26,504 | App.naive_bayes | INFO | Posterior calculation completed
2025-07-23 10:13:26,504 | App.naive_bayes | INFO | Prediction result: Sweet
2025-07-23 10:13:26,504 | App.model | INFO | Calculating target value ratios
2025-07-23 10:13:26,505 | App.naive_bayes | INFO | Making prediction...
2025-07-23 10:13:26,505 | App.naive_bayes | INFO | Calculating posteriors...
2025-07-23 10:13:26,505 | App.naive_bayes | INFO | Posterior calculation completed
2025-07-23 10:13:26,505 | App.naive_bayes | INFO | Prediction result: Sour
2025-07-23 10:13:26,505 | App.model | INFO | Calculating target value ratios
2025-07-23 10:13:26,506 | App.naive_bayes | INFO | Making prediction...
2025-07-23 10:13:26,506 | App.naive_bayes | INFO | Calculating posteriors...
2025-07-23 10:13:26,506 | App.naive_bayes | INFO | Posterior calculation completed
2025-07-23 10:13:26,506 | App.naive_bayes | INFO | Prediction result: Sweet
2025-07-23 10:13:26,506 | App.model | INFO | Calculating target value ratios
2025-07-23 10:13:26,506 | App.naive_bayes | INFO | Making prediction...
2025-07-23 10:13:26,507 | App.naive_bayes | INFO | Calculating posteriors...
2025-07-23 10:13:26,507 | App.naive_bayes | INFO | Posterior calculation completed
2025-07-23 10:13:26,507 | App.naive_bayes | INFO | Prediction result: Salty
2025-07-23 10:13:26,507 | App.model | INFO | Calculating target value ratios
2025-07-23 10:13:26,507 | App.naive_bayes | INFO | Making prediction...
2025-07-23 10:13:26,507 | App.naive_bayes | INFO | Calculating posteriors...
2025-07-23 10:13:26,507 | App.naive_bayes | INFO | Posterior calculation completed
2025-07-23 10:13:26,508 | App.naive_bayes | INFO | Prediction result: Sweet
2025-07-23 10:13:26,508 | App.model | INFO | Calculating target value ratios
2025-07-23 10:13:26,508 | App.naive_bayes | INFO | Making prediction...
2025-07-23 10:13:26,508 | App.naive_bayes | INFO | Calculating posteriors...
2025-07-23 10:13:26,508 | App.naive_bayes | INFO | Posterior calculation completed
2025-07-23 10:13:26,508 | App.naive_bayes | INFO | Prediction result: Sour
2025-07-23 10:13:26,508 | App.model | INFO | Calculating target value ratios
2025-07-23 10:13:26,509 | App.naive_bayes | INFO | Making prediction...
2025-07-23 10:13:26,509 | App.naive_bayes | INFO | Calculating posteriors...
2025-07-23 10:13:26,509 | App.naive_bayes | INFO | Posterior calculation completed
2025-07-23 10:13:26,509 | App.naive_bayes | INFO | Prediction result: Sweet
2025-07-23 10:13:26,509 | App.model | INFO | Calculating target value ratios
2025-07-23 10:13:26,509 | App.naive_bayes | INFO | Making prediction...
2025-07-23 10:13:26,509 | App.naive_bayes | INFO | Calculating posteriors...
2025-07-23 10:13:26,509 | App.naive_bayes | INFO | Posterior calculation completed
2025-07-23 10:13:26,509 | App.naive_bayes | INFO | Prediction result: Sour
2025-07-23 10:13:26,510 | App.model | INFO | Calculating target value ratios
2025-07-23 10:13:26,510 | App.naive_bayes | INFO | Making prediction...
2025-07-23 10:13:26,510 | App.naive_bayes | INFO | Calculating posteriors...
2025-07-23 10:13:26,510 | App.naive_bayes | INFO | Posterior calculation completed
2025-07-23 10:13:26,510 | App.naive_bayes | INFO | Prediction result: Sweet
2025-07-23 10:13:26,510 | App.model | INFO | Calculating target value ratios
2025-07-23 10:13:26,511 | App.naive_bayes | INFO | Making prediction...
2025-07-23 10:13:26,511 | App.naive_bayes | INFO | Calculating posteriors...
2025-07-23 10:13:26,511 | App.naive_bayes | INFO | Posterior calculation completed
2025-07-23 10:13:26,511 | App.naive_bayes | INFO | Prediction result: Sweet
2025-07-23 10:13:26,511 | App.model | INFO | Calculating target value ratios
2025-07-23 10:13:26,511 | App.naive_bayes | INFO | Making prediction...
2025-07-23 10:13:26,511 | App.naive_bayes | INFO | Calculating posteriors...
2025-07-23 10:13:26,511 | App.naive_bayes | INFO | Posterior calculation completed
2025-07-23 10:13:26,511 | App.naive_bayes | INFO | Prediction result: Sweet
2025-07-23 10:13:26,512 | App.model | INFO | Calculating target value ratios
2025-07-23 10:13:26,512 | App.naive_bayes | INFO | Making prediction...
2025-07-23 10:13:26,512 | App.naive_bayes | INFO | Calculating posteriors...
2025-07-23 10:13:26,512 | App.naive_bayes | INFO | Posterior calculation completed
2025-07-23 10:13:26,512 | App.naive_bayes | INFO | Prediction result: Sour
2025-07-23 10:13:26,512 | App.model | INFO | Calculating target value ratios
2025-07-23 10:13:26,513 | App.naive_bayes | INFO | Making prediction...
2025-07-23 10:13:26,513 | App.naive_bayes | INFO | Calculating posteriors...
2025-07-23 10:13:26,513 | App.naive_bayes | INFO | Posterior calculation completed
2025-07-23 10:13:26,513 | App.naive_bayes | INFO | Prediction result: Sour
2025-07-23 10:13:26,513 | App.model | INFO | Calculating target value ratios
2025-07-23 10:13:26,513 | App.naive_bayes | INFO | Making prediction...
2025-07-23 10:13:26,514 | App.naive_bayes | INFO | Calculating posteriors...
2025-07-23 10:13:26,514 | App.naive_bayes | INFO | Posterior calculation completed
2025-07-23 10:13:26,514 | App.naive_bayes | INFO | Prediction result: Sweet
2025-07-23 10:13:26,514 | App.model | INFO | Calculating target value ratios
2025-07-23 10:13:26,514 | App.naive_bayes | INFO | Making prediction...
2025-07-23 10:13:26,514 | App.naive_bayes | INFO | Calculating posteriors...
2025-07-23 10:13:26,514 | App.naive_bayes | INFO | Posterior calculation completed
2025-07-23 10:13:26,514 | App.naive_bayes | INFO | Prediction result: Sweet
2025-07-23 10:13:26,514 | App.model | INFO | Calculating target value ratios
2025-07-23 10:13:26,515 | App.naive_bayes | INFO | Making prediction...
2025-07-23 10:13:26,515 | App.naive_bayes | INFO | Calculating posteriors...
2025-07-23 10:13:26,515 | App.naive_bayes | INFO | Posterior calculation completed
2025-07-23 10:13:26,515 | App.naive_bayes | INFO | Prediction result: Sour
2025-07-23 10:13:26,515 | App.model | INFO | Calculating target value ratios
2025-07-23 10:13:26,516 | App.naive_bayes | INFO | Making prediction...
2025-07-23 10:13:26,516 | App.naive_bayes | INFO | Calculating posteriors...
2025-07-23 10:13:26,516 | App.naive_bayes | INFO | Posterior calculation completed
2025-07-23 10:13:26,516 | App.naive_bayes | INFO | Prediction result: Sour
2025-07-23 10:13:26,516 | App.model | INFO | Calculating target value ratios
2025-07-23 10:13:26,516 | App.naive_bayes | INFO | Making prediction...
2025-07-23 10:13:26,516 | App.naive_bayes | INFO | Calculating posteriors...
2025-07-23 10:13:26,516 | App.naive_bayes | INFO | Posterior calculation completed
2025-07-23 10:13:26,516 | App.naive_bayes | INFO | Prediction result: Salty
2025-07-23 10:13:26,516 | App.model | INFO | Calculating target value ratios
2025-07-23 10:13:26,517 | App.naive_bayes | INFO | Making prediction...
2025-07-23 10:13:26,517 | App.naive_bayes | INFO | Calculating posteriors...
2025-07-23 10:13:26,517 | App.naive_bayes | INFO | Posterior calculation completed
2025-07-23 10:13:26,517 | App.naive_bayes | INFO | Prediction result: Sour
2025-07-23 10:13:26,517 | App.model | INFO | Calculating target value ratios
2025-07-23 10:13:26,518 | App.naive_bayes | INFO | Making prediction...
2025-07-23 10:13:26,518 | App.naive_bayes | INFO | Calculating posteriors...
2025-07-23 10:13:26,518 | App.naive_bayes | INFO | Posterior calculation completed
2025-07-23 10:13:26,518 | App.naive_bayes | INFO | Prediction result: Sour
2025-07-23 10:13:26,518 | App.model | INFO | Calculating target value ratios
2025-07-23 10:13:26,518 | App.naive_bayes | INFO | Making prediction...
2025-07-23 10:13:26,518 | App.naive_bayes | INFO | Calculating posteriors...
2025-07-23 10:13:26,518 | App.naive_bayes | INFO | Posterior calculation completed
2025-07-23 10:13:26,518 | App.naive_bayes | INFO | Prediction result: Salty
2025-07-23 10:13:26,518 | App.model | INFO | Calculating target value ratios
2025-07-23 10:13:26,519 | App.naive_bayes | INFO | Making prediction...
2025-07-23 10:13:26,519 | App.naive_bayes | INFO | Calculating posteriors...
2025-07-23 10:13:26,519 | App.naive_bayes | INFO | Posterior calculation completed
2025-07-23 10:13:26,519 | App.naive_bayes | INFO | Prediction result: Sour
2025-07-23 10:13:26,519 | App.model | INFO | Calculating target value ratios
2025-07-23 10:13:26,520 | App.naive_bayes | INFO | Making prediction...
2025-07-23 10:13:26,520 | App.naive_bayes | INFO | Calculating posteriors...
2025-07-23 10:13:26,520 | App.naive_bayes | INFO | Posterior calculation completed
2025-07-23 10:13:26,520 | App.naive_bayes | INFO | Prediction result: Sour
2025-07-23 10:13:26,520 | App.model | INFO | Calculating target value ratios
2025-07-23 10:13:26,520 | App.naive_bayes | INFO | Making prediction...
2025-07-23 10:13:26,520 | App.naive_bayes | INFO | Calculating posteriors...
2025-07-23 10:13:26,520 | App.naive_bayes | INFO | Posterior calculation completed
2025-07-23 10:13:26,521 | App.naive_bayes | INFO | Prediction result: Sour
2025-07-23 10:13:26,521 | App.model | INFO | Calculating target value ratios
2025-07-23 10:13:26,521 | App.naive_bayes | INFO | Making prediction...
2025-07-23 10:13:26,521 | App.naive_bayes | INFO | Calculating posteriors...
2025-07-23 10:13:26,521 | App.naive_bayes | INFO | Posterior calculation completed
2025-07-23 10:13:26,521 | App.naive_bayes | INFO | Prediction result: Salty
2025-07-23 10:13:26,521 | App.model | INFO | Calculating target value ratios
2025-07-23 10:13:26,522 | App.naive_bayes | INFO | Making prediction...
2025-07-23 10:13:26,522 | App.naive_bayes | INFO | Calculating posteriors...
2025-07-23 10:13:26,522 | App.naive_bayes | INFO | Posterior calculation completed
2025-07-23 10:13:26,522 | App.naive_bayes | INFO | Prediction result: Sweet
2025-07-23 10:13:26,522 | App.model | INFO | Calculating target value ratios
2025-07-23 10:13:26,523 | App.naive_bayes | INFO | Making prediction...
2025-07-23 10:13:26,523 | App.naive_bayes | INFO | Calculating posteriors...
2025-07-23 10:13:26,523 | App.naive_bayes | INFO | Posterior calculation completed
2025-07-23 10:13:26,523 | App.naive_bayes | INFO | Prediction result: Sour
2025-07-23 10:13:26,523 | App.model | INFO | Calculating target value ratios
2025-07-23 10:13:26,523 | App.naive_bayes | INFO | Making prediction...
2025-07-23 10:13:26,523 | App.naive_bayes | INFO | Calculating posteriors...
2025-07-23 10:13:26,523 | App.naive_bayes | INFO | Posterior calculation completed
2025-07-23 10:13:26,523 | App.naive_bayes | INFO | Prediction result: Sour
2025-07-23 10:13:26,524 | App.model | INFO | Calculating target value ratios
2025-07-23 10:13:26,524 | App.naive_bayes | INFO | Making prediction...
2025-07-23 10:13:26,524 | App.naive_bayes | INFO | Calculating posteriors...
2025-07-23 10:13:26,524 | App.naive_bayes | INFO | Posterior calculation completed
2025-07-23 10:13:26,524 | App.naive_bayes | INFO | Prediction result: Sweet
2025-07-23 10:13:26,524 | App.model | INFO | Calculating target value ratios
2025-07-23 10:13:26,525 | App.naive_bayes | INFO | Making prediction...
2025-07-23 10:13:26,525 | App.naive_bayes | INFO | Calculating posteriors...
2025-07-23 10:13:26,525 | App.naive_bayes | INFO | Posterior calculation completed
2025-07-23 10:13:26,525 | App.naive_bayes | INFO | Prediction result: Sweet
2025-07-23 10:13:26,525 | App.model | INFO | Calculating target value ratios
2025-07-23 10:13:26,525 | App.naive_bayes | INFO | Making prediction...
2025-07-23 10:13:26,525 | App.naive_bayes | INFO | Calculating posteriors...
2025-07-23 10:13:26,525 | App.naive_bayes | INFO | Posterior calculation completed
2025-07-23 10:13:26,526 | App.naive_bayes | INFO | Prediction result: Sweet
2025-07-23 10:13:26,526 | App.model | INFO | Calculating target value ratios
2025-07-23 10:13:26,526 | App.naive_bayes | INFO | Making prediction...
2025-07-23 10:13:26,526 | App.naive_bayes | INFO | Calculating posteriors...
2025-07-23 10:13:26,526 | App.naive_bayes | INFO | Posterior calculation completed
2025-07-23 10:13:26,526 | App.naive_bayes | INFO | Prediction result: Sweet
2025-07-23 10:13:26,526 | App.model | INFO | Calculating target value ratios
2025-07-23 10:13:26,527 | App.naive_bayes | INFO | Making prediction...
2025-07-23 10:13:26,527 | App.naive_bayes | INFO | Calculating posteriors...
2025-07-23 10:13:26,527 | App.naive_bayes | INFO | Posterior calculation completed
2025-07-23 10:13:26,527 | App.naive_bayes | INFO | Prediction result: Salty
2025-07-23 10:13:26,527 | App.model | INFO | Calculating target value ratios
2025-07-23 10:13:26,527 | App.naive_bayes | INFO | Making prediction...
2025-07-23 10:13:26,527 | App.naive_bayes | INFO | Calculating posteriors...
2025-07-23 10:13:26,528 | App.naive_bayes | INFO | Posterior calculation completed
2025-07-23 10:13:26,528 | App.naive_bayes | INFO | Prediction result: Sweet
2025-07-23 10:13:26,528 | App.model | INFO | Calculating target value ratios
2025-07-23 10:13:26,528 | App.naive_bayes | INFO | Making prediction...
2025-07-23 10:13:26,528 | App.naive_bayes | INFO | Calculating posteriors...
2025-07-23 10:13:26,528 | App.naive_bayes | INFO | Posterior calculation completed
2025-07-23 10:13:26,528 | App.naive_bayes | INFO | Prediction result: Sour
2025-07-23 10:13:26,528 | App.model | INFO | Calculating target value ratios
2025-07-23 10:13:26,529 | App.naive_bayes | INFO | Making prediction...
2025-07-23 10:13:26,529 | App.naive_bayes | INFO | Calculating posteriors...
2025-07-23 10:13:26,529 | App.naive_bayes | INFO | Posterior calculation completed
2025-07-23 10:13:26,529 | App.naive_bayes | INFO | Prediction result: Sour
2025-07-23 10:13:26,529 | App.model | INFO | Calculating target value ratios
2025-07-23 10:13:26,529 | App.naive_bayes | INFO | Making prediction...
2025-07-23 10:13:26,529 | App.naive_bayes | INFO | Calculating posteriors...
2025-07-23 10:13:26,530 | App.naive_bayes | INFO | Posterior calculation completed
2025-07-23 10:13:26,530 | App.naive_bayes | INFO | Prediction result: Salty
2025-07-23 10:13:26,530 | App.model | INFO | Calculating target value ratios
2025-07-23 10:13:26,530 | App.naive_bayes | INFO | Making prediction...
2025-07-23 10:13:26,530 | App.naive_bayes | INFO | Calculating posteriors...
2025-07-23 10:13:26,530 | App.naive_bayes | INFO | Posterior calculation completed
2025-07-23 10:13:26,530 | App.naive_bayes | INFO | Prediction result: Sour
2025-07-23 10:13:26,530 | App.model | INFO | Calculating target value ratios
2025-07-23 10:13:26,531 | App.naive_bayes | INFO | Making prediction...
2025-07-23 10:13:26,531 | App.naive_bayes | INFO | Calculating posteriors...
2025-07-23 10:13:26,531 | App.naive_bayes | INFO | Posterior calculation completed
2025-07-23 10:13:26,531 | App.naive_bayes | INFO | Prediction result: Sour
2025-07-23 10:13:26,531 | App.model | INFO | Calculating target value ratios
2025-07-23 10:13:26,531 | App.naive_bayes | INFO | Making prediction...
2025-07-23 10:13:26,531 | App.naive_bayes | INFO | Calculating posteriors...
2025-07-23 10:13:26,532 | App.naive_bayes | INFO | Posterior calculation completed
2025-07-23 10:13:26,532 | App.naive_bayes | INFO | Prediction result: Sour
2025-07-23 10:13:26,532 | App.model | INFO | Calculating target value ratios
2025-07-23 10:13:26,532 | App.naive_bayes | INFO | Making prediction...
2025-07-23 10:13:26,532 | App.naive_bayes | INFO | Calculating posteriors...
2025-07-23 10:13:26,532 | App.naive_bayes | INFO | Posterior calculation completed
2025-07-23 10:13:26,532 | App.naive_bayes | INFO | Prediction result: Salty
2025-07-23 10:13:26,532 | App.model | INFO | Calculating target value ratios
2025-07-23 10:13:26,533 | App.naive_bayes | INFO | Making prediction...
2025-07-23 10:13:26,533 | App.naive_bayes | INFO | Calculating posteriors...
2025-07-23 10:13:26,533 | App.naive_bayes | INFO | Posterior calculation completed
2025-07-23 10:13:26,533 | App.naive_bayes | INFO | Prediction result: Salty
2025-07-23 10:13:26,533 | App.model | INFO | Calculating target value ratios
2025-07-23 10:13:26,533 | App.naive_bayes | INFO | Making prediction...
2025-07-23 10:13:26,533 | App.naive_bayes | INFO | Calculating posteriors...
2025-07-23 10:13:26,533 | App.naive_bayes | INFO | Posterior calculation completed
2025-07-23 10:13:26,534 | App.naive_bayes | INFO | Prediction result: Salty
2025-07-23 10:13:26,534 | App.model | INFO | Calculating target value ratios
2025-07-23 10:13:26,534 | App.naive_bayes | INFO | Making prediction...
2025-07-23 10:13:26,534 | App.naive_bayes | INFO | Calculating posteriors...
2025-07-23 10:13:26,534 | App.naive_bayes | INFO | Posterior calculation completed
2025-07-23 10:13:26,534 | App.naive_bayes | INFO | Prediction result: Sweet
2025-07-23 10:13:26,534 | App.model | INFO | Calculating target value ratios
2025-07-23 10:13:26,535 | App.naive_bayes | INFO | Making prediction...
2025-07-23 10:13:26,535 | App.naive_bayes | INFO | Calculating posteriors...
2025-07-23 10:13:26,535 | App.naive_bayes | INFO | Posterior calculation completed
2025-07-23 10:13:26,535 | App.naive_bayes | INFO | Prediction result: Sweet
2025-07-23 10:13:26,535 | App.model | INFO | Calculating target value ratios
2025-07-23 10:13:26,535 | App.naive_bayes | INFO | Making prediction...
2025-07-23 10:13:26,535 | App.naive_bayes | INFO | Calculating posteriors...
2025-07-23 10:13:26,535 | App.naive_bayes | INFO | Posterior calculation completed
2025-07-23 10:13:26,536 | App.naive_bayes | INFO | Prediction result: Sour
2025-07-23 10:13:26,536 | App.model | INFO | Calculating target value ratios
2025-07-23 10:13:26,536 | App.naive_bayes | INFO | Making prediction...
2025-07-23 10:13:26,536 | App.naive_bayes | INFO | Calculating posteriors...
2025-07-23 10:13:26,536 | App.naive_bayes | INFO | Posterior calculation completed
2025-07-23 10:13:26,536 | App.naive_bayes | INFO | Prediction result: Sour
2025-07-23 10:13:26,536 | App.model | INFO | Calculating target value ratios
2025-07-23 10:13:26,537 | App.naive_bayes | INFO | Making prediction...
2025-07-23 10:13:26,537 | App.naive_bayes | INFO | Calculating posteriors...
2025-07-23 10:13:26,537 | App.naive_bayes | INFO | Posterior calculation completed
2025-07-23 10:13:26,537 | App.naive_bayes | INFO | Prediction result: Salty
2025-07-23 10:13:26,537 | App.model | INFO | Calculating target value ratios
2025-07-23 10:13:26,537 | App.naive_bayes | INFO | Making prediction...
2025-07-23 10:13:26,537 | App.naive_bayes | INFO | Calculating posteriors...
2025-07-23 10:13:26,537 | App.naive_bayes | INFO | Posterior calculation completed
2025-07-23 10:13:26,537 | App.naive_bayes | INFO | Prediction result: Sweet
2025-07-23 10:13:26,538 | App.model | INFO | Calculating target value ratios
2025-07-23 10:13:26,538 | App.naive_bayes | INFO | Making prediction...
2025-07-23 10:13:26,538 | App.naive_bayes | INFO | Calculating posteriors...
2025-07-23 10:13:26,538 | App.naive_bayes | INFO | Posterior calculation completed
2025-07-23 10:13:26,538 | App.naive_bayes | INFO | Prediction result: Salty
2025-07-23 10:13:26,538 | App.model | INFO | Calculating target value ratios
2025-07-23 10:13:26,539 | App.naive_bayes | INFO | Making prediction...
2025-07-23 10:13:26,539 | App.naive_bayes | INFO | Calculating posteriors...
2025-07-23 10:13:26,539 | App.naive_bayes | INFO | Posterior calculation completed
2025-07-23 10:13:26,539 | App.naive_bayes | INFO | Prediction result: Sour
2025-07-23 10:13:26,539 | App.model | INFO | Calculating target value ratios
2025-07-23 10:13:26,539 | App.naive_bayes | INFO | Making prediction...
2025-07-23 10:13:26,539 | App.naive_bayes | INFO | Calculating posteriors...
2025-07-23 10:13:26,539 | App.naive_bayes | INFO | Posterior calculation completed
2025-07-23 10:13:26,539 | App.naive_bayes | INFO | Prediction result: Sour
2025-07-23 10:13:26,540 | App.model | INFO | Calculating target value ratios
2025-07-23 10:13:26,540 | App.naive_bayes | INFO | Making prediction...
2025-07-23 10:13:26,540 | App.naive_bayes | INFO | Calculating posteriors...
2025-07-23 10:13:26,540 | App.naive_bayes | INFO | Posterior calculation completed
2025-07-23 10:13:26,540 | App.naive_bayes | INFO | Prediction result: Sour
2025-07-23 10:13:26,540 | App.model | INFO | Calculating target value ratios
2025-07-23 10:13:26,541 | App.naive_bayes | INFO | Making prediction...
2025-07-23 10:13:26,541 | App.naive_bayes | INFO | Calculating posteriors...
2025-07-23 10:13:26,541 | App.naive_bayes | INFO | Posterior calculation completed
2025-07-23 10:13:26,541 | App.naive_bayes | INFO | Prediction result: Sour
2025-07-23 10:13:26,541 | App.model | INFO | Calculating target value ratios
2025-07-23 10:13:26,541 | App.naive_bayes | INFO | Making prediction...
2025-07-23 10:13:26,541 | App.naive_bayes | INFO | Calculating posteriors...
2025-07-23 10:13:26,541 | App.naive_bayes | INFO | Posterior calculation completed
2025-07-23 10:13:26,541 | App.naive_bayes | INFO | Prediction result: Sour
2025-07-23 10:13:26,542 | App.model | INFO | Calculating target value ratios
2025-07-23 10:13:26,542 | App.naive_bayes | INFO | Making prediction...
2025-07-23 10:13:26,542 | App.naive_bayes | INFO | Calculating posteriors...
2025-07-23 10:13:26,542 | App.naive_bayes | INFO | Posterior calculation completed
2025-07-23 10:13:26,542 | App.naive_bayes | INFO | Prediction result: Sour
2025-07-23 10:13:26,542 | App.model | INFO | Calculating target value ratios
2025-07-23 10:13:26,543 | App.naive_bayes | INFO | Making prediction...
2025-07-23 10:13:26,543 | App.naive_bayes | INFO | Calculating posteriors...
2025-07-23 10:13:26,543 | App.naive_bayes | INFO | Posterior calculation completed
2025-07-23 10:13:26,543 | App.naive_bayes | INFO | Prediction result: Sour
2025-07-23 10:13:26,543 | App.model | INFO | Calculating target value ratios
2025-07-23 10:13:26,543 | App.naive_bayes | INFO | Making prediction...
2025-07-23 10:13:26,543 | App.naive_bayes | INFO | Calculating posteriors...
2025-07-23 10:13:26,543 | App.naive_bayes | INFO | Posterior calculation completed
2025-07-23 10:13:26,543 | App.naive_bayes | INFO | Prediction result: Sour
2025-07-23 10:13:26,543 | App.model | INFO | Calculating target value ratios
2025-07-23 10:13:26,544 | App.naive_bayes | INFO | Making prediction...
2025-07-23 10:13:26,544 | App.naive_bayes | INFO | Calculating posteriors...
2025-07-23 10:13:26,544 | App.naive_bayes | INFO | Posterior calculation completed
2025-07-23 10:13:26,544 | App.naive_bayes | INFO | Prediction result: Sour
2025-07-23 10:13:26,544 | App.model | INFO | Calculating target value ratios
2025-07-23 10:13:26,545 | App.naive_bayes | INFO | Making prediction...
2025-07-23 10:13:26,545 | App.naive_bayes | INFO | Calculating posteriors...
2025-07-23 10:13:26,545 | App.naive_bayes | INFO | Posterior calculation completed
2025-07-23 10:13:26,545 | App.naive_bayes | INFO | Prediction result: Sweet
2025-07-23 10:13:26,545 | App.model | INFO | Calculating target value ratios
2025-07-23 10:13:26,545 | App.naive_bayes | INFO | Making prediction...
2025-07-23 10:13:26,545 | App.naive_bayes | INFO | Calculating posteriors...
2025-07-23 10:13:26,545 | App.naive_bayes | INFO | Posterior calculation completed
2025-07-23 10:13:26,545 | App.naive_bayes | INFO | Prediction result: Salty
2025-07-23 10:13:26,546 | App.model | INFO | Calculating target value ratios
2025-07-23 10:13:26,546 | App.naive_bayes | INFO | Making prediction...
2025-07-23 10:13:26,546 | App.naive_bayes | INFO | Calculating posteriors...
2025-07-23 10:13:26,546 | App.naive_bayes | INFO | Posterior calculation completed
2025-07-23 10:13:26,546 | App.naive_bayes | INFO | Prediction result: Sweet
2025-07-23 10:13:26,546 | App.model | INFO | Calculating target value ratios
2025-07-23 10:13:26,547 | App.naive_bayes | INFO | Making prediction...
2025-07-23 10:13:26,547 | App.naive_bayes | INFO | Calculating posteriors...
2025-07-23 10:13:26,547 | App.naive_bayes | INFO | Posterior calculation completed
2025-07-23 10:13:26,547 | App.naive_bayes | INFO | Prediction result: Sweet
2025-07-23 10:13:26,547 | App.model | INFO | Calculating target value ratios
2025-07-23 10:13:26,547 | App.naive_bayes | INFO | Making prediction...
2025-07-23 10:13:26,547 | App.naive_bayes | INFO | Calculating posteriors...
2025-07-23 10:13:26,547 | App.naive_bayes | INFO | Posterior calculation completed
2025-07-23 10:13:26,547 | App.naive_bayes | INFO | Prediction result: Sweet
2025-07-23 10:13:26,547 | App.model | INFO | Calculating target value ratios
2025-07-23 10:13:26,548 | App.naive_bayes | INFO | Making prediction...
2025-07-23 10:13:26,548 | App.naive_bayes | INFO | Calculating posteriors...
2025-07-23 10:13:26,548 | App.naive_bayes | INFO | Posterior calculation completed
2025-07-23 10:13:26,548 | App.naive_bayes | INFO | Prediction result: Sweet
2025-07-23 10:13:26,548 | App.model | INFO | Calculating target value ratios
2025-07-23 10:13:26,549 | App.naive_bayes | INFO | Making prediction...
2025-07-23 10:13:26,549 | App.naive_bayes | INFO | Calculating posteriors...
2025-07-23 10:13:26,549 | App.naive_bayes | INFO | Posterior calculation completed
2025-07-23 10:13:26,549 | App.naive_bayes | INFO | Prediction result: Sour
2025-07-23 10:13:26,549 | App.model | INFO | Calculating target value ratios
2025-07-23 10:13:26,549 | App.naive_bayes | INFO | Making prediction...
2025-07-23 10:13:26,549 | App.naive_bayes | INFO | Calculating posteriors...
2025-07-23 10:13:26,549 | App.naive_bayes | INFO | Posterior calculation completed
2025-07-23 10:13:26,549 | App.naive_bayes | INFO | Prediction result: Sweet
2025-07-23 10:13:26,549 | App.model | INFO | Calculating target value ratios
2025-07-23 10:13:26,550 | App.naive_bayes | INFO | Making prediction...
2025-07-23 10:13:26,550 | App.naive_bayes | INFO | Calculating posteriors...
2025-07-23 10:13:26,550 | App.naive_bayes | INFO | Posterior calculation completed
2025-07-23 10:13:26,550 | App.naive_bayes | INFO | Prediction result: Sweet
2025-07-23 10:13:26,550 | App.model | INFO | Calculating target value ratios
2025-07-23 10:13:26,551 | App.naive_bayes | INFO | Making prediction...
2025-07-23 10:13:26,551 | App.naive_bayes | INFO | Calculating posteriors...
2025-07-23 10:13:26,551 | App.naive_bayes | INFO | Posterior calculation completed
2025-07-23 10:13:26,551 | App.naive_bayes | INFO | Prediction result: Sour
2025-07-23 10:13:26,551 | App.model | INFO | Calculating target value ratios
2025-07-23 10:13:26,551 | App.naive_bayes | INFO | Making prediction...
2025-07-23 10:13:26,551 | App.naive_bayes | INFO | Calculating posteriors...
2025-07-23 10:13:26,551 | App.naive_bayes | INFO | Posterior calculation completed
2025-07-23 10:13:26,551 | App.naive_bayes | INFO | Prediction result: Sweet
2025-07-23 10:13:26,551 | App.model | INFO | Calculating target value ratios
2025-07-23 10:13:26,552 | App.naive_bayes | INFO | Making prediction...
2025-07-23 10:13:26,552 | App.naive_bayes | INFO | Calculating posteriors...
2025-07-23 10:13:26,552 | App.naive_bayes | INFO | Posterior calculation completed
2025-07-23 10:13:26,552 | App.naive_bayes | INFO | Prediction result: Sour
2025-07-23 10:13:26,552 | App.model | INFO | Calculating target value ratios
2025-07-23 10:13:26,553 | App.naive_bayes | INFO | Making prediction...
2025-07-23 10:13:26,553 | App.naive_bayes | INFO | Calculating posteriors...
2025-07-23 10:13:26,553 | App.naive_bayes | INFO | Posterior calculation completed
2025-07-23 10:13:26,553 | App.naive_bayes | INFO | Prediction result: Sweet
2025-07-23 10:13:26,553 | App.model | INFO | Calculating target value ratios
2025-07-23 10:13:26,553 | App.naive_bayes | INFO | Making prediction...
2025-07-23 10:13:26,553 | App.naive_bayes | INFO | Calculating posteriors...
2025-07-23 10:13:26,553 | App.naive_bayes | INFO | Posterior calculation completed
2025-07-23 10:13:26,553 | App.naive_bayes | INFO | Prediction result: Salty
2025-07-23 10:13:26,553 | App.model | INFO | Calculating target value ratios
2025-07-23 10:13:26,554 | App.naive_bayes | INFO | Making prediction...
2025-07-23 10:13:26,554 | App.naive_bayes | INFO | Calculating posteriors...
2025-07-23 10:13:26,554 | App.naive_bayes | INFO | Posterior calculation completed
2025-07-23 10:13:26,554 | App.naive_bayes | INFO | Prediction result: Salty
2025-07-23 10:13:26,554 | App.model | INFO | Calculating target value ratios
2025-07-23 10:13:26,555 | App.naive_bayes | INFO | Making prediction...
2025-07-23 10:13:26,555 | App.naive_bayes | INFO | Calculating posteriors...
2025-07-23 10:13:26,555 | App.naive_bayes | INFO | Posterior calculation completed
2025-07-23 10:13:26,555 | App.naive_bayes | INFO | Prediction result: Sweet
2025-07-23 10:13:26,555 | App.model | INFO | Calculating target value ratios
2025-07-23 10:13:26,555 | App.naive_bayes | INFO | Making prediction...
2025-07-23 10:13:26,555 | App.naive_bayes | INFO | Calculating posteriors...
2025-07-23 10:13:26,555 | App.naive_bayes | INFO | Posterior calculation completed
2025-07-23 10:13:26,555 | App.naive_bayes | INFO | Prediction result: Salty
2025-07-23 10:13:26,555 | App.model | INFO | Calculating target value ratios
2025-07-23 10:13:26,556 | App.naive_bayes | INFO | Making prediction...
2025-07-23 10:13:26,556 | App.naive_bayes | INFO | Calculating posteriors...
2025-07-23 10:13:26,556 | App.naive_bayes | INFO | Posterior calculation completed
2025-07-23 10:13:26,556 | App.naive_bayes | INFO | Prediction result: Sour
2025-07-23 10:13:26,556 | App.model | INFO | Calculating target value ratios
2025-07-23 10:13:26,557 | App.naive_bayes | INFO | Making prediction...
2025-07-23 10:13:26,557 | App.naive_bayes | INFO | Calculating posteriors...
2025-07-23 10:13:26,557 | App.naive_bayes | INFO | Posterior calculation completed
2025-07-23 10:13:26,557 | App.naive_bayes | INFO | Prediction result: Salty
2025-07-23 10:13:26,557 | App.model | INFO | Calculating target value ratios
2025-07-23 10:13:26,557 | App.naive_bayes | INFO | Making prediction...
2025-07-23 10:13:26,557 | App.naive_bayes | INFO | Calculating posteriors...
2025-07-23 10:13:26,557 | App.naive_bayes | INFO | Posterior calculation completed
2025-07-23 10:13:26,557 | App.naive_bayes | INFO | Prediction result: Sour
2025-07-23 10:13:26,557 | App.model | INFO | Calculating target value ratios
2025-07-23 10:13:26,558 | App.naive_bayes | INFO | Making prediction...
2025-07-23 10:13:26,558 | App.naive_bayes | INFO | Calculating posteriors...
2025-07-23 10:13:26,558 | App.naive_bayes | INFO | Posterior calculation completed
2025-07-23 10:13:26,558 | App.naive_bayes | INFO | Prediction result: Sweet
2025-07-23 10:13:26,558 | App.model | INFO | Calculating target value ratios
2025-07-23 10:13:26,559 | App.naive_bayes | INFO | Making prediction...
2025-07-23 10:13:26,559 | App.naive_bayes | INFO | Calculating posteriors...
2025-07-23 10:13:26,559 | App.naive_bayes | INFO | Posterior calculation completed
2025-07-23 10:13:26,559 | App.naive_bayes | INFO | Prediction result: Salty
2025-07-23 10:13:26,559 | App.model | INFO | Calculating target value ratios
2025-07-23 10:13:26,559 | App.naive_bayes | INFO | Making prediction...
2025-07-23 10:13:26,559 | App.naive_bayes | INFO | Calculating posteriors...
2025-07-23 10:13:26,559 | App.naive_bayes | INFO | Posterior calculation completed
2025-07-23 10:13:26,559 | App.naive_bayes | INFO | Prediction result: Sour
2025-07-23 10:13:26,559 | App.model | INFO | Calculating target value ratios
2025-07-23 10:13:26,560 | App.naive_bayes | INFO | Making prediction...
2025-07-23 10:13:26,560 | App.naive_bayes | INFO | Calculating posteriors...
2025-07-23 10:13:26,560 | App.naive_bayes | INFO | Posterior calculation completed
2025-07-23 10:13:26,560 | App.naive_bayes | INFO | Prediction result: Sour
2025-07-23 10:13:26,560 | App.model | INFO | Calculating target value ratios
2025-07-23 10:13:26,561 | App.naive_bayes | INFO | Making prediction...
2025-07-23 10:13:26,561 | App.naive_bayes | INFO | Calculating posteriors...
2025-07-23 10:13:26,561 | App.naive_bayes | INFO | Posterior calculation completed
2025-07-23 10:13:26,561 | App.naive_bayes | INFO | Prediction result: Sweet
2025-07-23 10:13:26,561 | App.model | INFO | Calculating target value ratios
2025-07-23 10:13:26,561 | App.naive_bayes | INFO | Making prediction...
2025-07-23 10:13:26,561 | App.naive_bayes | INFO | Calculating posteriors...
2025-07-23 10:13:26,561 | App.naive_bayes | INFO | Posterior calculation completed
2025-07-23 10:13:26,561 | App.naive_bayes | INFO | Prediction result: Sour
2025-07-23 10:13:26,561 | App.model | INFO | Calculating target value ratios
2025-07-23 10:13:26,562 | App.naive_bayes | INFO | Making prediction...
2025-07-23 10:13:26,562 | App.naive_bayes | INFO | Calculating posteriors...
2025-07-23 10:13:26,562 | App.naive_bayes | INFO | Posterior calculation completed
2025-07-23 10:13:26,562 | App.naive_bayes | INFO | Prediction result: Sweet
2025-07-23 10:13:26,562 | App.model | INFO | Calculating target value ratios
2025-07-23 10:13:26,563 | App.naive_bayes | INFO | Making prediction...
2025-07-23 10:13:26,563 | App.naive_bayes | INFO | Calculating posteriors...
2025-07-23 10:13:26,563 | App.naive_bayes | INFO | Posterior calculation completed
2025-07-23 10:13:26,563 | App.naive_bayes | INFO | Prediction result: Sour
2025-07-23 10:13:26,563 | App.model | INFO | Calculating target value ratios
2025-07-23 10:13:26,563 | App.naive_bayes | INFO | Making prediction...
2025-07-23 10:13:26,563 | App.naive_bayes | INFO | Calculating posteriors...
2025-07-23 10:13:26,563 | App.naive_bayes | INFO | Posterior calculation completed
2025-07-23 10:13:26,563 | App.naive_bayes | INFO | Prediction result: Sour
2025-07-23 10:13:26,563 | App.model | INFO | Calculating target value ratios
2025-07-23 10:13:26,564 | App.naive_bayes | INFO | Making prediction...
2025-07-23 10:13:26,564 | App.naive_bayes | INFO | Calculating posteriors...
2025-07-23 10:13:26,564 | App.naive_bayes | INFO | Posterior calculation completed
2025-07-23 10:13:26,564 | App.naive_bayes | INFO | Prediction result: Sour
2025-07-23 10:13:26,564 | App.model | INFO | Calculating target value ratios
2025-07-23 10:13:26,565 | App.naive_bayes | INFO | Making prediction...
2025-07-23 10:13:26,565 | App.naive_bayes | INFO | Calculating posteriors...
2025-07-23 10:13:26,565 | App.naive_bayes | INFO | Posterior calculation completed
2025-07-23 10:13:26,565 | App.naive_bayes | INFO | Prediction result: Sweet
2025-07-23 10:13:26,565 | App.model | INFO | Calculating target value ratios
2025-07-23 10:13:26,565 | App.naive_bayes | INFO | Making prediction...
2025-07-23 10:13:26,565 | App.naive_bayes | INFO | Calculating posteriors...
2025-07-23 10:13:26,565 | App.naive_bayes | INFO | Posterior calculation completed
2025-07-23 10:13:26,565 | App.naive_bayes | INFO | Prediction result: Sour
2025-07-23 10:13:26,565 | App.model | INFO | Calculating target value ratios
2025-07-23 10:13:26,566 | App.naive_bayes | INFO | Making prediction...
2025-07-23 10:13:26,566 | App.naive_bayes | INFO | Calculating posteriors...
2025-07-23 10:13:26,566 | App.naive_bayes | INFO | Posterior calculation completed
2025-07-23 10:13:26,566 | App.naive_bayes | INFO | Prediction result: Sour
2025-07-23 10:13:26,566 | App.model | INFO | Calculating target value ratios
2025-07-23 10:13:26,567 | App.naive_bayes | INFO | Making prediction...
2025-07-23 10:13:26,567 | App.naive_bayes | INFO | Calculating posteriors...
2025-07-23 10:13:26,567 | App.naive_bayes | INFO | Posterior calculation completed
2025-07-23 10:13:26,567 | App.naive_bayes | INFO | Prediction result: Sweet
2025-07-23 10:13:26,567 | App.model | INFO | Calculating target value ratios
2025-07-23 10:13:26,567 | App.naive_bayes | INFO | Making prediction...
2025-07-23 10:13:26,567 | App.naive_bayes | INFO | Calculating posteriors...
2025-07-23 10:13:26,567 | App.naive_bayes | INFO | Posterior calculation completed
2025-07-23 10:13:26,567 | App.naive_bayes | INFO | Prediction result: Sour
2025-07-23 10:13:26,567 | App.model | INFO | Calculating target value ratios
2025-07-23 10:13:26,568 | App.naive_bayes | INFO | Making prediction...
2025-07-23 10:13:26,568 | App.naive_bayes | INFO | Calculating posteriors...
2025-07-23 10:13:26,568 | App.naive_bayes | INFO | Posterior calculation completed
2025-07-23 10:13:26,568 | App.naive_bayes | INFO | Prediction result: Sour
2025-07-23 10:13:26,568 | App.model | INFO | Calculating target value ratios
2025-07-23 10:13:26,569 | App.naive_bayes | INFO | Making prediction...
2025-07-23 10:13:26,569 | App.naive_bayes | INFO | Calculating posteriors...
2025-07-23 10:13:26,569 | App.naive_bayes | INFO | Posterior calculation completed
2025-07-23 10:13:26,569 | App.naive_bayes | INFO | Prediction result: Sour
2025-07-23 10:13:26,569 | App.model | INFO | Calculating target value ratios
2025-07-23 10:13:26,569 | App.naive_bayes | INFO | Making prediction...
2025-07-23 10:13:26,569 | App.naive_bayes | INFO | Calculating posteriors...
2025-07-23 10:13:26,569 | App.naive_bayes | INFO | Posterior calculation completed
2025-07-23 10:13:26,569 | App.naive_bayes | INFO | Prediction result: Sweet
2025-07-23 10:13:26,569 | App.model | INFO | Calculating target value ratios
2025-07-23 10:13:26,570 | App.naive_bayes | INFO | Making prediction...
2025-07-23 10:13:26,570 | App.naive_bayes | INFO | Calculating posteriors...
2025-07-23 10:13:26,570 | App.naive_bayes | INFO | Posterior calculation completed
2025-07-23 10:13:26,570 | App.naive_bayes | INFO | Prediction result: Sour
2025-07-23 10:13:26,570 | App.model | INFO | Calculating target value ratios
2025-07-23 10:13:26,571 | App.naive_bayes | INFO | Making prediction...
2025-07-23 10:13:26,571 | App.naive_bayes | INFO | Calculating posteriors...
2025-07-23 10:13:26,571 | App.naive_bayes | INFO | Posterior calculation completed
2025-07-23 10:13:26,571 | App.naive_bayes | INFO | Prediction result: Sour
2025-07-23 10:13:26,571 | App.model | INFO | Calculating target value ratios
2025-07-23 10:13:26,571 | App.naive_bayes | INFO | Making prediction...
2025-07-23 10:13:26,571 | App.naive_bayes | INFO | Calculating posteriors...
2025-07-23 10:13:26,571 | App.naive_bayes | INFO | Posterior calculation completed
2025-07-23 10:13:26,571 | App.naive_bayes | INFO | Prediction result: Salty
2025-07-23 10:13:26,571 | App.model | INFO | Calculating target value ratios
2025-07-23 10:13:26,572 | App.naive_bayes | INFO | Making prediction...
2025-07-23 10:13:26,572 | App.naive_bayes | INFO | Calculating posteriors...
2025-07-23 10:13:26,572 | App.naive_bayes | INFO | Posterior calculation completed
2025-07-23 10:13:26,572 | App.naive_bayes | INFO | Prediction result: Sweet
2025-07-23 10:13:26,572 | App.model | INFO | Calculating target value ratios
2025-07-23 10:13:26,572 | App.naive_bayes | INFO | Making prediction...
2025-07-23 10:13:26,573 | App.naive_bayes | INFO | Calculating posteriors...
2025-07-23 10:13:26,573 | App.naive_bayes | INFO | Posterior calculation completed
2025-07-23 10:13:26,573 | App.naive_bayes | INFO | Prediction result: Sweet
2025-07-23 10:13:26,573 | App.model | INFO | Calculating target value ratios
2025-07-23 10:13:26,573 | App.naive_bayes | INFO | Making prediction...
2025-07-23 10:13:26,573 | App.naive_bayes | INFO | Calculating posteriors...
2025-07-23 10:13:26,573 | App.naive_bayes | INFO | Posterior calculation completed
2025-07-23 10:13:26,573 | App.naive_bayes | INFO | Prediction result: Sour
2025-07-23 10:13:26,573 | App.model | INFO | Calculating target value ratios
2025-07-23 10:13:26,574 | App.naive_bayes | INFO | Making prediction...
2025-07-23 10:13:26,574 | App.naive_bayes | INFO | Calculating posteriors...
2025-07-23 10:13:26,574 | App.naive_bayes | INFO | Posterior calculation completed
2025-07-23 10:13:26,574 | App.naive_bayes | INFO | Prediction result: Sour
2025-07-23 10:13:26,574 | App.model | INFO | Calculating target value ratios
2025-07-23 10:13:26,574 | App.naive_bayes | INFO | Making prediction...
2025-07-23 10:13:26,575 | App.naive_bayes | INFO | Calculating posteriors...
2025-07-23 10:13:26,575 | App.naive_bayes | INFO | Posterior calculation completed
2025-07-23 10:13:26,575 | App.naive_bayes | INFO | Prediction result: Salty
2025-07-23 10:13:26,575 | App.model | INFO | Calculating target value ratios
2025-07-23 10:13:26,575 | App.naive_bayes | INFO | Making prediction...
2025-07-23 10:13:26,575 | App.naive_bayes | INFO | Calculating posteriors...
2025-07-23 10:13:26,575 | App.naive_bayes | INFO | Posterior calculation completed
2025-07-23 10:13:26,575 | App.naive_bayes | INFO | Prediction result: Sour
2025-07-23 10:13:26,575 | App.model | INFO | Calculating target value ratios
2025-07-23 10:13:26,576 | App.naive_bayes | INFO | Making prediction...
2025-07-23 10:13:26,576 | App.naive_bayes | INFO | Calculating posteriors...
2025-07-23 10:13:26,576 | App.naive_bayes | INFO | Posterior calculation completed
2025-07-23 10:13:26,576 | App.naive_bayes | INFO | Prediction result: Sweet
2025-07-23 10:13:26,576 | App.model | INFO | Calculating target value ratios
2025-07-23 10:13:26,577 | App.naive_bayes | INFO | Making prediction...
2025-07-23 10:13:26,577 | App.naive_bayes | INFO | Calculating posteriors...
2025-07-23 10:13:26,577 | App.naive_bayes | INFO | Posterior calculation completed
2025-07-23 10:13:26,577 | App.naive_bayes | INFO | Prediction result: Sweet
2025-07-23 10:13:26,577 | App.model | INFO | Calculating target value ratios
2025-07-23 10:13:26,577 | App.naive_bayes | INFO | Making prediction...
2025-07-23 10:13:26,577 | App.naive_bayes | INFO | Calculating posteriors...
2025-07-23 10:13:26,577 | App.naive_bayes | INFO | Posterior calculation completed
2025-07-23 10:13:26,577 | App.naive_bayes | INFO | Prediction result: Sweet
2025-07-23 10:13:26,577 | App.model | INFO | Calculating target value ratios
2025-07-23 10:13:26,578 | App.naive_bayes | INFO | Making prediction...
2025-07-23 10:13:26,578 | App.naive_bayes | INFO | Calculating posteriors...
2025-07-23 10:13:26,578 | App.naive_bayes | INFO | Posterior calculation completed
2025-07-23 10:13:26,578 | App.naive_bayes | INFO | Prediction result: Salty
2025-07-23 10:13:26,578 | App.model | INFO | Calculating target value ratios
2025-07-23 10:13:26,579 | App.naive_bayes | INFO | Making prediction...
2025-07-23 10:13:26,579 | App.naive_bayes | INFO | Calculating posteriors...
2025-07-23 10:13:26,579 | App.naive_bayes | INFO | Posterior calculation completed
2025-07-23 10:13:26,579 | App.naive_bayes | INFO | Prediction result: Sweet
2025-07-23 10:13:26,579 | App.model | INFO | Calculating target value ratios
2025-07-23 10:13:26,579 | App.naive_bayes | INFO | Making prediction...
2025-07-23 10:13:26,579 | App.naive_bayes | INFO | Calculating posteriors...
2025-07-23 10:13:26,579 | App.naive_bayes | INFO | Posterior calculation completed
2025-07-23 10:13:26,579 | App.naive_bayes | INFO | Prediction result: Sweet
2025-07-23 10:13:26,579 | App.model | INFO | Calculating target value ratios
2025-07-23 10:13:26,580 | App.naive_bayes | INFO | Making prediction...
2025-07-23 10:13:26,580 | App.naive_bayes | INFO | Calculating posteriors...
2025-07-23 10:13:26,580 | App.naive_bayes | INFO | Posterior calculation completed
2025-07-23 10:13:26,580 | App.naive_bayes | INFO | Prediction result: Sweet
2025-07-23 10:13:26,580 | App.model | INFO | Calculating target value ratios
2025-07-23 10:13:26,581 | App.naive_bayes | INFO | Making prediction...
2025-07-23 10:13:26,581 | App.naive_bayes | INFO | Calculating posteriors...
2025-07-23 10:13:26,581 | App.naive_bayes | INFO | Posterior calculation completed
2025-07-23 10:13:26,581 | App.naive_bayes | INFO | Prediction result: Spicy
2025-07-23 10:13:26,581 | App.model | INFO | Calculating target value ratios
2025-07-23 10:13:26,581 | App.naive_bayes | INFO | Making prediction...
2025-07-23 10:13:26,581 | App.naive_bayes | INFO | Calculating posteriors...
2025-07-23 10:13:26,581 | App.naive_bayes | INFO | Posterior calculation completed
2025-07-23 10:13:26,581 | App.naive_bayes | INFO | Prediction result: Sweet
2025-07-23 10:13:26,581 | App.model | INFO | Calculating target value ratios
2025-07-23 10:13:26,582 | App.naive_bayes | INFO | Making prediction...
2025-07-23 10:13:26,582 | App.naive_bayes | INFO | Calculating posteriors...
2025-07-23 10:13:26,582 | App.naive_bayes | INFO | Posterior calculation completed
2025-07-23 10:13:26,582 | App.naive_bayes | INFO | Prediction result: Sour
2025-07-23 10:13:26,582 | App.model | INFO | Calculating target value ratios
2025-07-23 10:13:26,583 | App.naive_bayes | INFO | Making prediction...
2025-07-23 10:13:26,583 | App.naive_bayes | INFO | Calculating posteriors...
2025-07-23 10:13:26,583 | App.naive_bayes | INFO | Posterior calculation completed
2025-07-23 10:13:26,583 | App.naive_bayes | INFO | Prediction result: Sour
2025-07-23 10:13:26,583 | App.model | INFO | Calculating target value ratios
2025-07-23 10:13:26,583 | App.naive_bayes | INFO | Making prediction...
2025-07-23 10:13:26,583 | App.naive_bayes | INFO | Calculating posteriors...
2025-07-23 10:13:26,583 | App.naive_bayes | INFO | Posterior calculation completed
2025-07-23 10:13:26,583 | App.naive_bayes | INFO | Prediction result: Sour
2025-07-23 10:13:26,583 | App.model | INFO | Calculating target value ratios
2025-07-23 10:13:26,584 | App.naive_bayes | INFO | Making prediction...
2025-07-23 10:13:26,584 | App.naive_bayes | INFO | Calculating posteriors...
2025-07-23 10:13:26,584 | App.naive_bayes | INFO | Posterior calculation completed
2025-07-23 10:13:26,584 | App.naive_bayes | INFO | Prediction result: Sour
2025-07-23 10:13:26,584 | App.model | INFO | Calculating target value ratios
2025-07-23 10:13:26,585 | App.naive_bayes | INFO | Making prediction...
2025-07-23 10:13:26,585 | App.naive_bayes | INFO | Calculating posteriors...
2025-07-23 10:13:26,585 | App.naive_bayes | INFO | Posterior calculation completed
2025-07-23 10:13:26,585 | App.naive_bayes | INFO | Prediction result: Sweet
2025-07-23 10:13:26,585 | App.model | INFO | Calculating target value ratios
2025-07-23 10:13:26,585 | App.naive_bayes | INFO | Making prediction...
2025-07-23 10:13:26,585 | App.naive_bayes | INFO | Calculating posteriors...
2025-07-23 10:13:26,585 | App.naive_bayes | INFO | Posterior calculation completed
2025-07-23 10:13:26,585 | App.naive_bayes | INFO | Prediction result: Sweet
2025-07-23 10:13:26,585 | App.model | INFO | Calculating target value ratios
2025-07-23 10:13:26,586 | App.naive_bayes | INFO | Making prediction...
2025-07-23 10:13:26,586 | App.naive_bayes | INFO | Calculating posteriors...
2025-07-23 10:13:26,586 | App.naive_bayes | INFO | Posterior calculation completed
2025-07-23 10:13:26,586 | App.naive_bayes | INFO | Prediction result: Salty
2025-07-23 10:13:26,586 | App.model | INFO | Calculating target value ratios
2025-07-23 10:13:26,586 | App.naive_bayes | INFO | Making prediction...
2025-07-23 10:13:26,587 | App.naive_bayes | INFO | Calculating posteriors...
2025-07-23 10:13:26,587 | App.naive_bayes | INFO | Posterior calculation completed
2025-07-23 10:13:26,587 | App.naive_bayes | INFO | Prediction result: Sweet
2025-07-23 10:13:26,587 | App.model | INFO | Calculating target value ratios
2025-07-23 10:13:26,587 | App.naive_bayes | INFO | Making prediction...
2025-07-23 10:13:26,587 | App.naive_bayes | INFO | Calculating posteriors...
2025-07-23 10:13:26,587 | App.naive_bayes | INFO | Posterior calculation completed
2025-07-23 10:13:26,587 | App.naive_bayes | INFO | Prediction result: Sweet
2025-07-23 10:13:26,587 | App.model | INFO | Calculating target value ratios
2025-07-23 10:13:26,588 | App.naive_bayes | INFO | Making prediction...
2025-07-23 10:13:26,588 | App.naive_bayes | INFO | Calculating posteriors...
2025-07-23 10:13:26,588 | App.naive_bayes | INFO | Posterior calculation completed
2025-07-23 10:13:26,588 | App.naive_bayes | INFO | Prediction result: Sour
2025-07-23 10:13:26,588 | App.model | INFO | Calculating target value ratios
2025-07-23 10:13:26,588 | App.naive_bayes | INFO | Making prediction...
2025-07-23 10:13:26,589 | App.naive_bayes | INFO | Calculating posteriors...
2025-07-23 10:13:26,589 | App.naive_bayes | INFO | Posterior calculation completed
2025-07-23 10:13:26,589 | App.naive_bayes | INFO | Prediction result: Sweet
2025-07-23 10:13:26,589 | App.model | INFO | Calculating target value ratios
2025-07-23 10:13:26,589 | App.naive_bayes | INFO | Making prediction...
2025-07-23 10:13:26,589 | App.naive_bayes | INFO | Calculating posteriors...
2025-07-23 10:13:26,589 | App.naive_bayes | INFO | Posterior calculation completed
2025-07-23 10:13:26,589 | App.naive_bayes | INFO | Prediction result: Salty
2025-07-23 10:13:26,589 | App.model | INFO | Calculating target value ratios
2025-07-23 10:13:26,590 | App.naive_bayes | INFO | Making prediction...
2025-07-23 10:13:26,590 | App.naive_bayes | INFO | Calculating posteriors...
2025-07-23 10:13:26,590 | App.naive_bayes | INFO | Posterior calculation completed
2025-07-23 10:13:26,590 | App.naive_bayes | INFO | Prediction result: Salty
2025-07-23 10:13:26,590 | App.model | INFO | Calculating target value ratios
2025-07-23 10:13:26,590 | App.naive_bayes | INFO | Making prediction...
2025-07-23 10:13:26,590 | App.naive_bayes | INFO | Calculating posteriors...
2025-07-23 10:13:26,591 | App.naive_bayes | INFO | Posterior calculation completed
2025-07-23 10:13:26,591 | App.naive_bayes | INFO | Prediction result: Sweet
2025-07-23 10:13:26,591 | App.model | INFO | Calculating target value ratios
2025-07-23 10:13:26,591 | App.naive_bayes | INFO | Making prediction...
2025-07-23 10:13:26,591 | App.naive_bayes | INFO | Calculating posteriors...
2025-07-23 10:13:26,591 | App.naive_bayes | INFO | Posterior calculation completed
2025-07-23 10:13:26,591 | App.naive_bayes | INFO | Prediction result: Sweet
2025-07-23 10:13:26,591 | App.model | INFO | Calculating target value ratios
2025-07-23 10:13:26,592 | App.naive_bayes | INFO | Making prediction...
2025-07-23 10:13:26,592 | App.naive_bayes | INFO | Calculating posteriors...
2025-07-23 10:13:26,592 | App.naive_bayes | INFO | Posterior calculation completed
2025-07-23 10:13:26,592 | App.naive_bayes | INFO | Prediction result: Sweet
2025-07-23 10:13:26,592 | App.model | INFO | Calculating target value ratios
2025-07-23 10:13:26,593 | App.naive_bayes | INFO | Making prediction...
2025-07-23 10:13:26,593 | App.naive_bayes | INFO | Calculating posteriors...
2025-07-23 10:13:26,593 | App.naive_bayes | INFO | Posterior calculation completed
2025-07-23 10:13:26,593 | App.naive_bayes | INFO | Prediction result: Sour
2025-07-23 10:13:26,593 | App.model | INFO | Calculating target value ratios
2025-07-23 10:13:26,593 | App.naive_bayes | INFO | Making prediction...
2025-07-23 10:13:26,593 | App.naive_bayes | INFO | Calculating posteriors...
2025-07-23 10:13:26,593 | App.naive_bayes | INFO | Posterior calculation completed
2025-07-23 10:13:26,593 | App.naive_bayes | INFO | Prediction result: Sour
2025-07-23 10:13:26,593 | App.model | INFO | Calculating target value ratios
2025-07-23 10:13:26,594 | App.naive_bayes | INFO | Making prediction...
2025-07-23 10:13:26,594 | App.naive_bayes | INFO | Calculating posteriors...
2025-07-23 10:13:26,594 | App.naive_bayes | INFO | Posterior calculation completed
2025-07-23 10:13:26,594 | App.naive_bayes | INFO | Prediction result: Sour
2025-07-23 10:13:26,594 | App.model | INFO | Calculating target value ratios
2025-07-23 10:13:26,595 | App.naive_bayes | INFO | Making prediction...
2025-07-23 10:13:26,595 | App.naive_bayes | INFO | Calculating posteriors...
2025-07-23 10:13:26,595 | App.naive_bayes | INFO | Posterior calculation completed
2025-07-23 10:13:26,595 | App.naive_bayes | INFO | Prediction result: Salty
2025-07-23 10:13:26,595 | App.model | INFO | Calculating target value ratios
2025-07-23 10:13:26,595 | App.naive_bayes | INFO | Making prediction...
2025-07-23 10:13:26,595 | App.naive_bayes | INFO | Calculating posteriors...
2025-07-23 10:13:26,595 | App.naive_bayes | INFO | Posterior calculation completed
2025-07-23 10:13:26,595 | App.naive_bayes | INFO | Prediction result: Sour
2025-07-23 10:13:26,595 | App.model | INFO | Calculating target value ratios
2025-07-23 10:13:26,596 | App.naive_bayes | INFO | Making prediction...
2025-07-23 10:13:26,596 | App.naive_bayes | INFO | Calculating posteriors...
2025-07-23 10:13:26,596 | App.naive_bayes | INFO | Posterior calculation completed
2025-07-23 10:13:26,596 | App.naive_bayes | INFO | Prediction result: Sweet
2025-07-23 10:13:26,596 | App.model | INFO | Calculating target value ratios
2025-07-23 10:13:26,597 | App.naive_bayes | INFO | Making prediction...
2025-07-23 10:13:26,597 | App.naive_bayes | INFO | Calculating posteriors...
2025-07-23 10:13:26,597 | App.naive_bayes | INFO | Posterior calculation completed
2025-07-23 10:13:26,597 | App.naive_bayes | INFO | Prediction result: Sweet
2025-07-23 10:13:26,597 | App.model | INFO | Calculating target value ratios
2025-07-23 10:13:26,598 | App.naive_bayes | INFO | Making prediction...
2025-07-23 10:13:26,598 | App.naive_bayes | INFO | Calculating posteriors...
2025-07-23 10:13:26,598 | App.naive_bayes | INFO | Posterior calculation completed
2025-07-23 10:13:26,598 | App.naive_bayes | INFO | Prediction result: Sour
2025-07-23 10:13:26,598 | App.model | INFO | Calculating target value ratios
2025-07-23 10:13:26,598 | App.naive_bayes | INFO | Making prediction...
2025-07-23 10:13:26,598 | App.naive_bayes | INFO | Calculating posteriors...
2025-07-23 10:13:26,598 | App.naive_bayes | INFO | Posterior calculation completed
2025-07-23 10:13:26,598 | App.naive_bayes | INFO | Prediction result: Salty
2025-07-23 10:13:26,598 | App.model | INFO | Calculating target value ratios
2025-07-23 10:13:26,599 | App.naive_bayes | INFO | Making prediction...
2025-07-23 10:13:26,599 | App.naive_bayes | INFO | Calculating posteriors...
2025-07-23 10:13:26,599 | App.naive_bayes | INFO | Posterior calculation completed
2025-07-23 10:13:26,599 | App.naive_bayes | INFO | Prediction result: Sweet
2025-07-23 10:13:26,599 | App.model | INFO | Calculating target value ratios
2025-07-23 10:13:26,600 | App.naive_bayes | INFO | Making prediction...
2025-07-23 10:13:26,600 | App.naive_bayes | INFO | Calculating posteriors...
2025-07-23 10:13:26,600 | App.naive_bayes | INFO | Posterior calculation completed
2025-07-23 10:13:26,600 | App.naive_bayes | INFO | Prediction result: Sweet
2025-07-23 10:13:26,600 | App.model | INFO | Calculating target value ratios
2025-07-23 10:13:26,600 | App.naive_bayes | INFO | Making prediction...
2025-07-23 10:13:26,600 | App.naive_bayes | INFO | Calculating posteriors...
2025-07-23 10:13:26,600 | App.naive_bayes | INFO | Posterior calculation completed
2025-07-23 10:13:26,600 | App.naive_bayes | INFO | Prediction result: Salty
2025-07-23 10:13:26,600 | App.model | INFO | Calculating target value ratios
2025-07-23 10:13:26,601 | App.naive_bayes | INFO | Making prediction...
2025-07-23 10:13:26,601 | App.naive_bayes | INFO | Calculating posteriors...
2025-07-23 10:13:26,601 | App.naive_bayes | INFO | Posterior calculation completed
2025-07-23 10:13:26,601 | App.naive_bayes | INFO | Prediction result: Sweet
2025-07-23 10:13:26,601 | App.model | INFO | Calculating target value ratios
2025-07-23 10:13:26,602 | App.naive_bayes | INFO | Making prediction...
2025-07-23 10:13:26,602 | App.naive_bayes | INFO | Calculating posteriors...
2025-07-23 10:13:26,602 | App.naive_bayes | INFO | Posterior calculation completed
2025-07-23 10:13:26,602 | App.naive_bayes | INFO | Prediction result: Sweet
2025-07-23 10:13:26,602 | App.model | INFO | Calculating target value ratios
2025-07-23 10:13:26,602 | App.naive_bayes | INFO | Making prediction...
2025-07-23 10:13:26,602 | App.naive_bayes | INFO | Calculating posteriors...
2025-07-23 10:13:26,602 | App.naive_bayes | INFO | Posterior calculation completed
2025-07-23 10:13:26,602 | App.naive_bayes | INFO | Prediction result: Sweet
2025-07-23 10:13:26,602 | App.model | INFO | Calculating target value ratios
2025-07-23 10:13:26,603 | App.naive_bayes | INFO | Making prediction...
2025-07-23 10:13:26,603 | App.naive_bayes | INFO | Calculating posteriors...
2025-07-23 10:13:26,603 | App.naive_bayes | INFO | Posterior calculation completed
2025-07-23 10:13:26,603 | App.naive_bayes | INFO | Prediction result: Sour
2025-07-23 10:13:26,603 | App.model | INFO | Calculating target value ratios
2025-07-23 10:13:26,604 | App.naive_bayes | INFO | Making prediction...
2025-07-23 10:13:26,604 | App.naive_bayes | INFO | Calculating posteriors...
2025-07-23 10:13:26,604 | App.naive_bayes | INFO | Posterior calculation completed
2025-07-23 10:13:26,604 | App.naive_bayes | INFO | Prediction result: Sour
2025-07-23 10:13:26,604 | App.model | INFO | Calculating target value ratios
2025-07-23 10:13:26,604 | App.naive_bayes | INFO | Making prediction...
2025-07-23 10:13:26,604 | App.naive_bayes | INFO | Calculating posteriors...
2025-07-23 10:13:26,605 | App.naive_bayes | INFO | Posterior calculation completed
2025-07-23 10:13:26,605 | App.naive_bayes | INFO | Prediction result: Sweet
2025-07-23 10:13:26,605 | App.model | INFO | Calculating target value ratios
2025-07-23 10:13:26,605 | App.naive_bayes | INFO | Making prediction...
2025-07-23 10:13:26,605 | App.naive_bayes | INFO | Calculating posteriors...
2025-07-23 10:13:26,605 | App.naive_bayes | INFO | Posterior calculation completed
2025-07-23 10:13:26,605 | App.naive_bayes | INFO | Prediction result: Sour
2025-07-23 10:13:26,605 | App.model | INFO | Calculating target value ratios
2025-07-23 10:13:26,606 | App.naive_bayes | INFO | Making prediction...
2025-07-23 10:13:26,606 | App.naive_bayes | INFO | Calculating posteriors...
2025-07-23 10:13:26,606 | App.naive_bayes | INFO | Posterior calculation completed
2025-07-23 10:13:26,606 | App.naive_bayes | INFO | Prediction result: Salty
2025-07-23 10:13:26,606 | App.model | INFO | Calculating target value ratios
2025-07-23 10:13:26,606 | App.naive_bayes | INFO | Making prediction...
2025-07-23 10:13:26,607 | App.naive_bayes | INFO | Calculating posteriors...
2025-07-23 10:13:26,607 | App.naive_bayes | INFO | Posterior calculation completed
2025-07-23 10:13:26,607 | App.naive_bayes | INFO | Prediction result: Salty
2025-07-23 10:13:26,607 | App.model | INFO | Calculating target value ratios
2025-07-23 10:13:26,607 | App.naive_bayes | INFO | Making prediction...
2025-07-23 10:13:26,607 | App.naive_bayes | INFO | Calculating posteriors...
2025-07-23 10:13:26,607 | App.naive_bayes | INFO | Posterior calculation completed
2025-07-23 10:13:26,607 | App.naive_bayes | INFO | Prediction result: Sweet
2025-07-23 10:13:26,607 | App.model | INFO | Calculating target value ratios
2025-07-23 10:13:26,608 | App.naive_bayes | INFO | Making prediction...
2025-07-23 10:13:26,608 | App.naive_bayes | INFO | Calculating posteriors...
2025-07-23 10:13:26,608 | App.naive_bayes | INFO | Posterior calculation completed
2025-07-23 10:13:26,608 | App.naive_bayes | INFO | Prediction result: Sweet
2025-07-23 10:13:26,608 | App.model | INFO | Calculating target value ratios
2025-07-23 10:13:26,609 | App.naive_bayes | INFO | Making prediction...
2025-07-23 10:13:26,609 | App.naive_bayes | INFO | Calculating posteriors...
2025-07-23 10:13:26,609 | App.naive_bayes | INFO | Posterior calculation completed
2025-07-23 10:13:26,609 | App.naive_bayes | INFO | Prediction result: Salty
2025-07-23 10:13:26,609 | App.model | INFO | Calculating target value ratios
2025-07-23 10:13:26,609 | App.naive_bayes | INFO | Making prediction...
2025-07-23 10:13:26,609 | App.naive_bayes | INFO | Calculating posteriors...
2025-07-23 10:13:26,609 | App.naive_bayes | INFO | Posterior calculation completed
2025-07-23 10:13:26,609 | App.naive_bayes | INFO | Prediction result: Sweet
2025-07-23 10:13:26,609 | App.model | INFO | Calculating target value ratios
2025-07-23 10:13:26,610 | App.naive_bayes | INFO | Making prediction...
2025-07-23 10:13:26,610 | App.naive_bayes | INFO | Calculating posteriors...
2025-07-23 10:13:26,610 | App.naive_bayes | INFO | Posterior calculation completed
2025-07-23 10:13:26,610 | App.naive_bayes | INFO | Prediction result: Sweet
2025-07-23 10:13:26,610 | App.model | INFO | Calculating target value ratios
2025-07-23 10:13:26,611 | App.naive_bayes | INFO | Making prediction...
2025-07-23 10:13:26,611 | App.naive_bayes | INFO | Calculating posteriors...
2025-07-23 10:13:26,611 | App.naive_bayes | INFO | Posterior calculation completed
2025-07-23 10:13:26,611 | App.naive_bayes | INFO | Prediction result: Salty
2025-07-23 10:13:26,611 | App.model | INFO | Calculating target value ratios
2025-07-23 10:13:26,611 | App.naive_bayes | INFO | Making prediction...
2025-07-23 10:13:26,611 | App.naive_bayes | INFO | Calculating posteriors...
2025-07-23 10:13:26,611 | App.naive_bayes | INFO | Posterior calculation completed
2025-07-23 10:13:26,611 | App.naive_bayes | INFO | Prediction result: Sour
2025-07-23 10:13:26,611 | App.model | INFO | Calculating target value ratios
2025-07-23 10:13:26,612 | App.naive_bayes | INFO | Making prediction...
2025-07-23 10:13:26,612 | App.naive_bayes | INFO | Calculating posteriors...
2025-07-23 10:13:26,612 | App.naive_bayes | INFO | Posterior calculation completed
2025-07-23 10:13:26,612 | App.naive_bayes | INFO | Prediction result: Sweet
2025-07-23 10:13:26,612 | App.model | INFO | Calculating target value ratios
2025-07-23 10:13:26,613 | App.naive_bayes | INFO | Making prediction...
2025-07-23 10:13:26,613 | App.naive_bayes | INFO | Calculating posteriors...
2025-07-23 10:13:26,613 | App.naive_bayes | INFO | Posterior calculation completed
2025-07-23 10:13:26,613 | App.naive_bayes | INFO | Prediction result: Sour
2025-07-23 10:13:26,613 | App.model | INFO | Calculating target value ratios
2025-07-23 10:13:26,613 | App.naive_bayes | INFO | Making prediction...
2025-07-23 10:13:26,613 | App.naive_bayes | INFO | Calculating posteriors...
2025-07-23 10:13:26,613 | App.naive_bayes | INFO | Posterior calculation completed
2025-07-23 10:13:26,613 | App.naive_bayes | INFO | Prediction result: Salty
2025-07-23 10:13:26,613 | App.model | INFO | Calculating target value ratios
2025-07-23 10:13:26,614 | App.naive_bayes | INFO | Making prediction...
2025-07-23 10:13:26,614 | App.naive_bayes | INFO | Calculating posteriors...
2025-07-23 10:13:26,614 | App.naive_bayes | INFO | Posterior calculation completed
2025-07-23 10:13:26,614 | App.naive_bayes | INFO | Prediction result: Salty
2025-07-23 10:13:26,614 | App.model | INFO | Calculating target value ratios
2025-07-23 10:13:26,615 | App.naive_bayes | INFO | Making prediction...
2025-07-23 10:13:26,615 | App.naive_bayes | INFO | Calculating posteriors...
2025-07-23 10:13:26,615 | App.naive_bayes | INFO | Posterior calculation completed
2025-07-23 10:13:26,615 | App.naive_bayes | INFO | Prediction result: Sour
2025-07-23 10:13:26,615 | App.model | INFO | Calculating target value ratios
2025-07-23 10:13:26,615 | App.naive_bayes | INFO | Making prediction...
2025-07-23 10:13:26,615 | App.naive_bayes | INFO | Calculating posteriors...
2025-07-23 10:13:26,615 | App.naive_bayes | INFO | Posterior calculation completed
2025-07-23 10:13:26,615 | App.naive_bayes | INFO | Prediction result: Sour
2025-07-23 10:13:26,615 | App.model | INFO | Calculating target value ratios
2025-07-23 10:13:26,616 | App.naive_bayes | INFO | Making prediction...
2025-07-23 10:13:26,616 | App.naive_bayes | INFO | Calculating posteriors...
2025-07-23 10:13:26,616 | App.naive_bayes | INFO | Posterior calculation completed
2025-07-23 10:13:26,616 | App.naive_bayes | INFO | Prediction result: Sweet
2025-07-23 10:13:26,616 | App.model | INFO | Calculating target value ratios
2025-07-23 10:13:26,617 | App.naive_bayes | INFO | Making prediction...
2025-07-23 10:13:26,617 | App.naive_bayes | INFO | Calculating posteriors...
2025-07-23 10:13:26,617 | App.naive_bayes | INFO | Posterior calculation completed
2025-07-23 10:13:26,617 | App.naive_bayes | INFO | Prediction result: Salty
2025-07-23 10:13:26,617 | App.model | INFO | Calculating target value ratios
2025-07-23 10:13:26,617 | App.naive_bayes | INFO | Making prediction...
2025-07-23 10:13:26,617 | App.naive_bayes | INFO | Calculating posteriors...
2025-07-23 10:13:26,617 | App.naive_bayes | INFO | Posterior calculation completed
2025-07-23 10:13:26,617 | App.naive_bayes | INFO | Prediction result: Sweet
2025-07-23 10:13:26,617 | App.model | INFO | Calculating target value ratios
2025-07-23 10:13:26,618 | App.naive_bayes | INFO | Making prediction...
2025-07-23 10:13:26,618 | App.naive_bayes | INFO | Calculating posteriors...
2025-07-23 10:13:26,618 | App.naive_bayes | INFO | Posterior calculation completed
2025-07-23 10:13:26,618 | App.naive_bayes | INFO | Prediction result: Sweet
2025-07-23 10:13:26,618 | App.model | INFO | Calculating target value ratios
2025-07-23 10:13:26,619 | App.naive_bayes | INFO | Making prediction...
2025-07-23 10:13:26,619 | App.naive_bayes | INFO | Calculating posteriors...
2025-07-23 10:13:26,619 | App.naive_bayes | INFO | Posterior calculation completed
2025-07-23 10:13:26,619 | App.naive_bayes | INFO | Prediction result: Sweet
2025-07-23 10:13:26,619 | App.model | INFO | Calculating target value ratios
2025-07-23 10:13:26,619 | App.naive_bayes | INFO | Making prediction...
2025-07-23 10:13:26,619 | App.naive_bayes | INFO | Calculating posteriors...
2025-07-23 10:13:26,619 | App.naive_bayes | INFO | Posterior calculation completed
2025-07-23 10:13:26,619 | App.naive_bayes | INFO | Prediction result: Sour
2025-07-23 10:13:26,619 | App.model | INFO | Calculating target value ratios
2025-07-23 10:13:26,620 | App.naive_bayes | INFO | Making prediction...
2025-07-23 10:13:26,620 | App.naive_bayes | INFO | Calculating posteriors...
2025-07-23 10:13:26,620 | App.naive_bayes | INFO | Posterior calculation completed
2025-07-23 10:13:26,620 | App.naive_bayes | INFO | Prediction result: Sour
2025-07-23 10:13:26,620 | App.model | INFO | Calculating target value ratios
2025-07-23 10:13:26,621 | App.naive_bayes | INFO | Making prediction...
2025-07-23 10:13:26,621 | App.naive_bayes | INFO | Calculating posteriors...
2025-07-23 10:13:26,621 | App.naive_bayes | INFO | Posterior calculation completed
2025-07-23 10:13:26,621 | App.naive_bayes | INFO | Prediction result: Salty
2025-07-23 10:13:26,621 | App.model | INFO | Calculating target value ratios
2025-07-23 10:13:26,621 | App.naive_bayes | INFO | Making prediction...
2025-07-23 10:13:26,621 | App.naive_bayes | INFO | Calculating posteriors...
2025-07-23 10:13:26,621 | App.naive_bayes | INFO | Posterior calculation completed
2025-07-23 10:13:26,621 | App.naive_bayes | INFO | Prediction result: Sour
2025-07-23 10:13:26,621 | App.model | INFO | Calculating target value ratios
2025-07-23 10:13:26,622 | App.naive_bayes | INFO | Making prediction...
2025-07-23 10:13:26,622 | App.naive_bayes | INFO | Calculating posteriors...
2025-07-23 10:13:26,622 | App.naive_bayes | INFO | Posterior calculation completed
2025-07-23 10:13:26,622 | App.naive_bayes | INFO | Prediction result: Salty
2025-07-23 10:13:26,622 | App.model | INFO | Calculating target value ratios
2025-07-23 10:13:26,622 | App.naive_bayes | INFO | Making prediction...
2025-07-23 10:13:26,623 | App.naive_bayes | INFO | Calculating posteriors...
2025-07-23 10:13:26,623 | App.naive_bayes | INFO | Posterior calculation completed
2025-07-23 10:13:26,623 | App.naive_bayes | INFO | Prediction result: Sweet
2025-07-23 10:13:26,623 | App.model | INFO | Calculating target value ratios
2025-07-23 10:13:26,623 | App.naive_bayes | INFO | Making prediction...
2025-07-23 10:13:26,623 | App.naive_bayes | INFO | Calculating posteriors...
2025-07-23 10:13:26,623 | App.naive_bayes | INFO | Posterior calculation completed
2025-07-23 10:13:26,623 | App.naive_bayes | INFO | Prediction result: Sweet
2025-07-23 10:13:26,623 | App.model | INFO | Calculating target value ratios
2025-07-23 10:13:26,624 | App.naive_bayes | INFO | Making prediction...
2025-07-23 10:13:26,624 | App.naive_bayes | INFO | Calculating posteriors...
2025-07-23 10:13:26,624 | App.naive_bayes | INFO | Posterior calculation completed
2025-07-23 10:13:26,624 | App.naive_bayes | INFO | Prediction result: Sour
2025-07-23 10:13:26,624 | App.model | INFO | Calculating target value ratios
2025-07-23 10:13:26,624 | App.naive_bayes | INFO | Making prediction...
2025-07-23 10:13:26,625 | App.naive_bayes | INFO | Calculating posteriors...
2025-07-23 10:13:26,625 | App.naive_bayes | INFO | Posterior calculation completed
2025-07-23 10:13:26,625 | App.naive_bayes | INFO | Prediction result: Sour
2025-07-23 10:13:26,625 | App.model | INFO | Calculating target value ratios
2025-07-23 10:13:26,625 | App.naive_bayes | INFO | Making prediction...
2025-07-23 10:13:26,625 | App.naive_bayes | INFO | Calculating posteriors...
2025-07-23 10:13:26,625 | App.naive_bayes | INFO | Posterior calculation completed
2025-07-23 10:13:26,625 | App.naive_bayes | INFO | Prediction result: Sweet
2025-07-23 10:13:26,625 | App.model | INFO | Calculating target value ratios
2025-07-23 10:13:26,626 | App.naive_bayes | INFO | Making prediction...
2025-07-23 10:13:26,626 | App.naive_bayes | INFO | Calculating posteriors...
2025-07-23 10:13:26,626 | App.naive_bayes | INFO | Posterior calculation completed
2025-07-23 10:13:26,626 | App.naive_bayes | INFO | Prediction result: Sour
2025-07-23 10:13:26,626 | App.model | INFO | Calculating target value ratios
2025-07-23 10:13:26,626 | App.naive_bayes | INFO | Making prediction...
2025-07-23 10:13:26,626 | App.naive_bayes | INFO | Calculating posteriors...
2025-07-23 10:13:26,626 | App.naive_bayes | INFO | Posterior calculation completed
2025-07-23 10:13:26,626 | App.naive_bayes | INFO | Prediction result: Sour
2025-07-23 10:13:26,627 | App.model | INFO | Calculating target value ratios
2025-07-23 10:13:26,627 | App.naive_bayes | INFO | Making prediction...
2025-07-23 10:13:26,627 | App.naive_bayes | INFO | Calculating posteriors...
2025-07-23 10:13:26,627 | App.naive_bayes | INFO | Posterior calculation completed
2025-07-23 10:13:26,627 | App.naive_bayes | INFO | Prediction result: Salty
2025-07-23 10:13:26,627 | App.model | INFO | Calculating target value ratios
2025-07-23 10:13:26,628 | App.naive_bayes | INFO | Making prediction...
2025-07-23 10:13:26,628 | App.naive_bayes | INFO | Calculating posteriors...
2025-07-23 10:13:26,628 | App.naive_bayes | INFO | Posterior calculation completed
2025-07-23 10:13:26,628 | App.naive_bayes | INFO | Prediction result: Sweet
2025-07-23 10:13:26,628 | App.model | INFO | Calculating target value ratios
2025-07-23 10:13:26,628 | App.naive_bayes | INFO | Making prediction...
2025-07-23 10:13:26,628 | App.naive_bayes | INFO | Calculating posteriors...
2025-07-23 10:13:26,628 | App.naive_bayes | INFO | Posterior calculation completed
2025-07-23 10:13:26,628 | App.naive_bayes | INFO | Prediction result: Sour
2025-07-23 10:13:26,629 | App.model | INFO | Calculating target value ratios
2025-07-23 10:13:26,629 | App.naive_bayes | INFO | Making prediction...
2025-07-23 10:13:26,629 | App.naive_bayes | INFO | Calculating posteriors...
2025-07-23 10:13:26,629 | App.naive_bayes | INFO | Posterior calculation completed
2025-07-23 10:13:26,629 | App.naive_bayes | INFO | Prediction result: Sour
2025-07-23 10:13:26,629 | App.model | INFO | Calculating target value ratios
2025-07-23 10:13:26,630 | App.naive_bayes | INFO | Making prediction...
2025-07-23 10:13:26,630 | App.naive_bayes | INFO | Calculating posteriors...
2025-07-23 10:13:26,630 | App.naive_bayes | INFO | Posterior calculation completed
2025-07-23 10:13:26,630 | App.naive_bayes | INFO | Prediction result: Salty
2025-07-23 10:13:26,630 | App.model | INFO | Calculating target value ratios
2025-07-23 10:13:26,630 | App.naive_bayes | INFO | Making prediction...
2025-07-23 10:13:26,630 | App.naive_bayes | INFO | Calculating posteriors...
2025-07-23 10:13:26,630 | App.naive_bayes | INFO | Posterior calculation completed
2025-07-23 10:13:26,630 | App.naive_bayes | INFO | Prediction result: Salty
2025-07-23 10:13:26,630 | App.model | INFO | Calculating target value ratios
2025-07-23 10:13:26,631 | App.naive_bayes | INFO | Making prediction...
2025-07-23 10:13:26,631 | App.naive_bayes | INFO | Calculating posteriors...
2025-07-23 10:13:26,631 | App.naive_bayes | INFO | Posterior calculation completed
2025-07-23 10:13:26,631 | App.naive_bayes | INFO | Prediction result: Sour
2025-07-23 10:13:26,631 | App.model | INFO | Calculating target value ratios
2025-07-23 10:13:26,631 | App.naive_bayes | INFO | Making prediction...
2025-07-23 10:13:26,631 | App.naive_bayes | INFO | Calculating posteriors...
2025-07-23 10:13:26,632 | App.naive_bayes | INFO | Posterior calculation completed
2025-07-23 10:13:26,632 | App.naive_bayes | INFO | Prediction result: Sweet
2025-07-23 10:13:26,632 | App.model | INFO | Calculating target value ratios
2025-07-23 10:13:26,632 | App.naive_bayes | INFO | Making prediction...
2025-07-23 10:13:26,632 | App.naive_bayes | INFO | Calculating posteriors...
2025-07-23 10:13:26,632 | App.naive_bayes | INFO | Posterior calculation completed
2025-07-23 10:13:26,632 | App.naive_bayes | INFO | Prediction result: Sweet
2025-07-23 10:13:26,632 | App.model | INFO | Calculating target value ratios
2025-07-23 10:13:26,633 | App.naive_bayes | INFO | Making prediction...
2025-07-23 10:13:26,633 | App.naive_bayes | INFO | Calculating posteriors...
2025-07-23 10:13:26,633 | App.naive_bayes | INFO | Posterior calculation completed
2025-07-23 10:13:26,633 | App.naive_bayes | INFO | Prediction result: Sweet
2025-07-23 10:13:26,633 | App.model | INFO | Calculating target value ratios
2025-07-23 10:13:26,633 | App.naive_bayes | INFO | Making prediction...
2025-07-23 10:13:26,633 | App.naive_bayes | INFO | Calculating posteriors...
2025-07-23 10:13:26,633 | App.naive_bayes | INFO | Posterior calculation completed
2025-07-23 10:13:26,633 | App.naive_bayes | INFO | Prediction result: Salty
2025-07-23 10:13:26,633 | App.model | INFO | Calculating target value ratios
2025-07-23 10:13:26,634 | App.naive_bayes | INFO | Making prediction...
2025-07-23 10:13:26,634 | App.naive_bayes | INFO | Calculating posteriors...
2025-07-23 10:13:26,634 | App.naive_bayes | INFO | Posterior calculation completed
2025-07-23 10:13:26,634 | App.naive_bayes | INFO | Prediction result: Sour
2025-07-23 10:13:26,634 | App.model | INFO | Calculating target value ratios
2025-07-23 10:13:26,635 | App.naive_bayes | INFO | Making prediction...
2025-07-23 10:13:26,635 | App.naive_bayes | INFO | Calculating posteriors...
2025-07-23 10:13:26,635 | App.naive_bayes | INFO | Posterior calculation completed
2025-07-23 10:13:26,635 | App.naive_bayes | INFO | Prediction result: Sour
2025-07-23 10:13:26,635 | App.model | INFO | Calculating target value ratios
2025-07-23 10:13:26,635 | App.naive_bayes | INFO | Making prediction...
2025-07-23 10:13:26,635 | App.naive_bayes | INFO | Calculating posteriors...
2025-07-23 10:13:26,635 | App.naive_bayes | INFO | Posterior calculation completed
2025-07-23 10:13:26,635 | App.naive_bayes | INFO | Prediction result: Sweet
2025-07-23 10:13:26,635 | App.model | INFO | Calculating target value ratios
2025-07-23 10:13:26,636 | App.naive_bayes | INFO | Making prediction...
2025-07-23 10:13:26,636 | App.naive_bayes | INFO | Calculating posteriors...
2025-07-23 10:13:26,636 | App.naive_bayes | INFO | Posterior calculation completed
2025-07-23 10:13:26,636 | App.naive_bayes | INFO | Prediction result: Sour
2025-07-23 10:13:26,636 | App.model | INFO | Calculating target value ratios
2025-07-23 10:13:26,636 | App.naive_bayes | INFO | Making prediction...
2025-07-23 10:13:26,637 | App.naive_bayes | INFO | Calculating posteriors...
2025-07-23 10:13:26,637 | App.naive_bayes | INFO | Posterior calculation completed
2025-07-23 10:13:26,637 | App.naive_bayes | INFO | Prediction result: Sour
2025-07-23 10:13:26,637 | App.model | INFO | Calculating target value ratios
2025-07-23 10:13:26,637 | App.naive_bayes | INFO | Making prediction...
2025-07-23 10:13:26,637 | App.naive_bayes | INFO | Calculating posteriors...
2025-07-23 10:13:26,637 | App.naive_bayes | INFO | Posterior calculation completed
2025-07-23 10:13:26,637 | App.naive_bayes | INFO | Prediction result: Sour
2025-07-23 10:13:26,637 | App.model | INFO | Calculating target value ratios
2025-07-23 10:13:26,638 | App.naive_bayes | INFO | Making prediction...
2025-07-23 10:13:26,638 | App.naive_bayes | INFO | Calculating posteriors...
2025-07-23 10:13:26,638 | App.naive_bayes | INFO | Posterior calculation completed
2025-07-23 10:13:26,638 | App.naive_bayes | INFO | Prediction result: Sour
2025-07-23 10:13:26,638 | App.model | INFO | Calculating target value ratios
2025-07-23 10:13:26,639 | App.naive_bayes | INFO | Making prediction...
2025-07-23 10:13:26,639 | App.naive_bayes | INFO | Calculating posteriors...
2025-07-23 10:13:26,639 | App.naive_bayes | INFO | Posterior calculation completed
2025-07-23 10:13:26,639 | App.naive_bayes | INFO | Prediction result: Sweet
2025-07-23 10:13:26,639 | App.model | INFO | Calculating target value ratios
2025-07-23 10:13:26,639 | App.naive_bayes | INFO | Making prediction...
2025-07-23 10:13:26,640 | App.naive_bayes | INFO | Calculating posteriors...
2025-07-23 10:13:26,640 | App.naive_bayes | INFO | Posterior calculation completed
2025-07-23 10:13:26,640 | App.naive_bayes | INFO | Prediction result: Salty
2025-07-23 10:13:26,640 | App.model | INFO | Calculating target value ratios
2025-07-23 10:13:26,640 | App.naive_bayes | INFO | Making prediction...
2025-07-23 10:13:26,640 | App.naive_bayes | INFO | Calculating posteriors...
2025-07-23 10:13:26,640 | App.naive_bayes | INFO | Posterior calculation completed
2025-07-23 10:13:26,640 | App.naive_bayes | INFO | Prediction result: Sour
2025-07-23 10:13:26,640 | App.model | INFO | Calculating target value ratios
2025-07-23 10:13:26,641 | App.naive_bayes | INFO | Making prediction...
2025-07-23 10:13:26,641 | App.naive_bayes | INFO | Calculating posteriors...
2025-07-23 10:13:26,641 | App.naive_bayes | INFO | Posterior calculation completed
2025-07-23 10:13:26,641 | App.naive_bayes | INFO | Prediction result: Salty
2025-07-23 10:13:26,641 | App.model | INFO | Calculating target value ratios
2025-07-23 10:13:26,641 | App.naive_bayes | INFO | Making prediction...
2025-07-23 10:13:26,641 | App.naive_bayes | INFO | Calculating posteriors...
2025-07-23 10:13:26,641 | App.naive_bayes | INFO | Posterior calculation completed
2025-07-23 10:13:26,642 | App.naive_bayes | INFO | Prediction result: Sweet
2025-07-23 10:13:26,642 | App.model | INFO | Calculating target value ratios
2025-07-23 10:13:26,642 | App.naive_bayes | INFO | Making prediction...
2025-07-23 10:13:26,642 | App.naive_bayes | INFO | Calculating posteriors...
2025-07-23 10:13:26,642 | App.naive_bayes | INFO | Posterior calculation completed
2025-07-23 10:13:26,642 | App.naive_bayes | INFO | Prediction result: Sour
2025-07-23 10:13:26,642 | App.model | INFO | Calculating target value ratios
2025-07-23 10:13:26,643 | App.naive_bayes | INFO | Making prediction...
2025-07-23 10:13:26,643 | App.naive_bayes | INFO | Calculating posteriors...
2025-07-23 10:13:26,643 | App.naive_bayes | INFO | Posterior calculation completed
2025-07-23 10:13:26,643 | App.naive_bayes | INFO | Prediction result: Sweet
2025-07-23 10:13:26,643 | App.model | INFO | Calculating target value ratios
2025-07-23 10:13:26,643 | App.naive_bayes | INFO | Making prediction...
2025-07-23 10:13:26,643 | App.naive_bayes | INFO | Calculating posteriors...
2025-07-23 10:13:26,643 | App.naive_bayes | INFO | Posterior calculation completed
2025-07-23 10:13:26,643 | App.naive_bayes | INFO | Prediction result: Sweet
2025-07-23 10:13:26,643 | App.model | INFO | Calculating target value ratios
2025-07-23 10:13:26,644 | App.naive_bayes | INFO | Making prediction...
2025-07-23 10:13:26,644 | App.naive_bayes | INFO | Calculating posteriors...
2025-07-23 10:13:26,644 | App.naive_bayes | INFO | Posterior calculation completed
2025-07-23 10:13:26,644 | App.naive_bayes | INFO | Prediction result: Sweet
2025-07-23 10:13:26,644 | App.model | INFO | Calculating target value ratios
2025-07-23 10:13:26,645 | App.naive_bayes | INFO | Making prediction...
2025-07-23 10:13:26,645 | App.naive_bayes | INFO | Calculating posteriors...
2025-07-23 10:13:26,645 | App.naive_bayes | INFO | Posterior calculation completed
2025-07-23 10:13:26,645 | App.naive_bayes | INFO | Prediction result: Salty
2025-07-23 10:13:26,645 | App.model | INFO | Calculating target value ratios
2025-07-23 10:13:26,645 | App.naive_bayes | INFO | Making prediction...
2025-07-23 10:13:26,645 | App.naive_bayes | INFO | Calculating posteriors...
2025-07-23 10:13:26,645 | App.naive_bayes | INFO | Posterior calculation completed
2025-07-23 10:13:26,645 | App.naive_bayes | INFO | Prediction result: Sweet
2025-07-23 10:13:26,645 | App.model | INFO | Calculating target value ratios
2025-07-23 10:13:26,646 | App.naive_bayes | INFO | Making prediction...
2025-07-23 10:13:26,646 | App.naive_bayes | INFO | Calculating posteriors...
2025-07-23 10:13:26,646 | App.naive_bayes | INFO | Posterior calculation completed
2025-07-23 10:13:26,646 | App.naive_bayes | INFO | Prediction result: Sweet
2025-07-23 10:13:26,646 | App.model | INFO | Calculating target value ratios
2025-07-23 10:13:26,647 | App.naive_bayes | INFO | Making prediction...
2025-07-23 10:13:26,647 | App.naive_bayes | INFO | Calculating posteriors...
2025-07-23 10:13:26,647 | App.naive_bayes | INFO | Posterior calculation completed
2025-07-23 10:13:26,647 | App.naive_bayes | INFO | Prediction result: Sweet
2025-07-23 10:13:26,647 | App.model | INFO | Calculating target value ratios
2025-07-23 10:13:26,647 | App.naive_bayes | INFO | Making prediction...
2025-07-23 10:13:26,647 | App.naive_bayes | INFO | Calculating posteriors...
2025-07-23 10:13:26,647 | App.naive_bayes | INFO | Posterior calculation completed
2025-07-23 10:13:26,647 | App.naive_bayes | INFO | Prediction result: Salty
2025-07-23 10:13:26,647 | App.model | INFO | Calculating target value ratios
2025-07-23 10:13:26,648 | App.naive_bayes | INFO | Making prediction...
2025-07-23 10:13:26,648 | App.naive_bayes | INFO | Calculating posteriors...
2025-07-23 10:13:26,648 | App.naive_bayes | INFO | Posterior calculation completed
2025-07-23 10:13:26,648 | App.naive_bayes | INFO | Prediction result: Salty
2025-07-23 10:13:26,648 | App.model | INFO | Calculating target value ratios
2025-07-23 10:13:26,648 | App.naive_bayes | INFO | Making prediction...
2025-07-23 10:13:26,648 | App.naive_bayes | INFO | Calculating posteriors...
2025-07-23 10:13:26,648 | App.naive_bayes | INFO | Posterior calculation completed
2025-07-23 10:13:26,648 | App.naive_bayes | INFO | Prediction result: Sour
2025-07-23 10:13:26,649 | App.model | INFO | Calculating target value ratios
2025-07-23 10:13:26,649 | App.naive_bayes | INFO | Making prediction...
2025-07-23 10:13:26,649 | App.naive_bayes | INFO | Calculating posteriors...
2025-07-23 10:13:26,649 | App.naive_bayes | INFO | Posterior calculation completed
2025-07-23 10:13:26,649 | App.naive_bayes | INFO | Prediction result: Sour
2025-07-23 10:13:26,649 | App.model | INFO | Calculating target value ratios
2025-07-23 10:13:26,650 | App.naive_bayes | INFO | Making prediction...
2025-07-23 10:13:26,650 | App.naive_bayes | INFO | Calculating posteriors...
2025-07-23 10:13:26,650 | App.naive_bayes | INFO | Posterior calculation completed
2025-07-23 10:13:26,650 | App.naive_bayes | INFO | Prediction result: Sour
2025-07-23 10:13:26,650 | App.model | INFO | Calculating target value ratios
2025-07-23 10:13:26,650 | App.naive_bayes | INFO | Making prediction...
2025-07-23 10:13:26,650 | App.naive_bayes | INFO | Calculating posteriors...
2025-07-23 10:13:26,650 | App.naive_bayes | INFO | Posterior calculation completed
2025-07-23 10:13:26,650 | App.naive_bayes | INFO | Prediction result: Sour
2025-07-23 10:13:26,650 | App.model | INFO | Calculating target value ratios
2025-07-23 10:13:26,651 | App.naive_bayes | INFO | Making prediction...
2025-07-23 10:13:26,651 | App.naive_bayes | INFO | Calculating posteriors...
2025-07-23 10:13:26,651 | App.naive_bayes | INFO | Posterior calculation completed
2025-07-23 10:13:26,651 | App.naive_bayes | INFO | Prediction result: Sweet
2025-07-23 10:13:26,651 | App.model | INFO | Calculating target value ratios
2025-07-23 10:13:26,651 | App.naive_bayes | INFO | Making prediction...
2025-07-23 10:13:26,652 | App.naive_bayes | INFO | Calculating posteriors...
2025-07-23 10:13:26,652 | App.naive_bayes | INFO | Posterior calculation completed
2025-07-23 10:13:26,652 | App.naive_bayes | INFO | Prediction result: Sour
2025-07-23 10:13:26,652 | App.model | INFO | Calculating target value ratios
2025-07-23 10:13:26,652 | App.naive_bayes | INFO | Making prediction...
2025-07-23 10:13:26,652 | App.naive_bayes | INFO | Calculating posteriors...
2025-07-23 10:13:26,652 | App.naive_bayes | INFO | Posterior calculation completed
2025-07-23 10:13:26,652 | App.naive_bayes | INFO | Prediction result: Sour
2025-07-23 10:13:26,652 | App.model | INFO | Calculating target value ratios
2025-07-23 10:13:26,653 | App.naive_bayes | INFO | Making prediction...
2025-07-23 10:13:26,653 | App.naive_bayes | INFO | Calculating posteriors...
2025-07-23 10:13:26,653 | App.naive_bayes | INFO | Posterior calculation completed
2025-07-23 10:13:26,653 | App.naive_bayes | INFO | Prediction result: Sweet
2025-07-23 10:13:26,653 | App.model | INFO | Calculating target value ratios
2025-07-23 10:13:26,654 | App.naive_bayes | INFO | Making prediction...
2025-07-23 10:13:26,654 | App.naive_bayes | INFO | Calculating posteriors...
2025-07-23 10:13:26,654 | App.naive_bayes | INFO | Posterior calculation completed
2025-07-23 10:13:26,654 | App.naive_bayes | INFO | Prediction result: Sour
2025-07-23 10:13:26,654 | App.model | INFO | Calculating target value ratios
2025-07-23 10:13:26,655 | App.naive_bayes | INFO | Making prediction...
2025-07-23 10:13:26,655 | App.naive_bayes | INFO | Calculating posteriors...
2025-07-23 10:13:26,655 | App.naive_bayes | INFO | Posterior calculation completed
2025-07-23 10:13:26,655 | App.naive_bayes | INFO | Prediction result: Sour
2025-07-23 10:13:26,655 | App.model | INFO | Calculating target value ratios
2025-07-23 10:13:26,656 | App.naive_bayes | INFO | Making prediction...
2025-07-23 10:13:26,656 | App.naive_bayes | INFO | Calculating posteriors...
2025-07-23 10:13:26,656 | App.naive_bayes | INFO | Posterior calculation completed
2025-07-23 10:13:26,656 | App.naive_bayes | INFO | Prediction result: Sour
2025-07-23 10:13:26,656 | App.model | INFO | Calculating target value ratios
2025-07-23 10:13:26,656 | App.naive_bayes | INFO | Making prediction...
2025-07-23 10:13:26,656 | App.naive_bayes | INFO | Calculating posteriors...
2025-07-23 10:13:26,656 | App.naive_bayes | INFO | Posterior calculation completed
2025-07-23 10:13:26,657 | App.naive_bayes | INFO | Prediction result: Sweet
2025-07-23 10:13:26,657 | App.model | INFO | Calculating target value ratios
2025-07-23 10:13:26,657 | App.naive_bayes | INFO | Making prediction...
2025-07-23 10:13:26,657 | App.naive_bayes | INFO | Calculating posteriors...
2025-07-23 10:13:26,657 | App.naive_bayes | INFO | Posterior calculation completed
2025-07-23 10:13:26,657 | App.naive_bayes | INFO | Prediction result: Sour
2025-07-23 10:13:26,657 | App.model | INFO | Calculating target value ratios
2025-07-23 10:13:26,658 | App.naive_bayes | INFO | Making prediction...
2025-07-23 10:13:26,658 | App.naive_bayes | INFO | Calculating posteriors...
2025-07-23 10:13:26,658 | App.naive_bayes | INFO | Posterior calculation completed
2025-07-23 10:13:26,658 | App.naive_bayes | INFO | Prediction result: Sweet
2025-07-23 10:13:26,658 | App.model | INFO | Calculating target value ratios
2025-07-23 10:13:26,659 | App.naive_bayes | INFO | Making prediction...
2025-07-23 10:13:26,659 | App.naive_bayes | INFO | Calculating posteriors...
2025-07-23 10:13:26,659 | App.naive_bayes | INFO | Posterior calculation completed
2025-07-23 10:13:26,659 | App.naive_bayes | INFO | Prediction result: Sweet
2025-07-23 10:13:26,659 | App.model | INFO | Calculating target value ratios
2025-07-23 10:13:26,659 | App.naive_bayes | INFO | Making prediction...
2025-07-23 10:13:26,659 | App.naive_bayes | INFO | Calculating posteriors...
2025-07-23 10:13:26,659 | App.naive_bayes | INFO | Posterior calculation completed
2025-07-23 10:13:26,659 | App.naive_bayes | INFO | Prediction result: Sour
2025-07-23 10:13:26,659 | App.model | INFO | Calculating target value ratios
2025-07-23 10:13:26,660 | App.naive_bayes | INFO | Making prediction...
2025-07-23 10:13:26,660 | App.naive_bayes | INFO | Calculating posteriors...
2025-07-23 10:13:26,660 | App.naive_bayes | INFO | Posterior calculation completed
2025-07-23 10:13:26,660 | App.naive_bayes | INFO | Prediction result: Sour
2025-07-23 10:13:26,660 | App.model | INFO | Calculating target value ratios
2025-07-23 10:13:26,660 | App.naive_bayes | INFO | Making prediction...
2025-07-23 10:13:26,661 | App.naive_bayes | INFO | Calculating posteriors...
2025-07-23 10:13:26,661 | App.naive_bayes | INFO | Posterior calculation completed
2025-07-23 10:13:26,661 | App.naive_bayes | INFO | Prediction result: Sour
2025-07-23 10:13:26,661 | App.model | INFO | Calculating target value ratios
2025-07-23 10:13:26,661 | App.naive_bayes | INFO | Making prediction...
2025-07-23 10:13:26,661 | App.naive_bayes | INFO | Calculating posteriors...
2025-07-23 10:13:26,661 | App.naive_bayes | INFO | Posterior calculation completed
2025-07-23 10:13:26,661 | App.naive_bayes | INFO | Prediction result: Sweet
2025-07-23 10:13:26,661 | App.model | INFO | Calculating target value ratios
2025-07-23 10:13:26,662 | App.naive_bayes | INFO | Making prediction...
2025-07-23 10:13:26,662 | App.naive_bayes | INFO | Calculating posteriors...
2025-07-23 10:13:26,662 | App.naive_bayes | INFO | Posterior calculation completed
2025-07-23 10:13:26,662 | App.naive_bayes | INFO | Prediction result: Sour
2025-07-23 10:13:26,662 | App.model | INFO | Calculating target value ratios
2025-07-23 10:13:26,663 | App.naive_bayes | INFO | Making prediction...
2025-07-23 10:13:26,663 | App.naive_bayes | INFO | Calculating posteriors...
2025-07-23 10:13:26,663 | App.naive_bayes | INFO | Posterior calculation completed
2025-07-23 10:13:26,663 | App.naive_bayes | INFO | Prediction result: Sour
2025-07-23 10:13:26,663 | App.model | INFO | Calculating target value ratios
2025-07-23 10:13:26,663 | App.naive_bayes | INFO | Making prediction...
2025-07-23 10:13:26,663 | App.naive_bayes | INFO | Calculating posteriors...
2025-07-23 10:13:26,663 | App.naive_bayes | INFO | Posterior calculation completed
2025-07-23 10:13:26,663 | App.naive_bayes | INFO | Prediction result: Sweet
2025-07-23 10:13:26,663 | App.model | INFO | Calculating target value ratios
2025-07-23 10:13:26,664 | App.naive_bayes | INFO | Making prediction...
2025-07-23 10:13:26,664 | App.naive_bayes | INFO | Calculating posteriors...
2025-07-23 10:13:26,664 | App.naive_bayes | INFO | Posterior calculation completed
2025-07-23 10:13:26,664 | App.naive_bayes | INFO | Prediction result: Salty
2025-07-23 10:13:26,664 | App.model | INFO | Calculating target value ratios
2025-07-23 10:13:26,665 | App.naive_bayes | INFO | Making prediction...
2025-07-23 10:13:26,665 | App.naive_bayes | INFO | Calculating posteriors...
2025-07-23 10:13:26,665 | App.naive_bayes | INFO | Posterior calculation completed
2025-07-23 10:13:26,665 | App.naive_bayes | INFO | Prediction result: Sweet
2025-07-23 10:13:26,665 | App.model | INFO | Calculating target value ratios
2025-07-23 10:13:26,665 | App.naive_bayes | INFO | Making prediction...
2025-07-23 10:13:26,665 | App.naive_bayes | INFO | Calculating posteriors...
2025-07-23 10:13:26,666 | App.naive_bayes | INFO | Posterior calculation completed
2025-07-23 10:13:26,666 | App.naive_bayes | INFO | Prediction result: Sweet
2025-07-23 10:13:26,666 | App.model | INFO | Calculating target value ratios
2025-07-23 10:13:26,666 | App.naive_bayes | INFO | Making prediction...
2025-07-23 10:13:26,666 | App.naive_bayes | INFO | Calculating posteriors...
2025-07-23 10:13:26,666 | App.naive_bayes | INFO | Posterior calculation completed
2025-07-23 10:13:26,666 | App.naive_bayes | INFO | Prediction result: Sour
2025-07-23 10:13:26,666 | App.model | INFO | Calculating target value ratios
2025-07-23 10:13:26,667 | App.naive_bayes | INFO | Making prediction...
2025-07-23 10:13:26,667 | App.naive_bayes | INFO | Calculating posteriors...
2025-07-23 10:13:26,667 | App.naive_bayes | INFO | Posterior calculation completed
2025-07-23 10:13:26,667 | App.naive_bayes | INFO | Prediction result: Sweet
2025-07-23 10:13:26,667 | App.model | INFO | Calculating target value ratios
2025-07-23 10:13:26,667 | App.naive_bayes | INFO | Making prediction...
2025-07-23 10:13:26,667 | App.naive_bayes | INFO | Calculating posteriors...
2025-07-23 10:13:26,668 | App.naive_bayes | INFO | Posterior calculation completed
2025-07-23 10:13:26,668 | App.naive_bayes | INFO | Prediction result: Sour
2025-07-23 10:13:26,668 | App.model | INFO | Calculating target value ratios
2025-07-23 10:13:26,668 | App.naive_bayes | INFO | Making prediction...
2025-07-23 10:13:26,668 | App.naive_bayes | INFO | Calculating posteriors...
2025-07-23 10:13:26,668 | App.naive_bayes | INFO | Posterior calculation completed
2025-07-23 10:13:26,668 | App.naive_bayes | INFO | Prediction result: Sour
2025-07-23 10:13:26,668 | App.model | INFO | Calculating target value ratios
2025-07-23 10:13:26,669 | App.naive_bayes | INFO | Making prediction...
2025-07-23 10:13:26,669 | App.naive_bayes | INFO | Calculating posteriors...
2025-07-23 10:13:26,669 | App.naive_bayes | INFO | Posterior calculation completed
2025-07-23 10:13:26,669 | App.naive_bayes | INFO | Prediction result: Salty
2025-07-23 10:13:26,669 | App.model | INFO | Calculating target value ratios
2025-07-23 10:13:26,669 | App.naive_bayes | INFO | Making prediction...
2025-07-23 10:13:26,670 | App.naive_bayes | INFO | Calculating posteriors...
2025-07-23 10:13:26,670 | App.naive_bayes | INFO | Posterior calculation completed
2025-07-23 10:13:26,670 | App.naive_bayes | INFO | Prediction result: Sweet
2025-07-23 10:13:26,670 | App.model | INFO | Calculating target value ratios
2025-07-23 10:13:26,670 | App.naive_bayes | INFO | Making prediction...
2025-07-23 10:13:26,670 | App.naive_bayes | INFO | Calculating posteriors...
2025-07-23 10:13:26,670 | App.naive_bayes | INFO | Posterior calculation completed
2025-07-23 10:13:26,670 | App.naive_bayes | INFO | Prediction result: Sour
2025-07-23 10:13:26,670 | App.model | INFO | Calculating target value ratios
2025-07-23 10:13:26,671 | App.naive_bayes | INFO | Making prediction...
2025-07-23 10:13:26,671 | App.naive_bayes | INFO | Calculating posteriors...
2025-07-23 10:13:26,671 | App.naive_bayes | INFO | Posterior calculation completed
2025-07-23 10:13:26,671 | App.naive_bayes | INFO | Prediction result: Sour
2025-07-23 10:13:26,671 | App.model | INFO | Calculating target value ratios
2025-07-23 10:13:26,671 | App.naive_bayes | INFO | Making prediction...
2025-07-23 10:13:26,671 | App.naive_bayes | INFO | Calculating posteriors...
2025-07-23 10:13:26,671 | App.naive_bayes | INFO | Posterior calculation completed
2025-07-23 10:13:26,671 | App.naive_bayes | INFO | Prediction result: Sweet
2025-07-23 10:13:26,672 | App.model | INFO | Calculating target value ratios
2025-07-23 10:13:26,672 | App.naive_bayes | INFO | Making prediction...
2025-07-23 10:13:26,672 | App.naive_bayes | INFO | Calculating posteriors...
2025-07-23 10:13:26,672 | App.naive_bayes | INFO | Posterior calculation completed
2025-07-23 10:13:26,672 | App.naive_bayes | INFO | Prediction result: Sweet
2025-07-23 10:13:26,672 | App.model | INFO | Calculating target value ratios
2025-07-23 10:13:26,673 | App.naive_bayes | INFO | Making prediction...
2025-07-23 10:13:26,673 | App.naive_bayes | INFO | Calculating posteriors...
2025-07-23 10:13:26,673 | App.naive_bayes | INFO | Posterior calculation completed
2025-07-23 10:13:26,673 | App.naive_bayes | INFO | Prediction result: Sour
2025-07-23 10:13:26,673 | App.model | INFO | Calculating target value ratios
2025-07-23 10:13:26,673 | App.naive_bayes | INFO | Making prediction...
2025-07-23 10:13:26,673 | App.naive_bayes | INFO | Calculating posteriors...
2025-07-23 10:13:26,673 | App.naive_bayes | INFO | Posterior calculation completed
2025-07-23 10:13:26,673 | App.naive_bayes | INFO | Prediction result: Sour
2025-07-23 10:13:26,673 | App.model | INFO | Calculating target value ratios
2025-07-23 10:13:26,674 | App.naive_bayes | INFO | Making prediction...
2025-07-23 10:13:26,674 | App.naive_bayes | INFO | Calculating posteriors...
2025-07-23 10:13:26,674 | App.naive_bayes | INFO | Posterior calculation completed
2025-07-23 10:13:26,674 | App.naive_bayes | INFO | Prediction result: Sour
2025-07-23 10:13:26,674 | App.model | INFO | Calculating target value ratios
2025-07-23 10:13:26,675 | App.naive_bayes | INFO | Making prediction...
2025-07-23 10:13:26,675 | App.naive_bayes | INFO | Calculating posteriors...
2025-07-23 10:13:26,675 | App.naive_bayes | INFO | Posterior calculation completed
2025-07-23 10:13:26,675 | App.naive_bayes | INFO | Prediction result: Sweet
2025-07-23 10:13:26,675 | App.model | INFO | Calculating target value ratios
2025-07-23 10:13:26,675 | App.naive_bayes | INFO | Making prediction...
2025-07-23 10:13:26,675 | App.naive_bayes | INFO | Calculating posteriors...
2025-07-23 10:13:26,675 | App.naive_bayes | INFO | Posterior calculation completed
2025-07-23 10:13:26,675 | App.naive_bayes | INFO | Prediction result: Sour
2025-07-23 10:13:26,675 | App.model | INFO | Calculating target value ratios
2025-07-23 10:13:26,676 | App.naive_bayes | INFO | Making prediction...
2025-07-23 10:13:26,676 | App.naive_bayes | INFO | Calculating posteriors...
2025-07-23 10:13:26,676 | App.naive_bayes | INFO | Posterior calculation completed
2025-07-23 10:13:26,676 | App.naive_bayes | INFO | Prediction result: Sour
2025-07-23 10:13:26,676 | App.model | INFO | Calculating target value ratios
2025-07-23 10:13:26,676 | App.naive_bayes | INFO | Making prediction...
2025-07-23 10:13:26,676 | App.naive_bayes | INFO | Calculating posteriors...
2025-07-23 10:13:26,676 | App.naive_bayes | INFO | Posterior calculation completed
2025-07-23 10:13:26,677 | App.naive_bayes | INFO | Prediction result: Sweet
2025-07-23 10:13:26,677 | App.model | INFO | Calculating target value ratios
2025-07-23 10:13:26,677 | App.naive_bayes | INFO | Making prediction...
2025-07-23 10:13:26,677 | App.naive_bayes | INFO | Calculating posteriors...
2025-07-23 10:13:26,677 | App.naive_bayes | INFO | Posterior calculation completed
2025-07-23 10:13:26,677 | App.naive_bayes | INFO | Prediction result: Sweet
2025-07-23 10:13:26,677 | App.model | INFO | Calculating target value ratios
2025-07-23 10:13:26,678 | App.naive_bayes | INFO | Making prediction...
2025-07-23 10:13:26,678 | App.naive_bayes | INFO | Calculating posteriors...
2025-07-23 10:13:26,678 | App.naive_bayes | INFO | Posterior calculation completed
2025-07-23 10:13:26,678 | App.naive_bayes | INFO | Prediction result: Sour
2025-07-23 10:13:26,678 | App.model | INFO | Calculating target value ratios
2025-07-23 10:13:26,678 | App.naive_bayes | INFO | Making prediction...
2025-07-23 10:13:26,678 | App.naive_bayes | INFO | Calculating posteriors...
2025-07-23 10:13:26,678 | App.naive_bayes | INFO | Posterior calculation completed
2025-07-23 10:13:26,678 | App.naive_bayes | INFO | Prediction result: Sour
2025-07-23 10:13:26,678 | App.model | INFO | Calculating target value ratios
2025-07-23 10:13:26,679 | App.naive_bayes | INFO | Making prediction...
2025-07-23 10:13:26,679 | App.naive_bayes | INFO | Calculating posteriors...
2025-07-23 10:13:26,679 | App.naive_bayes | INFO | Posterior calculation completed
2025-07-23 10:13:26,679 | App.naive_bayes | INFO | Prediction result: Sour
2025-07-23 10:13:26,679 | App.model | INFO | Calculating target value ratios
2025-07-23 10:13:26,680 | App.naive_bayes | INFO | Making prediction...
2025-07-23 10:13:26,680 | App.naive_bayes | INFO | Calculating posteriors...
2025-07-23 10:13:26,680 | App.naive_bayes | INFO | Posterior calculation completed
2025-07-23 10:13:26,680 | App.naive_bayes | INFO | Prediction result: Sweet
2025-07-23 10:13:26,680 | App.model | INFO | Calculating target value ratios
2025-07-23 10:13:26,680 | App.naive_bayes | INFO | Making prediction...
2025-07-23 10:13:26,680 | App.naive_bayes | INFO | Calculating posteriors...
2025-07-23 10:13:26,680 | App.naive_bayes | INFO | Posterior calculation completed
2025-07-23 10:13:26,680 | App.naive_bayes | INFO | Prediction result: Salty
2025-07-23 10:13:26,680 | App.model | INFO | Calculating target value ratios
2025-07-23 10:13:26,681 | App.naive_bayes | INFO | Making prediction...
2025-07-23 10:13:26,681 | App.naive_bayes | INFO | Calculating posteriors...
2025-07-23 10:13:26,681 | App.naive_bayes | INFO | Posterior calculation completed
2025-07-23 10:13:26,681 | App.naive_bayes | INFO | Prediction result: Sour
2025-07-23 10:13:26,681 | App.model | INFO | Calculating target value ratios
2025-07-23 10:13:26,681 | App.naive_bayes | INFO | Making prediction...
2025-07-23 10:13:26,681 | App.naive_bayes | INFO | Calculating posteriors...
2025-07-23 10:13:26,681 | App.naive_bayes | INFO | Posterior calculation completed
2025-07-23 10:13:26,682 | App.naive_bayes | INFO | Prediction result: Sour
2025-07-23 10:13:26,682 | App.model | INFO | Calculating target value ratios
2025-07-23 10:13:26,682 | App.naive_bayes | INFO | Making prediction...
2025-07-23 10:13:26,682 | App.naive_bayes | INFO | Calculating posteriors...
2025-07-23 10:13:26,682 | App.naive_bayes | INFO | Posterior calculation completed
2025-07-23 10:13:26,682 | App.naive_bayes | INFO | Prediction result: Sweet
2025-07-23 10:13:26,682 | App.model | INFO | Calculating target value ratios
2025-07-23 10:13:26,683 | App.naive_bayes | INFO | Making prediction...
2025-07-23 10:13:26,683 | App.naive_bayes | INFO | Calculating posteriors...
2025-07-23 10:13:26,683 | App.naive_bayes | INFO | Posterior calculation completed
2025-07-23 10:13:26,683 | App.naive_bayes | INFO | Prediction result: Sour
2025-07-23 10:13:26,683 | App.model | INFO | Calculating target value ratios
2025-07-23 10:13:26,683 | App.naive_bayes | INFO | Making prediction...
2025-07-23 10:13:26,683 | App.naive_bayes | INFO | Calculating posteriors...
2025-07-23 10:13:26,683 | App.naive_bayes | INFO | Posterior calculation completed
2025-07-23 10:13:26,683 | App.naive_bayes | INFO | Prediction result: Sweet
2025-07-23 10:13:26,684 | App.model | INFO | Calculating target value ratios
2025-07-23 10:13:26,684 | App.naive_bayes | INFO | Making prediction...
2025-07-23 10:13:26,684 | App.naive_bayes | INFO | Calculating posteriors...
2025-07-23 10:13:26,684 | App.naive_bayes | INFO | Posterior calculation completed
2025-07-23 10:13:26,684 | App.naive_bayes | INFO | Prediction result: Sweet
2025-07-23 10:13:26,684 | App.model | INFO | Calculating target value ratios
2025-07-23 10:13:26,685 | App.naive_bayes | INFO | Making prediction...
2025-07-23 10:13:26,685 | App.naive_bayes | INFO | Calculating posteriors...
2025-07-23 10:13:26,685 | App.naive_bayes | INFO | Posterior calculation completed
2025-07-23 10:13:26,685 | App.naive_bayes | INFO | Prediction result: Sweet
2025-07-23 10:13:26,685 | App.model | INFO | Calculating target value ratios
2025-07-23 10:13:26,685 | App.naive_bayes | INFO | Making prediction...
2025-07-23 10:13:26,685 | App.naive_bayes | INFO | Calculating posteriors...
2025-07-23 10:13:26,685 | App.naive_bayes | INFO | Posterior calculation completed
2025-07-23 10:13:26,686 | App.naive_bayes | INFO | Prediction result: Sour
2025-07-23 10:13:26,686 | App.model | INFO | Calculating target value ratios
2025-07-23 10:13:26,686 | App.naive_bayes | INFO | Making prediction...
2025-07-23 10:13:26,686 | App.naive_bayes | INFO | Calculating posteriors...
2025-07-23 10:13:26,686 | App.naive_bayes | INFO | Posterior calculation completed
2025-07-23 10:13:26,686 | App.naive_bayes | INFO | Prediction result: Salty
2025-07-23 10:13:26,686 | App.model | INFO | Calculating target value ratios
2025-07-23 10:13:26,687 | App.naive_bayes | INFO | Making prediction...
2025-07-23 10:13:26,687 | App.naive_bayes | INFO | Calculating posteriors...
2025-07-23 10:13:26,687 | App.naive_bayes | INFO | Posterior calculation completed
2025-07-23 10:13:26,687 | App.naive_bayes | INFO | Prediction result: Sour
2025-07-23 10:13:26,687 | App.model | INFO | Calculating target value ratios
2025-07-23 10:13:26,687 | App.naive_bayes | INFO | Making prediction...
2025-07-23 10:13:26,687 | App.naive_bayes | INFO | Calculating posteriors...
2025-07-23 10:13:26,688 | App.naive_bayes | INFO | Posterior calculation completed
2025-07-23 10:13:26,688 | App.naive_bayes | INFO | Prediction result: Salty
2025-07-23 10:13:26,688 | App.model | INFO | Calculating target value ratios
2025-07-23 10:13:26,688 | App.naive_bayes | INFO | Making prediction...
2025-07-23 10:13:26,688 | App.naive_bayes | INFO | Calculating posteriors...
2025-07-23 10:13:26,688 | App.naive_bayes | INFO | Posterior calculation completed
2025-07-23 10:13:26,688 | App.naive_bayes | INFO | Prediction result: Sweet
2025-07-23 10:13:26,688 | App.model | INFO | Calculating target value ratios
2025-07-23 10:13:26,689 | App.naive_bayes | INFO | Making prediction...
2025-07-23 10:13:26,689 | App.naive_bayes | INFO | Calculating posteriors...
2025-07-23 10:13:26,689 | App.naive_bayes | INFO | Posterior calculation completed
2025-07-23 10:13:26,689 | App.naive_bayes | INFO | Prediction result: Sweet
2025-07-23 10:13:26,689 | App.model | INFO | Calculating target value ratios
2025-07-23 10:13:26,689 | App.naive_bayes | INFO | Making prediction...
2025-07-23 10:13:26,689 | App.naive_bayes | INFO | Calculating posteriors...
2025-07-23 10:13:26,689 | App.naive_bayes | INFO | Posterior calculation completed
2025-07-23 10:13:26,689 | App.naive_bayes | INFO | Prediction result: Sweet
2025-07-23 10:13:26,689 | App.model | INFO | Calculating target value ratios
2025-07-23 10:13:26,690 | App.naive_bayes | INFO | Making prediction...
2025-07-23 10:13:26,690 | App.naive_bayes | INFO | Calculating posteriors...
2025-07-23 10:13:26,690 | App.naive_bayes | INFO | Posterior calculation completed
2025-07-23 10:13:26,690 | App.naive_bayes | INFO | Prediction result: Salty
2025-07-23 10:13:26,690 | App.model | INFO | Calculating target value ratios
2025-07-23 10:13:26,691 | App.naive_bayes | INFO | Making prediction...
2025-07-23 10:13:26,691 | App.naive_bayes | INFO | Calculating posteriors...
2025-07-23 10:13:26,691 | App.naive_bayes | INFO | Posterior calculation completed
2025-07-23 10:13:26,691 | App.naive_bayes | INFO | Prediction result: Sour
2025-07-23 10:13:26,691 | App.model | INFO | Calculating target value ratios
2025-07-23 10:13:26,691 | App.naive_bayes | INFO | Making prediction...
2025-07-23 10:13:26,691 | App.naive_bayes | INFO | Calculating posteriors...
2025-07-23 10:13:26,691 | App.naive_bayes | INFO | Posterior calculation completed
2025-07-23 10:13:26,691 | App.naive_bayes | INFO | Prediction result: Sweet
2025-07-23 10:13:26,691 | App.model | INFO | Calculating target value ratios
2025-07-23 10:13:26,692 | App.naive_bayes | INFO | Making prediction...
2025-07-23 10:13:26,692 | App.naive_bayes | INFO | Calculating posteriors...
2025-07-23 10:13:26,692 | App.naive_bayes | INFO | Posterior calculation completed
2025-07-23 10:13:26,692 | App.naive_bayes | INFO | Prediction result: Salty
2025-07-23 10:13:26,692 | App.model | INFO | Calculating target value ratios
2025-07-23 10:13:26,692 | App.naive_bayes | INFO | Making prediction...
2025-07-23 10:13:26,692 | App.naive_bayes | INFO | Calculating posteriors...
2025-07-23 10:13:26,692 | App.naive_bayes | INFO | Posterior calculation completed
2025-07-23 10:13:26,693 | App.naive_bayes | INFO | Prediction result: Sweet
2025-07-23 10:13:26,693 | App.model | INFO | Calculating target value ratios
2025-07-23 10:13:26,693 | App.naive_bayes | INFO | Making prediction...
2025-07-23 10:13:26,693 | App.naive_bayes | INFO | Calculating posteriors...
2025-07-23 10:13:26,693 | App.naive_bayes | INFO | Posterior calculation completed
2025-07-23 10:13:26,693 | App.naive_bayes | INFO | Prediction result: Sweet
2025-07-23 10:13:26,693 | App.model | INFO | Calculating target value ratios
2025-07-23 10:13:26,694 | App.naive_bayes | INFO | Making prediction...
2025-07-23 10:13:26,694 | App.naive_bayes | INFO | Calculating posteriors...
2025-07-23 10:13:26,694 | App.naive_bayes | INFO | Posterior calculation completed
2025-07-23 10:13:26,694 | App.naive_bayes | INFO | Prediction result: Sour
2025-07-23 10:13:26,694 | App.model | INFO | Calculating target value ratios
2025-07-23 10:13:26,695 | App.naive_bayes | INFO | Making prediction...
2025-07-23 10:13:26,695 | App.naive_bayes | INFO | Calculating posteriors...
2025-07-23 10:13:26,695 | App.naive_bayes | INFO | Posterior calculation completed
2025-07-23 10:13:26,695 | App.naive_bayes | INFO | Prediction result: Sweet
2025-07-23 10:13:26,695 | App.model | INFO | Calculating target value ratios
2025-07-23 10:13:26,695 | App.naive_bayes | INFO | Making prediction...
2025-07-23 10:13:26,695 | App.naive_bayes | INFO | Calculating posteriors...
2025-07-23 10:13:26,695 | App.naive_bayes | INFO | Posterior calculation completed
2025-07-23 10:13:26,695 | App.naive_bayes | INFO | Prediction result: Sour
2025-07-23 10:13:26,695 | App.model | INFO | Calculating target value ratios
2025-07-23 10:13:26,696 | App.naive_bayes | INFO | Making prediction...
2025-07-23 10:13:26,696 | App.naive_bayes | INFO | Calculating posteriors...
2025-07-23 10:13:26,696 | App.naive_bayes | INFO | Posterior calculation completed
2025-07-23 10:13:26,696 | App.naive_bayes | INFO | Prediction result: Sweet
2025-07-23 10:13:26,696 | App.model | INFO | Calculating target value ratios
2025-07-23 10:13:26,696 | App.naive_bayes | INFO | Making prediction...
2025-07-23 10:13:26,696 | App.naive_bayes | INFO | Calculating posteriors...
2025-07-23 10:13:26,697 | App.naive_bayes | INFO | Posterior calculation completed
2025-07-23 10:13:26,697 | App.naive_bayes | INFO | Prediction result: Sweet
2025-07-23 10:13:26,697 | App.model | INFO | Calculating target value ratios
2025-07-23 10:13:26,697 | App.naive_bayes | INFO | Making prediction...
2025-07-23 10:13:26,697 | App.naive_bayes | INFO | Calculating posteriors...
2025-07-23 10:13:26,697 | App.naive_bayes | INFO | Posterior calculation completed
2025-07-23 10:13:26,697 | App.naive_bayes | INFO | Prediction result: Sour
2025-07-23 10:13:26,697 | App.model | INFO | Calculating target value ratios
2025-07-23 10:13:26,698 | App.naive_bayes | INFO | Making prediction...
2025-07-23 10:13:26,698 | App.naive_bayes | INFO | Calculating posteriors...
2025-07-23 10:13:26,698 | App.naive_bayes | INFO | Posterior calculation completed
2025-07-23 10:13:26,698 | App.naive_bayes | INFO | Prediction result: Sour
2025-07-23 10:13:26,698 | App.model | INFO | Calculating target value ratios
2025-07-23 10:13:26,698 | App.naive_bayes | INFO | Making prediction...
2025-07-23 10:13:26,698 | App.naive_bayes | INFO | Calculating posteriors...
2025-07-23 10:13:26,698 | App.naive_bayes | INFO | Posterior calculation completed
2025-07-23 10:13:26,698 | App.naive_bayes | INFO | Prediction result: Sweet
2025-07-23 10:13:26,699 | App.model | INFO | Calculating target value ratios
2025-07-23 10:13:26,699 | App.naive_bayes | INFO | Making prediction...
2025-07-23 10:13:26,699 | App.naive_bayes | INFO | Calculating posteriors...
2025-07-23 10:13:26,699 | App.naive_bayes | INFO | Posterior calculation completed
2025-07-23 10:13:26,699 | App.naive_bayes | INFO | Prediction result: Spicy
2025-07-23 10:13:26,699 | App.model | INFO | Calculating target value ratios
2025-07-23 10:13:26,700 | App.naive_bayes | INFO | Making prediction...
2025-07-23 10:13:26,700 | App.naive_bayes | INFO | Calculating posteriors...
2025-07-23 10:13:26,700 | App.naive_bayes | INFO | Posterior calculation completed
2025-07-23 10:13:26,700 | App.naive_bayes | INFO | Prediction result: Sour
2025-07-23 10:13:26,700 | App.model | INFO | Calculating target value ratios
2025-07-23 10:13:26,701 | App.naive_bayes | INFO | Making prediction...
2025-07-23 10:13:26,701 | App.naive_bayes | INFO | Calculating posteriors...
2025-07-23 10:13:26,701 | App.naive_bayes | INFO | Posterior calculation completed
2025-07-23 10:13:26,701 | App.naive_bayes | INFO | Prediction result: Sweet
2025-07-23 10:13:26,701 | App.model | INFO | Calculating target value ratios
2025-07-23 10:13:26,701 | App.naive_bayes | INFO | Making prediction...
2025-07-23 10:13:26,701 | App.naive_bayes | INFO | Calculating posteriors...
2025-07-23 10:13:26,701 | App.naive_bayes | INFO | Posterior calculation completed
2025-07-23 10:13:26,701 | App.naive_bayes | INFO | Prediction result: Sweet
2025-07-23 10:13:26,701 | App.model | INFO | Calculating target value ratios
2025-07-23 10:13:26,702 | App.naive_bayes | INFO | Making prediction...
2025-07-23 10:13:26,702 | App.naive_bayes | INFO | Calculating posteriors...
2025-07-23 10:13:26,702 | App.naive_bayes | INFO | Posterior calculation completed
2025-07-23 10:13:26,702 | App.naive_bayes | INFO | Prediction result: Sweet
2025-07-23 10:13:26,702 | App.model | INFO | Calculating target value ratios
2025-07-23 10:13:26,702 | App.naive_bayes | INFO | Making prediction...
2025-07-23 10:13:26,702 | App.naive_bayes | INFO | Calculating posteriors...
2025-07-23 10:13:26,703 | App.naive_bayes | INFO | Posterior calculation completed
2025-07-23 10:13:26,703 | App.naive_bayes | INFO | Prediction result: Sour
2025-07-23 10:13:26,703 | App.model | INFO | Calculating target value ratios
2025-07-23 10:13:26,703 | App.naive_bayes | INFO | Making prediction...
2025-07-23 10:13:26,703 | App.naive_bayes | INFO | Calculating posteriors...
2025-07-23 10:13:26,703 | App.naive_bayes | INFO | Posterior calculation completed
2025-07-23 10:13:26,703 | App.naive_bayes | INFO | Prediction result: Sweet
2025-07-23 10:13:26,703 | App.model | INFO | Calculating target value ratios
2025-07-23 10:13:26,704 | App.naive_bayes | INFO | Making prediction...
2025-07-23 10:13:26,704 | App.naive_bayes | INFO | Calculating posteriors...
2025-07-23 10:13:26,704 | App.naive_bayes | INFO | Posterior calculation completed
2025-07-23 10:13:26,704 | App.naive_bayes | INFO | Prediction result: Sour
2025-07-23 10:13:26,704 | App.model | INFO | Calculating target value ratios
2025-07-23 10:13:26,704 | App.naive_bayes | INFO | Making prediction...
2025-07-23 10:13:26,704 | App.naive_bayes | INFO | Calculating posteriors...
2025-07-23 10:13:26,704 | App.naive_bayes | INFO | Posterior calculation completed
2025-07-23 10:13:26,704 | App.naive_bayes | INFO | Prediction result: Sour
2025-07-23 10:13:26,705 | App.model | INFO | Calculating target value ratios
2025-07-23 10:13:26,705 | App.naive_bayes | INFO | Making prediction...
2025-07-23 10:13:26,705 | App.naive_bayes | INFO | Calculating posteriors...
2025-07-23 10:13:26,705 | App.naive_bayes | INFO | Posterior calculation completed
2025-07-23 10:13:26,705 | App.naive_bayes | INFO | Prediction result: Sweet
2025-07-23 10:13:26,705 | App.model | INFO | Calculating target value ratios
2025-07-23 10:13:26,706 | App.naive_bayes | INFO | Making prediction...
2025-07-23 10:13:26,706 | App.naive_bayes | INFO | Calculating posteriors...
2025-07-23 10:13:26,706 | App.naive_bayes | INFO | Posterior calculation completed
2025-07-23 10:13:26,706 | App.naive_bayes | INFO | Prediction result: Salty
2025-07-23 10:13:26,706 | App.model | INFO | Calculating target value ratios
2025-07-23 10:13:26,706 | App.naive_bayes | INFO | Making prediction...
2025-07-23 10:13:26,706 | App.naive_bayes | INFO | Calculating posteriors...
2025-07-23 10:13:26,706 | App.naive_bayes | INFO | Posterior calculation completed
2025-07-23 10:13:26,706 | App.naive_bayes | INFO | Prediction result: Sweet
2025-07-23 10:13:26,706 | App.model | INFO | Calculating target value ratios
2025-07-23 10:13:26,707 | App.naive_bayes | INFO | Making prediction...
2025-07-23 10:13:26,707 | App.naive_bayes | INFO | Calculating posteriors...
2025-07-23 10:13:26,707 | App.naive_bayes | INFO | Posterior calculation completed
2025-07-23 10:13:26,707 | App.naive_bayes | INFO | Prediction result: Sweet
2025-07-23 10:13:26,707 | App.model | INFO | Calculating target value ratios
2025-07-23 10:13:26,708 | App.naive_bayes | INFO | Making prediction...
2025-07-23 10:13:26,708 | App.naive_bayes | INFO | Calculating posteriors...
2025-07-23 10:13:26,708 | App.naive_bayes | INFO | Posterior calculation completed
2025-07-23 10:13:26,708 | App.naive_bayes | INFO | Prediction result: Sweet
2025-07-23 10:13:26,708 | App.model | INFO | Calculating target value ratios
2025-07-23 10:13:26,708 | App.naive_bayes | INFO | Making prediction...
2025-07-23 10:13:26,708 | App.naive_bayes | INFO | Calculating posteriors...
2025-07-23 10:13:26,708 | App.naive_bayes | INFO | Posterior calculation completed
2025-07-23 10:13:26,709 | App.naive_bayes | INFO | Prediction result: Salty
2025-07-23 10:13:26,709 | App.model | INFO | Calculating target value ratios
2025-07-23 10:13:26,709 | App.naive_bayes | INFO | Making prediction...
2025-07-23 10:13:26,709 | App.naive_bayes | INFO | Calculating posteriors...
2025-07-23 10:13:26,709 | App.naive_bayes | INFO | Posterior calculation completed
2025-07-23 10:13:26,709 | App.naive_bayes | INFO | Prediction result: Salty
2025-07-23 10:13:26,709 | App.model | INFO | Calculating target value ratios
2025-07-23 10:13:26,710 | App.naive_bayes | INFO | Making prediction...
2025-07-23 10:13:26,710 | App.naive_bayes | INFO | Calculating posteriors...
2025-07-23 10:13:26,710 | App.naive_bayes | INFO | Posterior calculation completed
2025-07-23 10:13:26,710 | App.naive_bayes | INFO | Prediction result: Sour
2025-07-23 10:13:26,710 | App.model | INFO | Calculating target value ratios
2025-07-23 10:13:26,710 | App.naive_bayes | INFO | Making prediction...
2025-07-23 10:13:26,710 | App.naive_bayes | INFO | Calculating posteriors...
2025-07-23 10:13:26,710 | App.naive_bayes | INFO | Posterior calculation completed
2025-07-23 10:13:26,710 | App.naive_bayes | INFO | Prediction result: Sweet
2025-07-23 10:13:26,710 | App.model | INFO | Calculating target value ratios
2025-07-23 10:13:26,711 | App.naive_bayes | INFO | Making prediction...
2025-07-23 10:13:26,711 | App.naive_bayes | INFO | Calculating posteriors...
2025-07-23 10:13:26,711 | App.naive_bayes | INFO | Posterior calculation completed
2025-07-23 10:13:26,711 | App.naive_bayes | INFO | Prediction result: Sweet
2025-07-23 10:13:26,711 | App.model | INFO | Calculating target value ratios
2025-07-23 10:13:26,711 | App.naive_bayes | INFO | Making prediction...
2025-07-23 10:13:26,712 | App.naive_bayes | INFO | Calculating posteriors...
2025-07-23 10:13:26,712 | App.naive_bayes | INFO | Posterior calculation completed
2025-07-23 10:13:26,712 | App.naive_bayes | INFO | Prediction result: Sweet
2025-07-23 10:13:26,712 | App.model | INFO | Calculating target value ratios
2025-07-23 10:13:26,712 | App.naive_bayes | INFO | Making prediction...
2025-07-23 10:13:26,712 | App.naive_bayes | INFO | Calculating posteriors...
2025-07-23 10:13:26,712 | App.naive_bayes | INFO | Posterior calculation completed
2025-07-23 10:13:26,712 | App.naive_bayes | INFO | Prediction result: Sweet
2025-07-23 10:13:26,712 | App.model | INFO | Calculating target value ratios
2025-07-23 10:13:26,713 | App.naive_bayes | INFO | Making prediction...
2025-07-23 10:13:26,713 | App.naive_bayes | INFO | Calculating posteriors...
2025-07-23 10:13:26,713 | App.naive_bayes | INFO | Posterior calculation completed
2025-07-23 10:13:26,713 | App.naive_bayes | INFO | Prediction result: Sour
2025-07-23 10:13:26,713 | App.model | INFO | Calculating target value ratios
2025-07-23 10:13:26,713 | App.naive_bayes | INFO | Making prediction...
2025-07-23 10:13:26,713 | App.naive_bayes | INFO | Calculating posteriors...
2025-07-23 10:13:26,714 | App.naive_bayes | INFO | Posterior calculation completed
2025-07-23 10:13:26,714 | App.naive_bayes | INFO | Prediction result: Sweet
2025-07-23 10:13:26,714 | App.model | INFO | Calculating target value ratios
2025-07-23 10:13:26,714 | App.naive_bayes | INFO | Making prediction...
2025-07-23 10:13:26,714 | App.naive_bayes | INFO | Calculating posteriors...
2025-07-23 10:13:26,714 | App.naive_bayes | INFO | Posterior calculation completed
2025-07-23 10:13:26,714 | App.naive_bayes | INFO | Prediction result: Sweet
2025-07-23 10:13:26,715 | App.model | INFO | Calculating target value ratios
2025-07-23 10:13:26,715 | App.naive_bayes | INFO | Making prediction...
2025-07-23 10:13:26,715 | App.naive_bayes | INFO | Calculating posteriors...
2025-07-23 10:13:26,715 | App.naive_bayes | INFO | Posterior calculation completed
2025-07-23 10:13:26,715 | App.naive_bayes | INFO | Prediction result: Sweet
2025-07-23 10:13:26,715 | App.model | INFO | Calculating target value ratios
2025-07-23 10:13:26,716 | App.naive_bayes | INFO | Making prediction...
2025-07-23 10:13:26,716 | App.naive_bayes | INFO | Calculating posteriors...
2025-07-23 10:13:26,716 | App.naive_bayes | INFO | Posterior calculation completed
2025-07-23 10:13:26,716 | App.naive_bayes | INFO | Prediction result: Sour
2025-07-23 10:13:26,716 | App.model | INFO | Calculating target value ratios
2025-07-23 10:13:26,716 | App.naive_bayes | INFO | Making prediction...
2025-07-23 10:13:26,716 | App.naive_bayes | INFO | Calculating posteriors...
2025-07-23 10:13:26,716 | App.naive_bayes | INFO | Posterior calculation completed
2025-07-23 10:13:26,717 | App.naive_bayes | INFO | Prediction result: Sour
2025-07-23 10:13:26,717 | App.model | INFO | Calculating target value ratios
2025-07-23 10:13:26,717 | App.naive_bayes | INFO | Making prediction...
2025-07-23 10:13:26,717 | App.naive_bayes | INFO | Calculating posteriors...
2025-07-23 10:13:26,717 | App.naive_bayes | INFO | Posterior calculation completed
2025-07-23 10:13:26,717 | App.naive_bayes | INFO | Prediction result: Sweet
2025-07-23 10:13:26,717 | App.model | INFO | Calculating target value ratios
2025-07-23 10:13:26,718 | App.naive_bayes | INFO | Making prediction...
2025-07-23 10:13:26,718 | App.naive_bayes | INFO | Calculating posteriors...
2025-07-23 10:13:26,718 | App.naive_bayes | INFO | Posterior calculation completed
2025-07-23 10:13:26,718 | App.naive_bayes | INFO | Prediction result: Sour
2025-07-23 10:13:26,718 | App.model | INFO | Calculating target value ratios
2025-07-23 10:13:26,718 | App.naive_bayes | INFO | Making prediction...
2025-07-23 10:13:26,718 | App.naive_bayes | INFO | Calculating posteriors...
2025-07-23 10:13:26,718 | App.naive_bayes | INFO | Posterior calculation completed
2025-07-23 10:13:26,718 | App.naive_bayes | INFO | Prediction result: Sour
2025-07-23 10:13:26,718 | App.model | INFO | Calculating target value ratios
2025-07-23 10:13:26,719 | App.naive_bayes | INFO | Making prediction...
2025-07-23 10:13:26,719 | App.naive_bayes | INFO | Calculating posteriors...
2025-07-23 10:13:26,719 | App.naive_bayes | INFO | Posterior calculation completed
2025-07-23 10:13:26,719 | App.naive_bayes | INFO | Prediction result: Sweet
2025-07-23 10:13:26,719 | App.model | INFO | Calculating target value ratios
2025-07-23 10:13:26,719 | App.naive_bayes | INFO | Making prediction...
2025-07-23 10:13:26,720 | App.naive_bayes | INFO | Calculating posteriors...
2025-07-23 10:13:26,720 | App.naive_bayes | INFO | Posterior calculation completed
2025-07-23 10:13:26,720 | App.naive_bayes | INFO | Prediction result: Sweet
2025-07-23 10:13:26,720 | App.model | INFO | Calculating target value ratios
2025-07-23 10:13:26,720 | App.naive_bayes | INFO | Making prediction...
2025-07-23 10:13:26,720 | App.naive_bayes | INFO | Calculating posteriors...
2025-07-23 10:13:26,720 | App.naive_bayes | INFO | Posterior calculation completed
2025-07-23 10:13:26,720 | App.naive_bayes | INFO | Prediction result: Sweet
2025-07-23 10:13:26,720 | App.model | INFO | Calculating target value ratios
2025-07-23 10:13:26,721 | App.naive_bayes | INFO | Making prediction...
2025-07-23 10:13:26,721 | App.naive_bayes | INFO | Calculating posteriors...
2025-07-23 10:13:26,721 | App.naive_bayes | INFO | Posterior calculation completed
2025-07-23 10:13:26,721 | App.naive_bayes | INFO | Prediction result: Sweet
2025-07-23 10:13:26,721 | App.model | INFO | Calculating target value ratios
2025-07-23 10:13:26,721 | App.naive_bayes | INFO | Making prediction...
2025-07-23 10:13:26,721 | App.naive_bayes | INFO | Calculating posteriors...
2025-07-23 10:13:26,721 | App.naive_bayes | INFO | Posterior calculation completed
2025-07-23 10:13:26,721 | App.naive_bayes | INFO | Prediction result: Sweet
2025-07-23 10:13:26,721 | App.model | INFO | Calculating target value ratios
2025-07-23 10:13:26,722 | App.naive_bayes | INFO | Making prediction...
2025-07-23 10:13:26,722 | App.naive_bayes | INFO | Calculating posteriors...
2025-07-23 10:13:26,722 | App.naive_bayes | INFO | Posterior calculation completed
2025-07-23 10:13:26,722 | App.naive_bayes | INFO | Prediction result: Sweet
2025-07-23 10:13:26,722 | App.model | INFO | Calculating target value ratios
2025-07-23 10:13:26,723 | App.naive_bayes | INFO | Making prediction...
2025-07-23 10:13:26,723 | App.naive_bayes | INFO | Calculating posteriors...
2025-07-23 10:13:26,723 | App.naive_bayes | INFO | Posterior calculation completed
2025-07-23 10:13:26,723 | App.naive_bayes | INFO | Prediction result: Sour
2025-07-23 10:13:26,723 | App.model | INFO | Calculating target value ratios
2025-07-23 10:13:26,723 | App.naive_bayes | INFO | Making prediction...
2025-07-23 10:13:26,723 | App.naive_bayes | INFO | Calculating posteriors...
2025-07-23 10:13:26,723 | App.naive_bayes | INFO | Posterior calculation completed
2025-07-23 10:13:26,723 | App.naive_bayes | INFO | Prediction result: Sour
2025-07-23 10:13:26,723 | App.model | INFO | Calculating target value ratios
2025-07-23 10:13:26,724 | App.naive_bayes | INFO | Making prediction...
2025-07-23 10:13:26,724 | App.naive_bayes | INFO | Calculating posteriors...
2025-07-23 10:13:26,724 | App.naive_bayes | INFO | Posterior calculation completed
2025-07-23 10:13:26,724 | App.naive_bayes | INFO | Prediction result: Salty
2025-07-23 10:13:26,724 | App.model | INFO | Calculating target value ratios
2025-07-23 10:13:26,725 | App.naive_bayes | INFO | Making prediction...
2025-07-23 10:13:26,725 | App.naive_bayes | INFO | Calculating posteriors...
2025-07-23 10:13:26,725 | App.naive_bayes | INFO | Posterior calculation completed
2025-07-23 10:13:26,725 | App.naive_bayes | INFO | Prediction result: Sour
2025-07-23 10:13:26,725 | App.model | INFO | Calculating target value ratios
2025-07-23 10:13:26,725 | App.naive_bayes | INFO | Making prediction...
2025-07-23 10:13:26,725 | App.naive_bayes | INFO | Calculating posteriors...
2025-07-23 10:13:26,725 | App.naive_bayes | INFO | Posterior calculation completed
2025-07-23 10:13:26,725 | App.naive_bayes | INFO | Prediction result: Salty
2025-07-23 10:13:26,725 | App.model | INFO | Calculating target value ratios
2025-07-23 10:13:26,726 | App.naive_bayes | INFO | Making prediction...
2025-07-23 10:13:26,726 | App.naive_bayes | INFO | Calculating posteriors...
2025-07-23 10:13:26,726 | App.naive_bayes | INFO | Posterior calculation completed
2025-07-23 10:13:26,726 | App.naive_bayes | INFO | Prediction result: Sour
2025-07-23 10:13:26,726 | App.model | INFO | Calculating target value ratios
2025-07-23 10:13:26,726 | App.naive_bayes | INFO | Making prediction...
2025-07-23 10:13:26,726 | App.naive_bayes | INFO | Calculating posteriors...
2025-07-23 10:13:26,726 | App.naive_bayes | INFO | Posterior calculation completed
2025-07-23 10:13:26,726 | App.naive_bayes | INFO | Prediction result: Sour
2025-07-23 10:13:26,727 | App.model | INFO | Calculating target value ratios
2025-07-23 10:13:26,727 | App.naive_bayes | INFO | Making prediction...
2025-07-23 10:13:26,727 | App.naive_bayes | INFO | Calculating posteriors...
2025-07-23 10:13:26,727 | App.naive_bayes | INFO | Posterior calculation completed
2025-07-23 10:13:26,727 | App.naive_bayes | INFO | Prediction result: Sweet
2025-07-23 10:13:26,727 | App.model | INFO | Calculating target value ratios
2025-07-23 10:13:26,728 | App.naive_bayes | INFO | Making prediction...
2025-07-23 10:13:26,728 | App.naive_bayes | INFO | Calculating posteriors...
2025-07-23 10:13:26,728 | App.naive_bayes | INFO | Posterior calculation completed
2025-07-23 10:13:26,728 | App.naive_bayes | INFO | Prediction result: Sweet
2025-07-23 10:13:26,728 | App.model | INFO | Calculating target value ratios
2025-07-23 10:13:26,728 | App.naive_bayes | INFO | Making prediction...
2025-07-23 10:13:26,728 | App.naive_bayes | INFO | Calculating posteriors...
2025-07-23 10:13:26,728 | App.naive_bayes | INFO | Posterior calculation completed
2025-07-23 10:13:26,728 | App.naive_bayes | INFO | Prediction result: Sweet
2025-07-23 10:13:26,728 | App.model | INFO | Calculating target value ratios
2025-07-23 10:13:26,729 | App.naive_bayes | INFO | Making prediction...
2025-07-23 10:13:26,729 | App.naive_bayes | INFO | Calculating posteriors...
2025-07-23 10:13:26,729 | App.naive_bayes | INFO | Posterior calculation completed
2025-07-23 10:13:26,729 | App.naive_bayes | INFO | Prediction result: Sour
2025-07-23 10:13:26,729 | App.model | INFO | Calculating target value ratios
2025-07-23 10:13:26,729 | App.naive_bayes | INFO | Making prediction...
2025-07-23 10:13:26,730 | App.naive_bayes | INFO | Calculating posteriors...
2025-07-23 10:13:26,730 | App.naive_bayes | INFO | Posterior calculation completed
2025-07-23 10:13:26,730 | App.naive_bayes | INFO | Prediction result: Sour
2025-07-23 10:13:26,730 | App.model | INFO | Calculating target value ratios
2025-07-23 10:13:26,730 | App.naive_bayes | INFO | Making prediction...
2025-07-23 10:13:26,730 | App.naive_bayes | INFO | Calculating posteriors...
2025-07-23 10:13:26,730 | App.naive_bayes | INFO | Posterior calculation completed
2025-07-23 10:13:26,730 | App.naive_bayes | INFO | Prediction result: Sour
2025-07-23 10:13:26,730 | App.model | INFO | Calculating target value ratios
2025-07-23 10:13:26,731 | App.naive_bayes | INFO | Making prediction...
2025-07-23 10:13:26,731 | App.naive_bayes | INFO | Calculating posteriors...
2025-07-23 10:13:26,731 | App.naive_bayes | INFO | Posterior calculation completed
2025-07-23 10:13:26,731 | App.naive_bayes | INFO | Prediction result: Sour
2025-07-23 10:13:26,731 | App.model | INFO | Calculating target value ratios
2025-07-23 10:13:26,732 | App.naive_bayes | INFO | Making prediction...
2025-07-23 10:13:26,732 | App.naive_bayes | INFO | Calculating posteriors...
2025-07-23 10:13:26,732 | App.naive_bayes | INFO | Posterior calculation completed
2025-07-23 10:13:26,732 | App.naive_bayes | INFO | Prediction result: Sweet
2025-07-23 10:13:26,732 | App.model | INFO | Calculating target value ratios
2025-07-23 10:13:26,732 | App.naive_bayes | INFO | Making prediction...
2025-07-23 10:13:26,732 | App.naive_bayes | INFO | Calculating posteriors...
2025-07-23 10:13:26,732 | App.naive_bayes | INFO | Posterior calculation completed
2025-07-23 10:13:26,732 | App.naive_bayes | INFO | Prediction result: Sweet
2025-07-23 10:13:26,732 | App.model | INFO | Calculating target value ratios
2025-07-23 10:13:26,733 | App.naive_bayes | INFO | Making prediction...
2025-07-23 10:13:26,733 | App.naive_bayes | INFO | Calculating posteriors...
2025-07-23 10:13:26,733 | App.naive_bayes | INFO | Posterior calculation completed
2025-07-23 10:13:26,733 | App.naive_bayes | INFO | Prediction result: Sour
2025-07-23 10:13:26,733 | App.model | INFO | Calculating target value ratios
2025-07-23 10:13:26,733 | App.naive_bayes | INFO | Making prediction...
2025-07-23 10:13:26,733 | App.naive_bayes | INFO | Calculating posteriors...
2025-07-23 10:13:26,734 | App.naive_bayes | INFO | Posterior calculation completed
2025-07-23 10:13:26,734 | App.naive_bayes | INFO | Prediction result: Sour
2025-07-23 10:13:26,734 | App.model | INFO | Calculating target value ratios
2025-07-23 10:13:26,734 | App.naive_bayes | INFO | Making prediction...
2025-07-23 10:13:26,734 | App.naive_bayes | INFO | Calculating posteriors...
2025-07-23 10:13:26,734 | App.naive_bayes | INFO | Posterior calculation completed
2025-07-23 10:13:26,734 | App.naive_bayes | INFO | Prediction result: Salty
2025-07-23 10:13:26,734 | App.model | INFO | Calculating target value ratios
2025-07-23 10:13:26,735 | App.naive_bayes | INFO | Making prediction...
2025-07-23 10:13:26,735 | App.naive_bayes | INFO | Calculating posteriors...
2025-07-23 10:13:26,735 | App.naive_bayes | INFO | Posterior calculation completed
2025-07-23 10:13:26,735 | App.naive_bayes | INFO | Prediction result: Sweet
2025-07-23 10:13:26,735 | App.model | INFO | Calculating target value ratios
2025-07-23 10:13:26,735 | App.naive_bayes | INFO | Making prediction...
2025-07-23 10:13:26,735 | App.naive_bayes | INFO | Calculating posteriors...
2025-07-23 10:13:26,736 | App.naive_bayes | INFO | Posterior calculation completed
2025-07-23 10:13:26,736 | App.naive_bayes | INFO | Prediction result: Sour
2025-07-23 10:13:26,736 | App.model | INFO | Calculating target value ratios
2025-07-23 10:13:26,736 | App.naive_bayes | INFO | Making prediction...
2025-07-23 10:13:26,736 | App.naive_bayes | INFO | Calculating posteriors...
2025-07-23 10:13:26,736 | App.naive_bayes | INFO | Posterior calculation completed
2025-07-23 10:13:26,736 | App.naive_bayes | INFO | Prediction result: Sour
2025-07-23 10:13:26,736 | App.model | INFO | Calculating target value ratios
2025-07-23 10:13:26,737 | App.naive_bayes | INFO | Making prediction...
2025-07-23 10:13:26,737 | App.naive_bayes | INFO | Calculating posteriors...
2025-07-23 10:13:26,737 | App.naive_bayes | INFO | Posterior calculation completed
2025-07-23 10:13:26,737 | App.naive_bayes | INFO | Prediction result: Salty
2025-07-23 10:13:26,737 | App.model | INFO | Calculating target value ratios
2025-07-23 10:13:26,737 | App.naive_bayes | INFO | Making prediction...
2025-07-23 10:13:26,737 | App.naive_bayes | INFO | Calculating posteriors...
2025-07-23 10:13:26,737 | App.naive_bayes | INFO | Posterior calculation completed
2025-07-23 10:13:26,737 | App.naive_bayes | INFO | Prediction result: Sour
2025-07-23 10:13:26,737 | App.model | INFO | Calculating target value ratios
2025-07-23 10:13:26,738 | App.naive_bayes | INFO | Making prediction...
2025-07-23 10:13:26,738 | App.naive_bayes | INFO | Calculating posteriors...
2025-07-23 10:13:26,738 | App.naive_bayes | INFO | Posterior calculation completed
2025-07-23 10:13:26,738 | App.naive_bayes | INFO | Prediction result: Sweet
2025-07-23 10:13:26,738 | App.model | INFO | Calculating target value ratios
2025-07-23 10:13:26,739 | App.naive_bayes | INFO | Making prediction...
2025-07-23 10:13:26,739 | App.naive_bayes | INFO | Calculating posteriors...
2025-07-23 10:13:26,739 | App.naive_bayes | INFO | Posterior calculation completed
2025-07-23 10:13:26,739 | App.naive_bayes | INFO | Prediction result: Sour
2025-07-23 10:13:26,739 | App.model | INFO | Calculating target value ratios
2025-07-23 10:13:26,739 | App.naive_bayes | INFO | Making prediction...
2025-07-23 10:13:26,739 | App.naive_bayes | INFO | Calculating posteriors...
2025-07-23 10:13:26,739 | App.naive_bayes | INFO | Posterior calculation completed
2025-07-23 10:13:26,739 | App.naive_bayes | INFO | Prediction result: Sweet
2025-07-23 10:13:26,739 | App.model | INFO | Calculating target value ratios
2025-07-23 10:13:26,740 | App.naive_bayes | INFO | Making prediction...
2025-07-23 10:13:26,740 | App.naive_bayes | INFO | Calculating posteriors...
2025-07-23 10:13:26,740 | App.naive_bayes | INFO | Posterior calculation completed
2025-07-23 10:13:26,740 | App.naive_bayes | INFO | Prediction result: Salty
2025-07-23 10:13:26,740 | App.model | INFO | Calculating target value ratios
2025-07-23 10:13:26,740 | App.naive_bayes | INFO | Making prediction...
2025-07-23 10:13:26,740 | App.naive_bayes | INFO | Calculating posteriors...
2025-07-23 10:13:26,740 | App.naive_bayes | INFO | Posterior calculation completed
2025-07-23 10:13:26,740 | App.naive_bayes | INFO | Prediction result: Sour
2025-07-23 10:13:26,741 | App.model | INFO | Calculating target value ratios
2025-07-23 10:13:26,741 | App.naive_bayes | INFO | Making prediction...
2025-07-23 10:13:26,741 | App.naive_bayes | INFO | Calculating posteriors...
2025-07-23 10:13:26,741 | App.naive_bayes | INFO | Posterior calculation completed
2025-07-23 10:13:26,741 | App.naive_bayes | INFO | Prediction result: Sweet
2025-07-23 10:13:26,741 | App.model | INFO | Calculating target value ratios
2025-07-23 10:13:26,742 | App.naive_bayes | INFO | Making prediction...
2025-07-23 10:13:26,742 | App.naive_bayes | INFO | Calculating posteriors...
2025-07-23 10:13:26,742 | App.naive_bayes | INFO | Posterior calculation completed
2025-07-23 10:13:26,742 | App.naive_bayes | INFO | Prediction result: Sour
2025-07-23 10:13:26,742 | App.model | INFO | Calculating target value ratios
2025-07-23 10:13:26,742 | App.naive_bayes | INFO | Making prediction...
2025-07-23 10:13:26,742 | App.naive_bayes | INFO | Calculating posteriors...
2025-07-23 10:13:26,742 | App.naive_bayes | INFO | Posterior calculation completed
2025-07-23 10:13:26,742 | App.naive_bayes | INFO | Prediction result: Sweet
2025-07-23 10:13:26,742 | App.model | INFO | Calculating target value ratios
2025-07-23 10:13:26,743 | App.naive_bayes | INFO | Making prediction...
2025-07-23 10:13:26,743 | App.naive_bayes | INFO | Calculating posteriors...
2025-07-23 10:13:26,743 | App.naive_bayes | INFO | Posterior calculation completed
2025-07-23 10:13:26,743 | App.naive_bayes | INFO | Prediction result: Sour
2025-07-23 10:13:26,743 | App.model | INFO | Calculating target value ratios
2025-07-23 10:13:26,744 | App.naive_bayes | INFO | Making prediction...
2025-07-23 10:13:26,744 | App.naive_bayes | INFO | Calculating posteriors...
2025-07-23 10:13:26,744 | App.naive_bayes | INFO | Posterior calculation completed
2025-07-23 10:13:26,744 | App.naive_bayes | INFO | Prediction result: Sweet
2025-07-23 10:13:26,744 | App.model | INFO | Calculating target value ratios
2025-07-23 10:13:26,744 | App.naive_bayes | INFO | Making prediction...
2025-07-23 10:13:26,744 | App.naive_bayes | INFO | Calculating posteriors...
2025-07-23 10:13:26,744 | App.naive_bayes | INFO | Posterior calculation completed
2025-07-23 10:13:26,744 | App.naive_bayes | INFO | Prediction result: Sour
2025-07-23 10:13:26,744 | App.model | INFO | Calculating target value ratios
2025-07-23 10:13:26,745 | App.naive_bayes | INFO | Making prediction...
2025-07-23 10:13:26,745 | App.naive_bayes | INFO | Calculating posteriors...
2025-07-23 10:13:26,745 | App.naive_bayes | INFO | Posterior calculation completed
2025-07-23 10:13:26,745 | App.naive_bayes | INFO | Prediction result: Sweet
2025-07-23 10:13:26,745 | App.model | INFO | Calculating target value ratios
2025-07-23 10:13:26,746 | App.naive_bayes | INFO | Making prediction...
2025-07-23 10:13:26,746 | App.naive_bayes | INFO | Calculating posteriors...
2025-07-23 10:13:26,746 | App.naive_bayes | INFO | Posterior calculation completed
2025-07-23 10:13:26,746 | App.naive_bayes | INFO | Prediction result: Sour
2025-07-23 10:13:26,746 | App.model | INFO | Calculating target value ratios
2025-07-23 10:13:26,746 | App.naive_bayes | INFO | Making prediction...
2025-07-23 10:13:26,747 | App.naive_bayes | INFO | Calculating posteriors...
2025-07-23 10:13:26,747 | App.naive_bayes | INFO | Posterior calculation completed
2025-07-23 10:13:26,747 | App.naive_bayes | INFO | Prediction result: Sour
2025-07-23 10:13:26,747 | App.model | INFO | Calculating target value ratios
2025-07-23 10:13:26,747 | App.naive_bayes | INFO | Making prediction...
2025-07-23 10:13:26,747 | App.naive_bayes | INFO | Calculating posteriors...
2025-07-23 10:13:26,747 | App.naive_bayes | INFO | Posterior calculation completed
2025-07-23 10:13:26,747 | App.naive_bayes | INFO | Prediction result: Sweet
2025-07-23 10:13:26,747 | App.model | INFO | Calculating target value ratios
2025-07-23 10:13:26,748 | App.naive_bayes | INFO | Making prediction...
2025-07-23 10:13:26,748 | App.naive_bayes | INFO | Calculating posteriors...
2025-07-23 10:13:26,748 | App.naive_bayes | INFO | Posterior calculation completed
2025-07-23 10:13:26,748 | App.naive_bayes | INFO | Prediction result: Sour
2025-07-23 10:13:26,748 | App.model | INFO | Calculating target value ratios
2025-07-23 10:13:26,749 | App.naive_bayes | INFO | Making prediction...
2025-07-23 10:13:26,749 | App.naive_bayes | INFO | Calculating posteriors...
2025-07-23 10:13:26,749 | App.naive_bayes | INFO | Posterior calculation completed
2025-07-23 10:13:26,749 | App.naive_bayes | INFO | Prediction result: Sweet
2025-07-23 10:13:26,749 | App.model | INFO | Calculating target value ratios
2025-07-23 10:13:26,749 | App.naive_bayes | INFO | Making prediction...
2025-07-23 10:13:26,749 | App.naive_bayes | INFO | Calculating posteriors...
2025-07-23 10:13:26,749 | App.naive_bayes | INFO | Posterior calculation completed
2025-07-23 10:13:26,749 | App.naive_bayes | INFO | Prediction result: Sour
2025-07-23 10:13:26,749 | App.model | INFO | Calculating target value ratios
2025-07-23 10:13:26,750 | App.naive_bayes | INFO | Making prediction...
2025-07-23 10:13:26,750 | App.naive_bayes | INFO | Calculating posteriors...
2025-07-23 10:13:26,750 | App.naive_bayes | INFO | Posterior calculation completed
2025-07-23 10:13:26,750 | App.naive_bayes | INFO | Prediction result: Sour
2025-07-23 10:13:26,750 | App.model | INFO | Calculating target value ratios
2025-07-23 10:13:26,751 | App.naive_bayes | INFO | Making prediction...
2025-07-23 10:13:26,751 | App.naive_bayes | INFO | Calculating posteriors...
2025-07-23 10:13:26,751 | App.naive_bayes | INFO | Posterior calculation completed
2025-07-23 10:13:26,751 | App.naive_bayes | INFO | Prediction result: Sweet
2025-07-23 10:13:26,751 | App.model | INFO | Calculating target value ratios
2025-07-23 10:13:26,751 | App.naive_bayes | INFO | Making prediction...
2025-07-23 10:13:26,751 | App.naive_bayes | INFO | Calculating posteriors...
2025-07-23 10:13:26,751 | App.naive_bayes | INFO | Posterior calculation completed
2025-07-23 10:13:26,751 | App.naive_bayes | INFO | Prediction result: Sour
2025-07-23 10:13:26,751 | App.model | INFO | Calculating target value ratios
2025-07-23 10:13:26,752 | App.naive_bayes | INFO | Making prediction...
2025-07-23 10:13:26,752 | App.naive_bayes | INFO | Calculating posteriors...
2025-07-23 10:13:26,752 | App.naive_bayes | INFO | Posterior calculation completed
2025-07-23 10:13:26,752 | App.naive_bayes | INFO | Prediction result: Sweet
2025-07-23 10:13:26,752 | App.model | INFO | Calculating target value ratios
2025-07-23 10:13:26,752 | App.naive_bayes | INFO | Making prediction...
2025-07-23 10:13:26,752 | App.naive_bayes | INFO | Calculating posteriors...
2025-07-23 10:13:26,753 | App.naive_bayes | INFO | Posterior calculation completed
2025-07-23 10:13:26,753 | App.naive_bayes | INFO | Prediction result: Sweet
2025-07-23 10:13:26,753 | App.model | INFO | Calculating target value ratios
2025-07-23 10:13:26,753 | App.naive_bayes | INFO | Making prediction...
2025-07-23 10:13:26,753 | App.naive_bayes | INFO | Calculating posteriors...
2025-07-23 10:13:26,753 | App.naive_bayes | INFO | Posterior calculation completed
2025-07-23 10:13:26,753 | App.naive_bayes | INFO | Prediction result: Sour
2025-07-23 10:13:26,753 | App.model | INFO | Calculating target value ratios
2025-07-23 10:13:26,754 | App.naive_bayes | INFO | Making prediction...
2025-07-23 10:13:26,754 | App.naive_bayes | INFO | Calculating posteriors...
2025-07-23 10:13:26,754 | App.naive_bayes | INFO | Posterior calculation completed
2025-07-23 10:13:26,754 | App.naive_bayes | INFO | Prediction result: Sweet
2025-07-23 10:13:26,754 | App.model | INFO | Calculating target value ratios
2025-07-23 10:13:26,754 | App.naive_bayes | INFO | Making prediction...
2025-07-23 10:13:26,754 | App.naive_bayes | INFO | Calculating posteriors...
2025-07-23 10:13:26,754 | App.naive_bayes | INFO | Posterior calculation completed
2025-07-23 10:13:26,754 | App.naive_bayes | INFO | Prediction result: Sweet
2025-07-23 10:13:26,755 | App.model | INFO | Calculating target value ratios
2025-07-23 10:13:26,755 | App.naive_bayes | INFO | Making prediction...
2025-07-23 10:13:26,755 | App.naive_bayes | INFO | Calculating posteriors...
2025-07-23 10:13:26,755 | App.naive_bayes | INFO | Posterior calculation completed
2025-07-23 10:13:26,755 | App.naive_bayes | INFO | Prediction result: Sour
2025-07-23 10:13:26,755 | App.model | INFO | Calculating target value ratios
2025-07-23 10:13:26,756 | App.naive_bayes | INFO | Making prediction...
2025-07-23 10:13:26,756 | App.naive_bayes | INFO | Calculating posteriors...
2025-07-23 10:13:26,756 | App.naive_bayes | INFO | Posterior calculation completed
2025-07-23 10:13:26,756 | App.naive_bayes | INFO | Prediction result: Sour
2025-07-23 10:13:26,756 | App.model | INFO | Calculating target value ratios
2025-07-23 10:13:26,756 | App.naive_bayes | INFO | Making prediction...
2025-07-23 10:13:26,757 | App.naive_bayes | INFO | Calculating posteriors...
2025-07-23 10:13:26,757 | App.naive_bayes | INFO | Posterior calculation completed
2025-07-23 10:13:26,757 | App.naive_bayes | INFO | Prediction result: Sweet
2025-07-23 10:13:26,757 | App.model | INFO | Calculating target value ratios
2025-07-23 10:13:26,757 | App.naive_bayes | INFO | Making prediction...
2025-07-23 10:13:26,757 | App.naive_bayes | INFO | Calculating posteriors...
2025-07-23 10:13:26,757 | App.naive_bayes | INFO | Posterior calculation completed
2025-07-23 10:13:26,757 | App.naive_bayes | INFO | Prediction result: Sour
2025-07-23 10:13:26,757 | App.model | INFO | Calculating target value ratios
2025-07-23 10:13:26,758 | App.naive_bayes | INFO | Making prediction...
2025-07-23 10:13:26,758 | App.naive_bayes | INFO | Calculating posteriors...
2025-07-23 10:13:26,758 | App.naive_bayes | INFO | Posterior calculation completed
2025-07-23 10:13:26,758 | App.naive_bayes | INFO | Prediction result: Salty
2025-07-23 10:13:26,758 | App.model | INFO | Calculating target value ratios
2025-07-23 10:13:26,759 | App.naive_bayes | INFO | Making prediction...
2025-07-23 10:13:26,759 | App.naive_bayes | INFO | Calculating posteriors...
2025-07-23 10:13:26,759 | App.naive_bayes | INFO | Posterior calculation completed
2025-07-23 10:13:26,759 | App.naive_bayes | INFO | Prediction result: Sweet
2025-07-23 10:13:26,759 | App.model | INFO | Calculating target value ratios
2025-07-23 10:13:26,759 | App.naive_bayes | INFO | Making prediction...
2025-07-23 10:13:26,759 | App.naive_bayes | INFO | Calculating posteriors...
2025-07-23 10:13:26,759 | App.naive_bayes | INFO | Posterior calculation completed
2025-07-23 10:13:26,759 | App.naive_bayes | INFO | Prediction result: Sour
2025-07-23 10:13:26,759 | App.model | INFO | Calculating target value ratios
2025-07-23 10:13:26,760 | App.naive_bayes | INFO | Making prediction...
2025-07-23 10:13:26,760 | App.naive_bayes | INFO | Calculating posteriors...
2025-07-23 10:13:26,760 | App.naive_bayes | INFO | Posterior calculation completed
2025-07-23 10:13:26,760 | App.naive_bayes | INFO | Prediction result: Sour
2025-07-23 10:13:26,760 | App.model | INFO | Calculating target value ratios
2025-07-23 10:13:26,760 | App.naive_bayes | INFO | Making prediction...
2025-07-23 10:13:26,760 | App.naive_bayes | INFO | Calculating posteriors...
2025-07-23 10:13:26,761 | App.naive_bayes | INFO | Posterior calculation completed
2025-07-23 10:13:26,761 | App.naive_bayes | INFO | Prediction result: Sour
2025-07-23 10:13:26,761 | App.model | INFO | Calculating target value ratios
2025-07-23 10:13:26,761 | App.naive_bayes | INFO | Making prediction...
2025-07-23 10:13:26,761 | App.naive_bayes | INFO | Calculating posteriors...
2025-07-23 10:13:26,761 | App.naive_bayes | INFO | Posterior calculation completed
2025-07-23 10:13:26,761 | App.naive_bayes | INFO | Prediction result: Sweet
2025-07-23 10:13:26,761 | App.model | INFO | Calculating target value ratios
2025-07-23 10:13:26,762 | App.naive_bayes | INFO | Making prediction...
2025-07-23 10:13:26,762 | App.naive_bayes | INFO | Calculating posteriors...
2025-07-23 10:13:26,762 | App.naive_bayes | INFO | Posterior calculation completed
2025-07-23 10:13:26,762 | App.naive_bayes | INFO | Prediction result: Sweet
2025-07-23 10:13:26,762 | App.model | INFO | Calculating target value ratios
2025-07-23 10:13:26,763 | App.naive_bayes | INFO | Making prediction...
2025-07-23 10:13:26,763 | App.naive_bayes | INFO | Calculating posteriors...
2025-07-23 10:13:26,763 | App.naive_bayes | INFO | Posterior calculation completed
2025-07-23 10:13:26,763 | App.naive_bayes | INFO | Prediction result: Salty
2025-07-23 10:13:26,763 | App.model | INFO | Calculating target value ratios
2025-07-23 10:13:26,764 | App.naive_bayes | INFO | Making prediction...
2025-07-23 10:13:26,764 | App.naive_bayes | INFO | Calculating posteriors...
2025-07-23 10:13:26,764 | App.naive_bayes | INFO | Posterior calculation completed
2025-07-23 10:13:26,764 | App.naive_bayes | INFO | Prediction result: Sour
2025-07-23 10:13:26,764 | App.model | INFO | Calculating target value ratios
2025-07-23 10:13:26,764 | App.naive_bayes | INFO | Making prediction...
2025-07-23 10:13:26,764 | App.naive_bayes | INFO | Calculating posteriors...
2025-07-23 10:13:26,764 | App.naive_bayes | INFO | Posterior calculation completed
2025-07-23 10:13:26,764 | App.naive_bayes | INFO | Prediction result: Sweet
2025-07-23 10:13:26,764 | App.model | INFO | Calculating target value ratios
2025-07-23 10:13:26,765 | App.naive_bayes | INFO | Making prediction...
2025-07-23 10:13:26,765 | App.naive_bayes | INFO | Calculating posteriors...
2025-07-23 10:13:26,765 | App.naive_bayes | INFO | Posterior calculation completed
2025-07-23 10:13:26,765 | App.naive_bayes | INFO | Prediction result: Sour
2025-07-23 10:13:26,765 | App.model | INFO | Calculating target value ratios
2025-07-23 10:13:26,765 | App.naive_bayes | INFO | Making prediction...
2025-07-23 10:13:26,766 | App.naive_bayes | INFO | Calculating posteriors...
2025-07-23 10:13:26,766 | App.naive_bayes | INFO | Posterior calculation completed
2025-07-23 10:13:26,766 | App.naive_bayes | INFO | Prediction result: Sour
2025-07-23 10:13:26,766 | App.model | INFO | Calculating target value ratios
2025-07-23 10:13:26,766 | App.naive_bayes | INFO | Making prediction...
2025-07-23 10:13:26,766 | App.naive_bayes | INFO | Calculating posteriors...
2025-07-23 10:13:26,766 | App.naive_bayes | INFO | Posterior calculation completed
2025-07-23 10:13:26,766 | App.naive_bayes | INFO | Prediction result: Sour
2025-07-23 10:13:26,766 | App.model | INFO | Calculating target value ratios
2025-07-23 10:13:26,767 | App.naive_bayes | INFO | Making prediction...
2025-07-23 10:13:26,767 | App.naive_bayes | INFO | Calculating posteriors...
2025-07-23 10:13:26,767 | App.naive_bayes | INFO | Posterior calculation completed
2025-07-23 10:13:26,767 | App.naive_bayes | INFO | Prediction result: Sweet
2025-07-23 10:13:26,767 | App.model | INFO | Calculating target value ratios
2025-07-23 10:13:26,767 | App.naive_bayes | INFO | Making prediction...
2025-07-23 10:13:26,767 | App.naive_bayes | INFO | Calculating posteriors...
2025-07-23 10:13:26,767 | App.naive_bayes | INFO | Posterior calculation completed
2025-07-23 10:13:26,767 | App.naive_bayes | INFO | Prediction result: Sour
2025-07-23 10:13:26,768 | App.model | INFO | Calculating target value ratios
2025-07-23 10:13:26,768 | App.naive_bayes | INFO | Making prediction...
2025-07-23 10:13:26,768 | App.naive_bayes | INFO | Calculating posteriors...
2025-07-23 10:13:26,768 | App.naive_bayes | INFO | Posterior calculation completed
2025-07-23 10:13:26,768 | App.naive_bayes | INFO | Prediction result: Sweet
2025-07-23 10:13:26,768 | App.model | INFO | Calculating target value ratios
2025-07-23 10:13:26,769 | App.naive_bayes | INFO | Making prediction...
2025-07-23 10:13:26,769 | App.naive_bayes | INFO | Calculating posteriors...
2025-07-23 10:13:26,769 | App.naive_bayes | INFO | Posterior calculation completed
2025-07-23 10:13:26,769 | App.naive_bayes | INFO | Prediction result: Sweet
2025-07-23 10:13:26,769 | App.model | INFO | Calculating target value ratios
2025-07-23 10:13:26,769 | App.naive_bayes | INFO | Making prediction...
2025-07-23 10:13:26,769 | App.naive_bayes | INFO | Calculating posteriors...
2025-07-23 10:13:26,770 | App.naive_bayes | INFO | Posterior calculation completed
2025-07-23 10:13:26,770 | App.naive_bayes | INFO | Prediction result: Sweet
2025-07-23 10:13:26,770 | App.model | INFO | Calculating target value ratios
2025-07-23 10:13:26,770 | App.naive_bayes | INFO | Making prediction...
2025-07-23 10:13:26,770 | App.naive_bayes | INFO | Calculating posteriors...
2025-07-23 10:13:26,770 | App.naive_bayes | INFO | Posterior calculation completed
2025-07-23 10:13:26,770 | App.naive_bayes | INFO | Prediction result: Sweet
2025-07-23 10:13:26,770 | App.model | INFO | Calculating target value ratios
2025-07-23 10:13:26,771 | App.naive_bayes | INFO | Making prediction...
2025-07-23 10:13:26,771 | App.naive_bayes | INFO | Calculating posteriors...
2025-07-23 10:13:26,771 | App.naive_bayes | INFO | Posterior calculation completed
2025-07-23 10:13:26,771 | App.naive_bayes | INFO | Prediction result: Sweet
2025-07-23 10:13:26,771 | App.model | INFO | Calculating target value ratios
2025-07-23 10:13:26,771 | App.naive_bayes | INFO | Making prediction...
2025-07-23 10:13:26,771 | App.naive_bayes | INFO | Calculating posteriors...
2025-07-23 10:13:26,771 | App.naive_bayes | INFO | Posterior calculation completed
2025-07-23 10:13:26,771 | App.naive_bayes | INFO | Prediction result: Sweet
2025-07-23 10:13:26,771 | App.model | INFO | Calculating target value ratios
2025-07-23 10:13:26,772 | App.naive_bayes | INFO | Making prediction...
2025-07-23 10:13:26,772 | App.naive_bayes | INFO | Calculating posteriors...
2025-07-23 10:13:26,772 | App.naive_bayes | INFO | Posterior calculation completed
2025-07-23 10:13:26,772 | App.naive_bayes | INFO | Prediction result: Sour
2025-07-23 10:13:26,772 | App.model | INFO | Calculating target value ratios
2025-07-23 10:13:26,773 | App.naive_bayes | INFO | Making prediction...
2025-07-23 10:13:26,773 | App.naive_bayes | INFO | Calculating posteriors...
2025-07-23 10:13:26,773 | App.naive_bayes | INFO | Posterior calculation completed
2025-07-23 10:13:26,773 | App.naive_bayes | INFO | Prediction result: Sour
2025-07-23 10:13:26,773 | App.model | INFO | Calculating target value ratios
2025-07-23 10:13:26,773 | App.naive_bayes | INFO | Making prediction...
2025-07-23 10:13:26,773 | App.naive_bayes | INFO | Calculating posteriors...
2025-07-23 10:13:26,773 | App.naive_bayes | INFO | Posterior calculation completed
2025-07-23 10:13:26,773 | App.naive_bayes | INFO | Prediction result: Sweet
2025-07-23 10:13:26,773 | App.model | INFO | Calculating target value ratios
2025-07-23 10:13:26,774 | App.naive_bayes | INFO | Making prediction...
2025-07-23 10:13:26,774 | App.naive_bayes | INFO | Calculating posteriors...
2025-07-23 10:13:26,774 | App.naive_bayes | INFO | Posterior calculation completed
2025-07-23 10:13:26,774 | App.naive_bayes | INFO | Prediction result: Sweet
2025-07-23 10:13:26,774 | App.model | INFO | Calculating target value ratios
2025-07-23 10:13:26,774 | App.naive_bayes | INFO | Making prediction...
2025-07-23 10:13:26,774 | App.naive_bayes | INFO | Calculating posteriors...
2025-07-23 10:13:26,774 | App.naive_bayes | INFO | Posterior calculation completed
2025-07-23 10:13:26,775 | App.naive_bayes | INFO | Prediction result: Sweet
2025-07-23 10:13:26,775 | App.model | INFO | Calculating target value ratios
2025-07-23 10:13:26,775 | App.naive_bayes | INFO | Making prediction...
2025-07-23 10:13:26,775 | App.naive_bayes | INFO | Calculating posteriors...
2025-07-23 10:13:26,775 | App.naive_bayes | INFO | Posterior calculation completed
2025-07-23 10:13:26,775 | App.naive_bayes | INFO | Prediction result: Salty
2025-07-23 10:13:26,775 | App.model | INFO | Calculating target value ratios
2025-07-23 10:13:26,776 | App.naive_bayes | INFO | Making prediction...
2025-07-23 10:13:26,776 | App.naive_bayes | INFO | Calculating posteriors...
2025-07-23 10:13:26,776 | App.naive_bayes | INFO | Posterior calculation completed
2025-07-23 10:13:26,776 | App.naive_bayes | INFO | Prediction result: Sour
2025-07-23 10:13:26,776 | App.model | INFO | Calculating target value ratios
2025-07-23 10:13:26,777 | App.naive_bayes | INFO | Making prediction...
2025-07-23 10:13:26,777 | App.naive_bayes | INFO | Calculating posteriors...
2025-07-23 10:13:26,777 | App.naive_bayes | INFO | Posterior calculation completed
2025-07-23 10:13:26,777 | App.naive_bayes | INFO | Prediction result: Sweet
2025-07-23 10:13:26,777 | App.model | INFO | Calculating target value ratios
2025-07-23 10:13:26,777 | App.naive_bayes | INFO | Making prediction...
2025-07-23 10:13:26,777 | App.naive_bayes | INFO | Calculating posteriors...
2025-07-23 10:13:26,777 | App.naive_bayes | INFO | Posterior calculation completed
2025-07-23 10:13:26,778 | App.naive_bayes | INFO | Prediction result: Sour
2025-07-23 10:13:26,778 | App.model | INFO | Calculating target value ratios
2025-07-23 10:13:26,778 | App.naive_bayes | INFO | Making prediction...
2025-07-23 10:13:26,778 | App.naive_bayes | INFO | Calculating posteriors...
2025-07-23 10:13:26,778 | App.naive_bayes | INFO | Posterior calculation completed
2025-07-23 10:13:26,778 | App.naive_bayes | INFO | Prediction result: Sour
2025-07-23 10:13:26,778 | App.model | INFO | Calculating target value ratios
2025-07-23 10:13:26,779 | App.naive_bayes | INFO | Making prediction...
2025-07-23 10:13:26,779 | App.naive_bayes | INFO | Calculating posteriors...
2025-07-23 10:13:26,779 | App.naive_bayes | INFO | Posterior calculation completed
2025-07-23 10:13:26,779 | App.naive_bayes | INFO | Prediction result: Sweet
2025-07-23 10:13:26,779 | App.model | INFO | Calculating target value ratios
2025-07-23 10:13:26,779 | App.naive_bayes | INFO | Making prediction...
2025-07-23 10:13:26,779 | App.naive_bayes | INFO | Calculating posteriors...
2025-07-23 10:13:26,779 | App.naive_bayes | INFO | Posterior calculation completed
2025-07-23 10:13:26,779 | App.naive_bayes | INFO | Prediction result: Sweet
2025-07-23 10:13:26,779 | App.model | INFO | Calculating target value ratios
2025-07-23 10:13:26,780 | App.naive_bayes | INFO | Making prediction...
2025-07-23 10:13:26,780 | App.naive_bayes | INFO | Calculating posteriors...
2025-07-23 10:13:26,780 | App.naive_bayes | INFO | Posterior calculation completed
2025-07-23 10:13:26,780 | App.naive_bayes | INFO | Prediction result: Sweet
2025-07-23 10:13:26,780 | App.model | INFO | Calculating target value ratios
2025-07-23 10:13:26,781 | App.naive_bayes | INFO | Making prediction...
2025-07-23 10:13:26,781 | App.naive_bayes | INFO | Calculating posteriors...
2025-07-23 10:13:26,781 | App.naive_bayes | INFO | Posterior calculation completed
2025-07-23 10:13:26,781 | App.naive_bayes | INFO | Prediction result: Sour
2025-07-23 10:13:26,781 | App.model | INFO | Calculating target value ratios
2025-07-23 10:13:26,781 | App.naive_bayes | INFO | Making prediction...
2025-07-23 10:13:26,781 | App.naive_bayes | INFO | Calculating posteriors...
2025-07-23 10:13:26,781 | App.naive_bayes | INFO | Posterior calculation completed
2025-07-23 10:13:26,781 | App.naive_bayes | INFO | Prediction result: Sour
2025-07-23 10:13:26,781 | App.model | INFO | Calculating target value ratios
2025-07-23 10:13:26,782 | App.naive_bayes | INFO | Making prediction...
2025-07-23 10:13:26,782 | App.naive_bayes | INFO | Calculating posteriors...
2025-07-23 10:13:26,782 | App.naive_bayes | INFO | Posterior calculation completed
2025-07-23 10:13:26,782 | App.naive_bayes | INFO | Prediction result: Sweet
2025-07-23 10:13:26,782 | App.model | INFO | Calculating target value ratios
2025-07-23 10:13:26,782 | App.naive_bayes | INFO | Making prediction...
2025-07-23 10:13:26,782 | App.naive_bayes | INFO | Calculating posteriors...
2025-07-23 10:13:26,782 | App.naive_bayes | INFO | Posterior calculation completed
2025-07-23 10:13:26,783 | App.naive_bayes | INFO | Prediction result: Sweet
2025-07-23 10:13:26,783 | App.model | INFO | Calculating target value ratios
2025-07-23 10:13:26,783 | App.naive_bayes | INFO | Making prediction...
2025-07-23 10:13:26,783 | App.naive_bayes | INFO | Calculating posteriors...
2025-07-23 10:13:26,783 | App.naive_bayes | INFO | Posterior calculation completed
2025-07-23 10:13:26,783 | App.naive_bayes | INFO | Prediction result: Sour
2025-07-23 10:13:26,783 | App.model | INFO | Calculating target value ratios
2025-07-23 10:13:26,784 | App.naive_bayes | INFO | Making prediction...
2025-07-23 10:13:26,784 | App.naive_bayes | INFO | Calculating posteriors...
2025-07-23 10:13:26,784 | App.naive_bayes | INFO | Posterior calculation completed
2025-07-23 10:13:26,784 | App.naive_bayes | INFO | Prediction result: Sour
2025-07-23 10:13:26,784 | App.model | INFO | Calculating target value ratios
2025-07-23 10:13:26,784 | App.naive_bayes | INFO | Making prediction...
2025-07-23 10:13:26,785 | App.naive_bayes | INFO | Calculating posteriors...
2025-07-23 10:13:26,785 | App.naive_bayes | INFO | Posterior calculation completed
2025-07-23 10:13:26,785 | App.naive_bayes | INFO | Prediction result: Salty
2025-07-23 10:13:26,785 | App.model | INFO | Calculating target value ratios
2025-07-23 10:13:26,785 | App.naive_bayes | INFO | Making prediction...
2025-07-23 10:13:26,785 | App.naive_bayes | INFO | Calculating posteriors...
2025-07-23 10:13:26,785 | App.naive_bayes | INFO | Posterior calculation completed
2025-07-23 10:13:26,785 | App.naive_bayes | INFO | Prediction result: Sour
2025-07-23 10:13:26,785 | App.model | INFO | Calculating target value ratios
2025-07-23 10:13:26,786 | App.naive_bayes | INFO | Making prediction...
2025-07-23 10:13:26,786 | App.naive_bayes | INFO | Calculating posteriors...
2025-07-23 10:13:26,786 | App.naive_bayes | INFO | Posterior calculation completed
2025-07-23 10:13:26,786 | App.naive_bayes | INFO | Prediction result: Sweet
2025-07-23 10:13:26,786 | App.model | INFO | Calculating target value ratios
2025-07-23 10:13:26,786 | App.naive_bayes | INFO | Making prediction...
2025-07-23 10:13:26,786 | App.naive_bayes | INFO | Calculating posteriors...
2025-07-23 10:13:26,786 | App.naive_bayes | INFO | Posterior calculation completed
2025-07-23 10:13:26,787 | App.naive_bayes | INFO | Prediction result: Sweet
2025-07-23 10:13:26,787 | App.model | INFO | Calculating target value ratios
2025-07-23 10:13:26,787 | App.naive_bayes | INFO | Making prediction...
2025-07-23 10:13:26,787 | App.naive_bayes | INFO | Calculating posteriors...
2025-07-23 10:13:26,787 | App.naive_bayes | INFO | Posterior calculation completed
2025-07-23 10:13:26,787 | App.naive_bayes | INFO | Prediction result: Sweet
2025-07-23 10:13:26,787 | App.model | INFO | Calculating target value ratios
2025-07-23 10:13:26,788 | App.naive_bayes | INFO | Making prediction...
2025-07-23 10:13:26,788 | App.naive_bayes | INFO | Calculating posteriors...
2025-07-23 10:13:26,788 | App.naive_bayes | INFO | Posterior calculation completed
2025-07-23 10:13:26,788 | App.naive_bayes | INFO | Prediction result: Sour
2025-07-23 10:13:26,788 | App.model | INFO | Calculating target value ratios
2025-07-23 10:13:26,788 | App.naive_bayes | INFO | Making prediction...
2025-07-23 10:13:26,788 | App.naive_bayes | INFO | Calculating posteriors...
2025-07-23 10:13:26,788 | App.naive_bayes | INFO | Posterior calculation completed
2025-07-23 10:13:26,788 | App.naive_bayes | INFO | Prediction result: Sweet
2025-07-23 10:13:26,788 | App.model | INFO | Calculating target value ratios
2025-07-23 10:13:26,789 | App.naive_bayes | INFO | Making prediction...
2025-07-23 10:13:26,789 | App.naive_bayes | INFO | Calculating posteriors...
2025-07-23 10:13:26,789 | App.naive_bayes | INFO | Posterior calculation completed
2025-07-23 10:13:26,789 | App.naive_bayes | INFO | Prediction result: Salty
2025-07-23 10:13:26,789 | App.model | INFO | Calculating target value ratios
2025-07-23 10:13:26,789 | App.naive_bayes | INFO | Making prediction...
2025-07-23 10:13:26,790 | App.naive_bayes | INFO | Calculating posteriors...
2025-07-23 10:13:26,790 | App.naive_bayes | INFO | Posterior calculation completed
2025-07-23 10:13:26,790 | App.naive_bayes | INFO | Prediction result: Sour
2025-07-23 10:13:26,790 | App.model | INFO | Calculating target value ratios
2025-07-23 10:13:26,790 | App.naive_bayes | INFO | Making prediction...
2025-07-23 10:13:26,790 | App.naive_bayes | INFO | Calculating posteriors...
2025-07-23 10:13:26,790 | App.naive_bayes | INFO | Posterior calculation completed
2025-07-23 10:13:26,790 | App.naive_bayes | INFO | Prediction result: Salty
2025-07-23 10:13:26,791 | App.model | INFO | Calculating target value ratios
2025-07-23 10:13:26,791 | App.naive_bayes | INFO | Making prediction...
2025-07-23 10:13:26,791 | App.naive_bayes | INFO | Calculating posteriors...
2025-07-23 10:13:26,791 | App.naive_bayes | INFO | Posterior calculation completed
2025-07-23 10:13:26,791 | App.naive_bayes | INFO | Prediction result: Salty
2025-07-23 10:13:26,791 | App.model | INFO | Calculating target value ratios
2025-07-23 10:13:26,792 | App.naive_bayes | INFO | Making prediction...
2025-07-23 10:13:26,792 | App.naive_bayes | INFO | Calculating posteriors...
2025-07-23 10:13:26,792 | App.naive_bayes | INFO | Posterior calculation completed
2025-07-23 10:13:26,792 | App.naive_bayes | INFO | Prediction result: Sour
2025-07-23 10:13:26,792 | App.model | INFO | Calculating target value ratios
2025-07-23 10:13:26,792 | App.naive_bayes | INFO | Making prediction...
2025-07-23 10:13:26,792 | App.naive_bayes | INFO | Calculating posteriors...
2025-07-23 10:13:26,793 | App.naive_bayes | INFO | Posterior calculation completed
2025-07-23 10:13:26,793 | App.naive_bayes | INFO | Prediction result: Salty
2025-07-23 10:13:26,793 | App.model | INFO | Calculating target value ratios
2025-07-23 10:13:26,793 | App.naive_bayes | INFO | Making prediction...
2025-07-23 10:13:26,793 | App.naive_bayes | INFO | Calculating posteriors...
2025-07-23 10:13:26,793 | App.naive_bayes | INFO | Posterior calculation completed
2025-07-23 10:13:26,793 | App.naive_bayes | INFO | Prediction result: Sweet
2025-07-23 10:13:26,793 | App.model | INFO | Calculating target value ratios
2025-07-23 10:13:26,794 | App.naive_bayes | INFO | Making prediction...
2025-07-23 10:13:26,794 | App.naive_bayes | INFO | Calculating posteriors...
2025-07-23 10:13:26,794 | App.naive_bayes | INFO | Posterior calculation completed
2025-07-23 10:13:26,794 | App.naive_bayes | INFO | Prediction result: Sweet
2025-07-23 10:13:26,794 | App.model | INFO | Calculating target value ratios
2025-07-23 10:13:26,794 | App.naive_bayes | INFO | Making prediction...
2025-07-23 10:13:26,794 | App.naive_bayes | INFO | Calculating posteriors...
2025-07-23 10:13:26,794 | App.naive_bayes | INFO | Posterior calculation completed
2025-07-23 10:13:26,794 | App.naive_bayes | INFO | Prediction result: Sour
2025-07-23 10:13:26,794 | App.model | INFO | Calculating target value ratios
2025-07-23 10:13:26,795 | App.naive_bayes | INFO | Making prediction...
2025-07-23 10:13:26,795 | App.naive_bayes | INFO | Calculating posteriors...
2025-07-23 10:13:26,795 | App.naive_bayes | INFO | Posterior calculation completed
2025-07-23 10:13:26,795 | App.naive_bayes | INFO | Prediction result: Salty
2025-07-23 10:13:26,795 | App.model | INFO | Calculating target value ratios
2025-07-23 10:13:26,796 | App.naive_bayes | INFO | Making prediction...
2025-07-23 10:13:26,796 | App.naive_bayes | INFO | Calculating posteriors...
2025-07-23 10:13:26,796 | App.naive_bayes | INFO | Posterior calculation completed
2025-07-23 10:13:26,796 | App.naive_bayes | INFO | Prediction result: Sour
2025-07-23 10:13:26,796 | App.model | INFO | Calculating target value ratios
2025-07-23 10:13:26,796 | App.naive_bayes | INFO | Making prediction...
2025-07-23 10:13:26,796 | App.naive_bayes | INFO | Calculating posteriors...
2025-07-23 10:13:26,796 | App.naive_bayes | INFO | Posterior calculation completed
2025-07-23 10:13:26,796 | App.naive_bayes | INFO | Prediction result: Sweet
2025-07-23 10:13:26,796 | App.model | INFO | Calculating target value ratios
2025-07-23 10:13:26,797 | App.naive_bayes | INFO | Making prediction...
2025-07-23 10:13:26,797 | App.naive_bayes | INFO | Calculating posteriors...
2025-07-23 10:13:26,797 | App.naive_bayes | INFO | Posterior calculation completed
2025-07-23 10:13:26,797 | App.naive_bayes | INFO | Prediction result: Sour
2025-07-23 10:13:26,797 | App.model | INFO | Calculating target value ratios
2025-07-23 10:13:26,798 | App.naive_bayes | INFO | Making prediction...
2025-07-23 10:13:26,798 | App.naive_bayes | INFO | Calculating posteriors...
2025-07-23 10:13:26,798 | App.naive_bayes | INFO | Posterior calculation completed
2025-07-23 10:13:26,798 | App.naive_bayes | INFO | Prediction result: Sour
2025-07-23 10:13:26,798 | App.model | INFO | Calculating target value ratios
2025-07-23 10:13:26,798 | App.naive_bayes | INFO | Making prediction...
2025-07-23 10:13:26,798 | App.naive_bayes | INFO | Calculating posteriors...
2025-07-23 10:13:26,798 | App.naive_bayes | INFO | Posterior calculation completed
2025-07-23 10:13:26,798 | App.naive_bayes | INFO | Prediction result: Sour
2025-07-23 10:13:26,798 | App.model | INFO | Calculating target value ratios
2025-07-23 10:13:26,799 | App.naive_bayes | INFO | Making prediction...
2025-07-23 10:13:26,799 | App.naive_bayes | INFO | Calculating posteriors...
2025-07-23 10:13:26,799 | App.naive_bayes | INFO | Posterior calculation completed
2025-07-23 10:13:26,799 | App.naive_bayes | INFO | Prediction result: Salty
2025-07-23 10:13:26,799 | App.model | INFO | Calculating target value ratios
2025-07-23 10:13:26,800 | App.naive_bayes | INFO | Making prediction...
2025-07-23 10:13:26,800 | App.naive_bayes | INFO | Calculating posteriors...
2025-07-23 10:13:26,800 | App.naive_bayes | INFO | Posterior calculation completed
2025-07-23 10:13:26,800 | App.naive_bayes | INFO | Prediction result: Sour
2025-07-23 10:13:26,800 | App.model | INFO | Calculating target value ratios
2025-07-23 10:13:26,800 | App.naive_bayes | INFO | Making prediction...
2025-07-23 10:13:26,800 | App.naive_bayes | INFO | Calculating posteriors...
2025-07-23 10:13:26,800 | App.naive_bayes | INFO | Posterior calculation completed
2025-07-23 10:13:26,800 | App.naive_bayes | INFO | Prediction result: Sweet
2025-07-23 10:13:26,800 | App.model | INFO | Calculating target value ratios
2025-07-23 10:13:26,801 | App.naive_bayes | INFO | Making prediction...
2025-07-23 10:13:26,801 | App.naive_bayes | INFO | Calculating posteriors...
2025-07-23 10:13:26,801 | App.naive_bayes | INFO | Posterior calculation completed
2025-07-23 10:13:26,801 | App.naive_bayes | INFO | Prediction result: Sweet
2025-07-23 10:13:26,801 | App.model | INFO | Calculating target value ratios
2025-07-23 10:13:26,801 | App.naive_bayes | INFO | Making prediction...
2025-07-23 10:13:26,801 | App.naive_bayes | INFO | Calculating posteriors...
2025-07-23 10:13:26,801 | App.naive_bayes | INFO | Posterior calculation completed
2025-07-23 10:13:26,802 | App.naive_bayes | INFO | Prediction result: Sweet
2025-07-23 10:13:26,802 | App.model | INFO | Calculating target value ratios
2025-07-23 10:13:26,802 | App.naive_bayes | INFO | Making prediction...
2025-07-23 10:13:26,802 | App.naive_bayes | INFO | Calculating posteriors...
2025-07-23 10:13:26,802 | App.naive_bayes | INFO | Posterior calculation completed
2025-07-23 10:13:26,802 | App.naive_bayes | INFO | Prediction result: Salty
2025-07-23 10:13:26,802 | App.model | INFO | Calculating target value ratios
2025-07-23 10:13:26,803 | App.naive_bayes | INFO | Making prediction...
2025-07-23 10:13:26,803 | App.naive_bayes | INFO | Calculating posteriors...
2025-07-23 10:13:26,803 | App.naive_bayes | INFO | Posterior calculation completed
2025-07-23 10:13:26,803 | App.naive_bayes | INFO | Prediction result: Sour
2025-07-23 10:13:26,803 | App.model | INFO | Calculating target value ratios
2025-07-23 10:13:26,803 | App.naive_bayes | INFO | Making prediction...
2025-07-23 10:13:26,803 | App.naive_bayes | INFO | Calculating posteriors...
2025-07-23 10:13:26,803 | App.naive_bayes | INFO | Posterior calculation completed
2025-07-23 10:13:26,803 | App.naive_bayes | INFO | Prediction result: Sour
2025-07-23 10:13:26,804 | App.model | INFO | Calculating target value ratios
2025-07-23 10:13:26,804 | App.naive_bayes | INFO | Making prediction...
2025-07-23 10:13:26,804 | App.naive_bayes | INFO | Calculating posteriors...
2025-07-23 10:13:26,804 | App.naive_bayes | INFO | Posterior calculation completed
2025-07-23 10:13:26,804 | App.naive_bayes | INFO | Prediction result: Sour
2025-07-23 10:13:26,804 | App.model | INFO | Calculating target value ratios
2025-07-23 10:13:26,805 | App.naive_bayes | INFO | Making prediction...
2025-07-23 10:13:26,805 | App.naive_bayes | INFO | Calculating posteriors...
2025-07-23 10:13:26,805 | App.naive_bayes | INFO | Posterior calculation completed
2025-07-23 10:13:26,805 | App.naive_bayes | INFO | Prediction result: Sweet
2025-07-23 10:13:26,805 | App.model | INFO | Calculating target value ratios
2025-07-23 10:13:26,805 | App.naive_bayes | INFO | Making prediction...
2025-07-23 10:13:26,805 | App.naive_bayes | INFO | Calculating posteriors...
2025-07-23 10:13:26,806 | App.naive_bayes | INFO | Posterior calculation completed
2025-07-23 10:13:26,806 | App.naive_bayes | INFO | Prediction result: Sweet
2025-07-23 10:13:26,806 | App.model | INFO | Calculating target value ratios
2025-07-23 10:13:26,806 | App.naive_bayes | INFO | Making prediction...
2025-07-23 10:13:26,806 | App.naive_bayes | INFO | Calculating posteriors...
2025-07-23 10:13:26,806 | App.naive_bayes | INFO | Posterior calculation completed
2025-07-23 10:13:26,806 | App.naive_bayes | INFO | Prediction result: Sour
2025-07-23 10:13:26,806 | App.model | INFO | Calculating target value ratios
2025-07-23 10:13:26,807 | App.naive_bayes | INFO | Making prediction...
2025-07-23 10:13:26,807 | App.naive_bayes | INFO | Calculating posteriors...
2025-07-23 10:13:26,807 | App.naive_bayes | INFO | Posterior calculation completed
2025-07-23 10:13:26,807 | App.naive_bayes | INFO | Prediction result: Sweet
2025-07-23 10:13:26,807 | App.model | INFO | Calculating target value ratios
2025-07-23 10:13:26,808 | App.naive_bayes | INFO | Making prediction...
2025-07-23 10:13:26,808 | App.naive_bayes | INFO | Calculating posteriors...
2025-07-23 10:13:26,808 | App.naive_bayes | INFO | Posterior calculation completed
2025-07-23 10:13:26,808 | App.naive_bayes | INFO | Prediction result: Salty
2025-07-23 10:13:26,808 | App.model | INFO | Calculating target value ratios
2025-07-23 10:13:26,808 | App.naive_bayes | INFO | Making prediction...
2025-07-23 10:13:26,808 | App.naive_bayes | INFO | Calculating posteriors...
2025-07-23 10:13:26,808 | App.naive_bayes | INFO | Posterior calculation completed
2025-07-23 10:13:26,808 | App.naive_bayes | INFO | Prediction result: Sweet
2025-07-23 10:13:26,809 | App.model | INFO | Calculating target value ratios
2025-07-23 10:13:26,809 | App.naive_bayes | INFO | Making prediction...
2025-07-23 10:13:26,809 | App.naive_bayes | INFO | Calculating posteriors...
2025-07-23 10:13:26,809 | App.naive_bayes | INFO | Posterior calculation completed
2025-07-23 10:13:26,809 | App.naive_bayes | INFO | Prediction result: Sour
2025-07-23 10:13:26,809 | App.model | INFO | Calculating target value ratios
2025-07-23 10:13:26,810 | App.naive_bayes | INFO | Making prediction...
2025-07-23 10:13:26,810 | App.naive_bayes | INFO | Calculating posteriors...
2025-07-23 10:13:26,810 | App.naive_bayes | INFO | Posterior calculation completed
2025-07-23 10:13:26,810 | App.naive_bayes | INFO | Prediction result: Sweet
2025-07-23 10:13:26,810 | App.model | INFO | Calculating target value ratios
2025-07-23 10:13:26,810 | App.naive_bayes | INFO | Making prediction...
2025-07-23 10:13:26,810 | App.naive_bayes | INFO | Calculating posteriors...
2025-07-23 10:13:26,810 | App.naive_bayes | INFO | Posterior calculation completed
2025-07-23 10:13:26,810 | App.naive_bayes | INFO | Prediction result: Sour
2025-07-23 10:13:26,810 | App.model | INFO | Calculating target value ratios
2025-07-23 10:13:26,811 | App.naive_bayes | INFO | Making prediction...
2025-07-23 10:13:26,811 | App.naive_bayes | INFO | Calculating posteriors...
2025-07-23 10:13:26,811 | App.naive_bayes | INFO | Posterior calculation completed
2025-07-23 10:13:26,811 | App.naive_bayes | INFO | Prediction result: Salty
2025-07-23 10:13:26,811 | App.model | INFO | Calculating target value ratios
2025-07-23 10:13:26,812 | App.naive_bayes | INFO | Making prediction...
2025-07-23 10:13:26,812 | App.naive_bayes | INFO | Calculating posteriors...
2025-07-23 10:13:26,812 | App.naive_bayes | INFO | Posterior calculation completed
2025-07-23 10:13:26,812 | App.naive_bayes | INFO | Prediction result: Salty
2025-07-23 10:13:26,812 | App.model | INFO | Calculating target value ratios
2025-07-23 10:13:26,812 | App.naive_bayes | INFO | Making prediction...
2025-07-23 10:13:26,813 | App.naive_bayes | INFO | Calculating posteriors...
2025-07-23 10:13:26,813 | App.naive_bayes | INFO | Posterior calculation completed
2025-07-23 10:13:26,813 | App.naive_bayes | INFO | Prediction result: Sweet
2025-07-23 10:13:26,813 | App.model | INFO | Calculating target value ratios
2025-07-23 10:13:26,813 | App.naive_bayes | INFO | Making prediction...
2025-07-23 10:13:26,813 | App.naive_bayes | INFO | Calculating posteriors...
2025-07-23 10:13:26,813 | App.naive_bayes | INFO | Posterior calculation completed
2025-07-23 10:13:26,813 | App.naive_bayes | INFO | Prediction result: Sweet
2025-07-23 10:13:26,813 | App.model | INFO | Calculating target value ratios
2025-07-23 10:13:26,814 | App.naive_bayes | INFO | Making prediction...
2025-07-23 10:13:26,814 | App.naive_bayes | INFO | Calculating posteriors...
2025-07-23 10:13:26,814 | App.naive_bayes | INFO | Posterior calculation completed
2025-07-23 10:13:26,814 | App.naive_bayes | INFO | Prediction result: Sweet
2025-07-23 10:13:26,814 | App.model | INFO | Calculating target value ratios
2025-07-23 10:13:26,815 | App.naive_bayes | INFO | Making prediction...
2025-07-23 10:13:26,815 | App.naive_bayes | INFO | Calculating posteriors...
2025-07-23 10:13:26,815 | App.naive_bayes | INFO | Posterior calculation completed
2025-07-23 10:13:26,815 | App.naive_bayes | INFO | Prediction result: Salty
2025-07-23 10:13:26,815 | App.model | INFO | Calculating target value ratios
2025-07-23 10:13:26,815 | App.naive_bayes | INFO | Making prediction...
2025-07-23 10:13:26,815 | App.naive_bayes | INFO | Calculating posteriors...
2025-07-23 10:13:26,815 | App.naive_bayes | INFO | Posterior calculation completed
2025-07-23 10:13:26,815 | App.naive_bayes | INFO | Prediction result: Sweet
2025-07-23 10:13:26,815 | App.model | INFO | Calculating target value ratios
2025-07-23 10:13:26,816 | App.naive_bayes | INFO | Making prediction...
2025-07-23 10:13:26,816 | App.naive_bayes | INFO | Calculating posteriors...
2025-07-23 10:13:26,816 | App.naive_bayes | INFO | Posterior calculation completed
2025-07-23 10:13:26,816 | App.naive_bayes | INFO | Prediction result: Salty
2025-07-23 10:13:26,816 | App.model | INFO | Calculating target value ratios
2025-07-23 10:13:26,816 | App.naive_bayes | INFO | Making prediction...
2025-07-23 10:13:26,817 | App.naive_bayes | INFO | Calculating posteriors...
2025-07-23 10:13:26,817 | App.naive_bayes | INFO | Posterior calculation completed
2025-07-23 10:13:26,817 | App.naive_bayes | INFO | Prediction result: Sour
2025-07-23 10:13:26,817 | App.model | INFO | Calculating target value ratios
2025-07-23 10:13:26,817 | App.naive_bayes | INFO | Making prediction...
2025-07-23 10:13:26,817 | App.naive_bayes | INFO | Calculating posteriors...
2025-07-23 10:13:26,817 | App.naive_bayes | INFO | Posterior calculation completed
2025-07-23 10:13:26,817 | App.naive_bayes | INFO | Prediction result: Sour
2025-07-23 10:13:26,817 | App.model | INFO | Calculating target value ratios
2025-07-23 10:13:26,818 | App.naive_bayes | INFO | Making prediction...
2025-07-23 10:13:26,818 | App.naive_bayes | INFO | Calculating posteriors...
2025-07-23 10:13:26,818 | App.naive_bayes | INFO | Posterior calculation completed
2025-07-23 10:13:26,818 | App.naive_bayes | INFO | Prediction result: Sweet
2025-07-23 10:13:26,818 | App.model | INFO | Calculating target value ratios
2025-07-23 10:13:26,819 | App.naive_bayes | INFO | Making prediction...
2025-07-23 10:13:26,819 | App.naive_bayes | INFO | Calculating posteriors...
2025-07-23 10:13:26,819 | App.naive_bayes | INFO | Posterior calculation completed
2025-07-23 10:13:26,819 | App.naive_bayes | INFO | Prediction result: Sour
2025-07-23 10:13:26,819 | App.model | INFO | Calculating target value ratios
2025-07-23 10:13:26,819 | App.naive_bayes | INFO | Making prediction...
2025-07-23 10:13:26,819 | App.naive_bayes | INFO | Calculating posteriors...
2025-07-23 10:13:26,819 | App.naive_bayes | INFO | Posterior calculation completed
2025-07-23 10:13:26,819 | App.naive_bayes | INFO | Prediction result: Salty
2025-07-23 10:13:26,819 | App.model | INFO | Calculating target value ratios
2025-07-23 10:13:26,820 | App.naive_bayes | INFO | Making prediction...
2025-07-23 10:13:26,820 | App.naive_bayes | INFO | Calculating posteriors...
2025-07-23 10:13:26,820 | App.naive_bayes | INFO | Posterior calculation completed
2025-07-23 10:13:26,820 | App.naive_bayes | INFO | Prediction result: Sweet
2025-07-23 10:13:26,820 | App.model | INFO | Calculating target value ratios
2025-07-23 10:13:26,821 | App.naive_bayes | INFO | Making prediction...
2025-07-23 10:13:26,821 | App.naive_bayes | INFO | Calculating posteriors...
2025-07-23 10:13:26,821 | App.naive_bayes | INFO | Posterior calculation completed
2025-07-23 10:13:26,821 | App.naive_bayes | INFO | Prediction result: Sweet
2025-07-23 10:13:26,821 | App.model | INFO | Calculating target value ratios
2025-07-23 10:13:26,821 | App.naive_bayes | INFO | Making prediction...
2025-07-23 10:13:26,821 | App.naive_bayes | INFO | Calculating posteriors...
2025-07-23 10:13:26,821 | App.naive_bayes | INFO | Posterior calculation completed
2025-07-23 10:13:26,821 | App.naive_bayes | INFO | Prediction result: Sour
2025-07-23 10:13:26,821 | App.model | INFO | Calculating target value ratios
2025-07-23 10:13:26,822 | App.naive_bayes | INFO | Making prediction...
2025-07-23 10:13:26,822 | App.naive_bayes | INFO | Calculating posteriors...
2025-07-23 10:13:26,822 | App.naive_bayes | INFO | Posterior calculation completed
2025-07-23 10:13:26,822 | App.naive_bayes | INFO | Prediction result: Sweet
2025-07-23 10:13:26,822 | App.model | INFO | Calculating target value ratios
2025-07-23 10:13:26,823 | App.naive_bayes | INFO | Making prediction...
2025-07-23 10:13:26,823 | App.naive_bayes | INFO | Calculating posteriors...
2025-07-23 10:13:26,823 | App.naive_bayes | INFO | Posterior calculation completed
2025-07-23 10:13:26,823 | App.naive_bayes | INFO | Prediction result: Sour
2025-07-23 10:13:26,823 | App.model | INFO | Calculating target value ratios
2025-07-23 10:13:26,823 | App.naive_bayes | INFO | Making prediction...
2025-07-23 10:13:26,823 | App.naive_bayes | INFO | Calculating posteriors...
2025-07-23 10:13:26,823 | App.naive_bayes | INFO | Posterior calculation completed
2025-07-23 10:13:26,823 | App.naive_bayes | INFO | Prediction result: Salty
2025-07-23 10:13:26,823 | App.model | INFO | Calculating target value ratios
2025-07-23 10:13:26,824 | App.naive_bayes | INFO | Making prediction...
2025-07-23 10:13:26,824 | App.naive_bayes | INFO | Calculating posteriors...
2025-07-23 10:13:26,824 | App.naive_bayes | INFO | Posterior calculation completed
2025-07-23 10:13:26,824 | App.naive_bayes | INFO | Prediction result: Sweet
2025-07-23 10:13:26,824 | App.model | INFO | Calculating target value ratios
2025-07-23 10:13:26,825 | App.naive_bayes | INFO | Making prediction...
2025-07-23 10:13:26,825 | App.naive_bayes | INFO | Calculating posteriors...
2025-07-23 10:13:26,825 | App.naive_bayes | INFO | Posterior calculation completed
2025-07-23 10:13:26,825 | App.naive_bayes | INFO | Prediction result: Sweet
2025-07-23 10:13:26,825 | App.model | INFO | Calculating target value ratios
2025-07-23 10:13:26,825 | App.naive_bayes | INFO | Making prediction...
2025-07-23 10:13:26,825 | App.naive_bayes | INFO | Calculating posteriors...
2025-07-23 10:13:26,825 | App.naive_bayes | INFO | Posterior calculation completed
2025-07-23 10:13:26,825 | App.naive_bayes | INFO | Prediction result: Sour
2025-07-23 10:13:26,826 | App.model | INFO | Calculating target value ratios
2025-07-23 10:13:26,826 | App.naive_bayes | INFO | Making prediction...
2025-07-23 10:13:26,826 | App.naive_bayes | INFO | Calculating posteriors...
2025-07-23 10:13:26,826 | App.naive_bayes | INFO | Posterior calculation completed
2025-07-23 10:13:26,826 | App.naive_bayes | INFO | Prediction result: Sour
2025-07-23 10:13:26,826 | App.model | INFO | Calculating target value ratios
2025-07-23 10:13:26,827 | App.naive_bayes | INFO | Making prediction...
2025-07-23 10:13:26,827 | App.naive_bayes | INFO | Calculating posteriors...
2025-07-23 10:13:26,827 | App.naive_bayes | INFO | Posterior calculation completed
2025-07-23 10:13:26,827 | App.naive_bayes | INFO | Prediction result: Sweet
2025-07-23 10:13:26,827 | App.model | INFO | Calculating target value ratios
2025-07-23 10:13:26,827 | App.naive_bayes | INFO | Making prediction...
2025-07-23 10:13:26,827 | App.naive_bayes | INFO | Calculating posteriors...
2025-07-23 10:13:26,827 | App.naive_bayes | INFO | Posterior calculation completed
2025-07-23 10:13:26,827 | App.naive_bayes | INFO | Prediction result: Sour
2025-07-23 10:13:26,827 | App.model | INFO | Calculating target value ratios
2025-07-23 10:13:26,828 | App.naive_bayes | INFO | Making prediction...
2025-07-23 10:13:26,828 | App.naive_bayes | INFO | Calculating posteriors...
2025-07-23 10:13:26,828 | App.naive_bayes | INFO | Posterior calculation completed
2025-07-23 10:13:26,828 | App.naive_bayes | INFO | Prediction result: Sweet
2025-07-23 10:13:26,828 | App.model | INFO | Calculating target value ratios
2025-07-23 10:13:26,828 | App.naive_bayes | INFO | Making prediction...
2025-07-23 10:13:26,829 | App.naive_bayes | INFO | Calculating posteriors...
2025-07-23 10:13:26,829 | App.naive_bayes | INFO | Posterior calculation completed
2025-07-23 10:13:26,829 | App.naive_bayes | INFO | Prediction result: Sour
2025-07-23 10:13:26,829 | App.model | INFO | Calculating target value ratios
2025-07-23 10:13:26,829 | App.naive_bayes | INFO | Making prediction...
2025-07-23 10:13:26,829 | App.naive_bayes | INFO | Calculating posteriors...
2025-07-23 10:13:26,829 | App.naive_bayes | INFO | Posterior calculation completed
2025-07-23 10:13:26,829 | App.naive_bayes | INFO | Prediction result: Salty
2025-07-23 10:13:26,829 | App.model | INFO | Calculating target value ratios
2025-07-23 10:13:26,830 | App.naive_bayes | INFO | Making prediction...
2025-07-23 10:13:26,830 | App.naive_bayes | INFO | Calculating posteriors...
2025-07-23 10:13:26,830 | App.naive_bayes | INFO | Posterior calculation completed
2025-07-23 10:13:26,830 | App.naive_bayes | INFO | Prediction result: Sweet
2025-07-23 10:13:26,830 | App.model | INFO | Calculating target value ratios
2025-07-23 10:13:26,830 | App.naive_bayes | INFO | Making prediction...
2025-07-23 10:13:26,830 | App.naive_bayes | INFO | Calculating posteriors...
2025-07-23 10:13:26,830 | App.naive_bayes | INFO | Posterior calculation completed
2025-07-23 10:13:26,830 | App.naive_bayes | INFO | Prediction result: Salty
2025-07-23 10:13:26,831 | App.model | INFO | Calculating target value ratios
2025-07-23 10:13:26,831 | App.naive_bayes | INFO | Making prediction...
2025-07-23 10:13:26,831 | App.naive_bayes | INFO | Calculating posteriors...
2025-07-23 10:13:26,831 | App.naive_bayes | INFO | Posterior calculation completed
2025-07-23 10:13:26,831 | App.naive_bayes | INFO | Prediction result: Sweet
2025-07-23 10:13:26,831 | App.model | INFO | Calculating target value ratios
2025-07-23 10:13:26,832 | App.naive_bayes | INFO | Making prediction...
2025-07-23 10:13:26,832 | App.naive_bayes | INFO | Calculating posteriors...
2025-07-23 10:13:26,832 | App.naive_bayes | INFO | Posterior calculation completed
2025-07-23 10:13:26,832 | App.naive_bayes | INFO | Prediction result: Sweet
2025-07-23 10:13:26,832 | App.model | INFO | Calculating target value ratios
2025-07-23 10:13:26,832 | App.naive_bayes | INFO | Making prediction...
2025-07-23 10:13:26,832 | App.naive_bayes | INFO | Calculating posteriors...
2025-07-23 10:13:26,832 | App.naive_bayes | INFO | Posterior calculation completed
2025-07-23 10:13:26,833 | App.naive_bayes | INFO | Prediction result: Sour
2025-07-23 10:13:26,833 | App.model | INFO | Calculating target value ratios
2025-07-23 10:13:26,833 | App.naive_bayes | INFO | Making prediction...
2025-07-23 10:13:26,833 | App.naive_bayes | INFO | Calculating posteriors...
2025-07-23 10:13:26,833 | App.naive_bayes | INFO | Posterior calculation completed
2025-07-23 10:13:26,833 | App.naive_bayes | INFO | Prediction result: Sour
2025-07-23 10:13:26,833 | App.model | INFO | Calculating target value ratios
2025-07-23 10:13:26,834 | App.naive_bayes | INFO | Making prediction...
2025-07-23 10:13:26,834 | App.naive_bayes | INFO | Calculating posteriors...
2025-07-23 10:13:26,834 | App.naive_bayes | INFO | Posterior calculation completed
2025-07-23 10:13:26,834 | App.naive_bayes | INFO | Prediction result: Sweet
2025-07-23 10:13:26,834 | App.model | INFO | Calculating target value ratios
2025-07-23 10:13:26,834 | App.naive_bayes | INFO | Making prediction...
2025-07-23 10:13:26,835 | App.naive_bayes | INFO | Calculating posteriors...
2025-07-23 10:13:26,835 | App.naive_bayes | INFO | Posterior calculation completed
2025-07-23 10:13:26,835 | App.naive_bayes | INFO | Prediction result: Sour
2025-07-23 10:13:26,835 | App.model | INFO | Calculating target value ratios
2025-07-23 10:13:26,835 | App.naive_bayes | INFO | Making prediction...
2025-07-23 10:13:26,835 | App.naive_bayes | INFO | Calculating posteriors...
2025-07-23 10:13:26,835 | App.naive_bayes | INFO | Posterior calculation completed
2025-07-23 10:13:26,835 | App.naive_bayes | INFO | Prediction result: Sweet
2025-07-23 10:13:26,835 | App.model | INFO | Calculating target value ratios
2025-07-23 10:13:26,836 | App.naive_bayes | INFO | Making prediction...
2025-07-23 10:13:26,836 | App.naive_bayes | INFO | Calculating posteriors...
2025-07-23 10:13:26,836 | App.naive_bayes | INFO | Posterior calculation completed
2025-07-23 10:13:26,836 | App.naive_bayes | INFO | Prediction result: Sour
2025-07-23 10:13:26,836 | App.model | INFO | Calculating target value ratios
2025-07-23 10:13:26,836 | App.naive_bayes | INFO | Making prediction...
2025-07-23 10:13:26,837 | App.naive_bayes | INFO | Calculating posteriors...
2025-07-23 10:13:26,837 | App.naive_bayes | INFO | Posterior calculation completed
2025-07-23 10:13:26,837 | App.naive_bayes | INFO | Prediction result: Sweet
2025-07-23 10:13:26,837 | App.model | INFO | Calculating target value ratios
2025-07-23 10:13:26,837 | App.naive_bayes | INFO | Making prediction...
2025-07-23 10:13:26,837 | App.naive_bayes | INFO | Calculating posteriors...
2025-07-23 10:13:26,837 | App.naive_bayes | INFO | Posterior calculation completed
2025-07-23 10:13:26,837 | App.naive_bayes | INFO | Prediction result: Sweet
2025-07-23 10:13:26,838 | App.model | INFO | Calculating target value ratios
2025-07-23 10:13:26,838 | App.naive_bayes | INFO | Making prediction...
2025-07-23 10:13:26,838 | App.naive_bayes | INFO | Calculating posteriors...
2025-07-23 10:13:26,838 | App.naive_bayes | INFO | Posterior calculation completed
2025-07-23 10:13:26,838 | App.naive_bayes | INFO | Prediction result: Sour
2025-07-23 10:13:26,838 | App.model | INFO | Calculating target value ratios
2025-07-23 10:13:26,839 | App.naive_bayes | INFO | Making prediction...
2025-07-23 10:13:26,839 | App.naive_bayes | INFO | Calculating posteriors...
2025-07-23 10:13:26,839 | App.naive_bayes | INFO | Posterior calculation completed
2025-07-23 10:13:26,839 | App.naive_bayes | INFO | Prediction result: Sour
2025-07-23 10:13:26,839 | App.model | INFO | Calculating target value ratios
2025-07-23 10:13:26,840 | App.naive_bayes | INFO | Making prediction...
2025-07-23 10:13:26,840 | App.naive_bayes | INFO | Calculating posteriors...
2025-07-23 10:13:26,840 | App.naive_bayes | INFO | Posterior calculation completed
2025-07-23 10:13:26,840 | App.naive_bayes | INFO | Prediction result: Sweet
2025-07-23 10:13:26,840 | App.model | INFO | Calculating target value ratios
2025-07-23 10:13:26,840 | App.naive_bayes | INFO | Making prediction...
2025-07-23 10:13:26,840 | App.naive_bayes | INFO | Calculating posteriors...
2025-07-23 10:13:26,840 | App.naive_bayes | INFO | Posterior calculation completed
2025-07-23 10:13:26,840 | App.naive_bayes | INFO | Prediction result: Spicy
2025-07-23 10:13:26,840 | App.model | INFO | Calculating target value ratios
2025-07-23 10:13:26,841 | App.naive_bayes | INFO | Making prediction...
2025-07-23 10:13:26,841 | App.naive_bayes | INFO | Calculating posteriors...
2025-07-23 10:13:26,841 | App.naive_bayes | INFO | Posterior calculation completed
2025-07-23 10:13:26,841 | App.naive_bayes | INFO | Prediction result: Sour
2025-07-23 10:13:26,841 | App.model | INFO | Calculating target value ratios
2025-07-23 10:13:26,842 | App.naive_bayes | INFO | Making prediction...
2025-07-23 10:13:26,842 | App.naive_bayes | INFO | Calculating posteriors...
2025-07-23 10:13:26,842 | App.naive_bayes | INFO | Posterior calculation completed
2025-07-23 10:13:26,842 | App.naive_bayes | INFO | Prediction result: Sour
2025-07-23 10:13:26,842 | App.model | INFO | Calculating target value ratios
2025-07-23 10:13:26,842 | App.naive_bayes | INFO | Making prediction...
2025-07-23 10:13:26,842 | App.naive_bayes | INFO | Calculating posteriors...
2025-07-23 10:13:26,842 | App.naive_bayes | INFO | Posterior calculation completed
2025-07-23 10:13:26,842 | App.naive_bayes | INFO | Prediction result: Sour
2025-07-23 10:13:26,842 | App.model | INFO | Calculating target value ratios
2025-07-23 10:13:26,843 | App.naive_bayes | INFO | Making prediction...
2025-07-23 10:13:26,843 | App.naive_bayes | INFO | Calculating posteriors...
2025-07-23 10:13:26,843 | App.naive_bayes | INFO | Posterior calculation completed
2025-07-23 10:13:26,843 | App.naive_bayes | INFO | Prediction result: Sour
2025-07-23 10:13:26,843 | App.model | INFO | Calculating target value ratios
2025-07-23 10:13:26,844 | App.naive_bayes | INFO | Making prediction...
2025-07-23 10:13:26,844 | App.naive_bayes | INFO | Calculating posteriors...
2025-07-23 10:13:26,844 | App.naive_bayes | INFO | Posterior calculation completed
2025-07-23 10:13:26,844 | App.naive_bayes | INFO | Prediction result: Sweet
2025-07-23 10:13:26,844 | App.model | INFO | Calculating target value ratios
2025-07-23 10:13:26,844 | App.naive_bayes | INFO | Making prediction...
2025-07-23 10:13:26,844 | App.naive_bayes | INFO | Calculating posteriors...
2025-07-23 10:13:26,844 | App.naive_bayes | INFO | Posterior calculation completed
2025-07-23 10:13:26,845 | App.naive_bayes | INFO | Prediction result: Sweet
2025-07-23 10:13:26,845 | App.model | INFO | Calculating target value ratios
2025-07-23 10:13:26,845 | App.naive_bayes | INFO | Making prediction...
2025-07-23 10:13:26,845 | App.naive_bayes | INFO | Calculating posteriors...
2025-07-23 10:13:26,845 | App.naive_bayes | INFO | Posterior calculation completed
2025-07-23 10:13:26,845 | App.naive_bayes | INFO | Prediction result: Salty
2025-07-23 10:13:26,845 | App.model | INFO | Calculating target value ratios
2025-07-23 10:13:26,846 | App.naive_bayes | INFO | Making prediction...
2025-07-23 10:13:26,846 | App.naive_bayes | INFO | Calculating posteriors...
2025-07-23 10:13:26,846 | App.naive_bayes | INFO | Posterior calculation completed
2025-07-23 10:13:26,846 | App.naive_bayes | INFO | Prediction result: Sour
2025-07-23 10:13:26,846 | App.model | INFO | Calculating target value ratios
2025-07-23 10:13:26,846 | App.naive_bayes | INFO | Making prediction...
2025-07-23 10:13:26,847 | App.naive_bayes | INFO | Calculating posteriors...
2025-07-23 10:13:26,847 | App.naive_bayes | INFO | Posterior calculation completed
2025-07-23 10:13:26,847 | App.naive_bayes | INFO | Prediction result: Sweet
2025-07-23 10:13:26,847 | App.model | INFO | Calculating target value ratios
2025-07-23 10:13:26,847 | App.naive_bayes | INFO | Making prediction...
2025-07-23 10:13:26,847 | App.naive_bayes | INFO | Calculating posteriors...
2025-07-23 10:13:26,847 | App.naive_bayes | INFO | Posterior calculation completed
2025-07-23 10:13:26,847 | App.naive_bayes | INFO | Prediction result: Sour
2025-07-23 10:13:26,847 | App.model | INFO | Calculating target value ratios
2025-07-23 10:13:26,848 | App.naive_bayes | INFO | Making prediction...
2025-07-23 10:13:26,848 | App.naive_bayes | INFO | Calculating posteriors...
2025-07-23 10:13:26,848 | App.naive_bayes | INFO | Posterior calculation completed
2025-07-23 10:13:26,848 | App.naive_bayes | INFO | Prediction result: Sweet
2025-07-23 10:13:26,848 | App.model | INFO | Calculating target value ratios
2025-07-23 10:13:26,848 | App.naive_bayes | INFO | Making prediction...
2025-07-23 10:13:26,849 | App.naive_bayes | INFO | Calculating posteriors...
2025-07-23 10:13:26,849 | App.naive_bayes | INFO | Posterior calculation completed
2025-07-23 10:13:26,849 | App.naive_bayes | INFO | Prediction result: Sweet
2025-07-23 10:13:26,849 | App.model | INFO | Calculating target value ratios
2025-07-23 10:13:26,849 | App.naive_bayes | INFO | Making prediction...
2025-07-23 10:13:26,849 | App.naive_bayes | INFO | Calculating posteriors...
2025-07-23 10:13:26,849 | App.naive_bayes | INFO | Posterior calculation completed
2025-07-23 10:13:26,849 | App.naive_bayes | INFO | Prediction result: Sour
2025-07-23 10:13:26,849 | App.model | INFO | Calculating target value ratios
2025-07-23 10:13:26,850 | App.naive_bayes | INFO | Making prediction...
2025-07-23 10:13:26,850 | App.naive_bayes | INFO | Calculating posteriors...
2025-07-23 10:13:26,850 | App.naive_bayes | INFO | Posterior calculation completed
2025-07-23 10:13:26,850 | App.naive_bayes | INFO | Prediction result: Sweet
2025-07-23 10:13:26,850 | App.model | INFO | Calculating target value ratios
2025-07-23 10:13:26,850 | App.naive_bayes | INFO | Making prediction...
2025-07-23 10:13:26,850 | App.naive_bayes | INFO | Calculating posteriors...
2025-07-23 10:13:26,850 | App.naive_bayes | INFO | Posterior calculation completed
2025-07-23 10:13:26,850 | App.naive_bayes | INFO | Prediction result: Sweet
2025-07-23 10:13:26,851 | App.model | INFO | Calculating target value ratios
2025-07-23 10:13:26,851 | App.naive_bayes | INFO | Making prediction...
2025-07-23 10:13:26,851 | App.naive_bayes | INFO | Calculating posteriors...
2025-07-23 10:13:26,851 | App.naive_bayes | INFO | Posterior calculation completed
2025-07-23 10:13:26,851 | App.naive_bayes | INFO | Prediction result: Sweet
2025-07-23 10:13:26,851 | App.model | INFO | Calculating target value ratios
2025-07-23 10:13:26,852 | App.naive_bayes | INFO | Making prediction...
2025-07-23 10:13:26,852 | App.naive_bayes | INFO | Calculating posteriors...
2025-07-23 10:13:26,852 | App.naive_bayes | INFO | Posterior calculation completed
2025-07-23 10:13:26,852 | App.naive_bayes | INFO | Prediction result: Sweet
2025-07-23 10:13:26,852 | App.model | INFO | Calculating target value ratios
2025-07-23 10:13:26,852 | App.naive_bayes | INFO | Making prediction...
2025-07-23 10:13:26,852 | App.naive_bayes | INFO | Calculating posteriors...
2025-07-23 10:13:26,852 | App.naive_bayes | INFO | Posterior calculation completed
2025-07-23 10:13:26,853 | App.naive_bayes | INFO | Prediction result: Sour
2025-07-23 10:13:26,853 | App.model | INFO | Calculating target value ratios
2025-07-23 10:13:26,853 | App.naive_bayes | INFO | Making prediction...
2025-07-23 10:13:26,853 | App.naive_bayes | INFO | Calculating posteriors...
2025-07-23 10:13:26,853 | App.naive_bayes | INFO | Posterior calculation completed
2025-07-23 10:13:26,853 | App.naive_bayes | INFO | Prediction result: Sweet
2025-07-23 10:13:26,853 | App.model | INFO | Calculating target value ratios
2025-07-23 10:13:26,854 | App.naive_bayes | INFO | Making prediction...
2025-07-23 10:13:26,854 | App.naive_bayes | INFO | Calculating posteriors...
2025-07-23 10:13:26,854 | App.naive_bayes | INFO | Posterior calculation completed
2025-07-23 10:13:26,854 | App.naive_bayes | INFO | Prediction result: Salty
2025-07-23 10:13:26,854 | App.model | INFO | Calculating target value ratios
2025-07-23 10:13:26,854 | App.naive_bayes | INFO | Making prediction...
2025-07-23 10:13:26,854 | App.naive_bayes | INFO | Calculating posteriors...
2025-07-23 10:13:26,854 | App.naive_bayes | INFO | Posterior calculation completed
2025-07-23 10:13:26,855 | App.naive_bayes | INFO | Prediction result: Sour
2025-07-23 10:13:26,855 | App.model | INFO | Calculating target value ratios
2025-07-23 10:13:26,855 | App.naive_bayes | INFO | Making prediction...
2025-07-23 10:13:26,855 | App.naive_bayes | INFO | Calculating posteriors...
2025-07-23 10:13:26,855 | App.naive_bayes | INFO | Posterior calculation completed
2025-07-23 10:13:26,855 | App.naive_bayes | INFO | Prediction result: Sweet
2025-07-23 10:13:26,855 | App.model | INFO | Calculating target value ratios
2025-07-23 10:13:26,856 | App.naive_bayes | INFO | Making prediction...
2025-07-23 10:13:26,856 | App.naive_bayes | INFO | Calculating posteriors...
2025-07-23 10:13:26,856 | App.naive_bayes | INFO | Posterior calculation completed
2025-07-23 10:13:26,856 | App.naive_bayes | INFO | Prediction result: Sour
2025-07-23 10:13:26,856 | App.model | INFO | Calculating target value ratios
2025-07-23 10:13:26,856 | App.naive_bayes | INFO | Making prediction...
2025-07-23 10:13:26,856 | App.naive_bayes | INFO | Calculating posteriors...
2025-07-23 10:13:26,856 | App.naive_bayes | INFO | Posterior calculation completed
2025-07-23 10:13:26,856 | App.naive_bayes | INFO | Prediction result: Sour
2025-07-23 10:13:26,856 | App.model | INFO | Calculating target value ratios
2025-07-23 10:13:26,857 | App.naive_bayes | INFO | Making prediction...
2025-07-23 10:13:26,857 | App.naive_bayes | INFO | Calculating posteriors...
2025-07-23 10:13:26,857 | App.naive_bayes | INFO | Posterior calculation completed
2025-07-23 10:13:26,857 | App.naive_bayes | INFO | Prediction result: Sour
2025-07-23 10:13:26,857 | App.model | INFO | Calculating target value ratios
2025-07-23 10:13:26,858 | App.naive_bayes | INFO | Making prediction...
2025-07-23 10:13:26,858 | App.naive_bayes | INFO | Calculating posteriors...
2025-07-23 10:13:26,858 | App.naive_bayes | INFO | Posterior calculation completed
2025-07-23 10:13:26,858 | App.naive_bayes | INFO | Prediction result: Sweet
2025-07-23 10:13:26,858 | App.model | INFO | Calculating target value ratios
2025-07-23 10:13:26,858 | App.naive_bayes | INFO | Making prediction...
2025-07-23 10:13:26,858 | App.naive_bayes | INFO | Calculating posteriors...
2025-07-23 10:13:26,858 | App.naive_bayes | INFO | Posterior calculation completed
2025-07-23 10:13:26,858 | App.naive_bayes | INFO | Prediction result: Salty
2025-07-23 10:13:26,858 | App.model | INFO | Calculating target value ratios
2025-07-23 10:13:26,859 | App.naive_bayes | INFO | Making prediction...
2025-07-23 10:13:26,859 | App.naive_bayes | INFO | Calculating posteriors...
2025-07-23 10:13:26,859 | App.naive_bayes | INFO | Posterior calculation completed
2025-07-23 10:13:26,859 | App.naive_bayes | INFO | Prediction result: Sour
2025-07-23 10:13:26,859 | App.model | INFO | Calculating target value ratios
2025-07-23 10:13:26,859 | App.naive_bayes | INFO | Making prediction...
2025-07-23 10:13:26,859 | App.naive_bayes | INFO | Calculating posteriors...
2025-07-23 10:13:26,859 | App.naive_bayes | INFO | Posterior calculation completed
2025-07-23 10:13:26,860 | App.naive_bayes | INFO | Prediction result: Sour
2025-07-23 10:13:26,860 | App.model | INFO | Calculating target value ratios
2025-07-23 10:13:26,860 | App.naive_bayes | INFO | Making prediction...
2025-07-23 10:13:26,860 | App.naive_bayes | INFO | Calculating posteriors...
2025-07-23 10:13:26,860 | App.naive_bayes | INFO | Posterior calculation completed
2025-07-23 10:13:26,860 | App.naive_bayes | INFO | Prediction result: Sweet
2025-07-23 10:13:26,860 | App.model | INFO | Calculating target value ratios
2025-07-23 10:13:26,861 | App.naive_bayes | INFO | Making prediction...
2025-07-23 10:13:26,861 | App.naive_bayes | INFO | Calculating posteriors...
2025-07-23 10:13:26,861 | App.naive_bayes | INFO | Posterior calculation completed
2025-07-23 10:13:26,861 | App.naive_bayes | INFO | Prediction result: Salty
2025-07-23 10:13:26,861 | App.model | INFO | Calculating target value ratios
2025-07-23 10:13:26,861 | App.naive_bayes | INFO | Making prediction...
2025-07-23 10:13:26,861 | App.naive_bayes | INFO | Calculating posteriors...
2025-07-23 10:13:26,861 | App.naive_bayes | INFO | Posterior calculation completed
2025-07-23 10:13:26,861 | App.naive_bayes | INFO | Prediction result: Salty
2025-07-23 10:13:26,861 | App.model | INFO | Calculating target value ratios
2025-07-23 10:13:26,862 | App.naive_bayes | INFO | Making prediction...
2025-07-23 10:13:26,862 | App.naive_bayes | INFO | Calculating posteriors...
2025-07-23 10:13:26,862 | App.naive_bayes | INFO | Posterior calculation completed
2025-07-23 10:13:26,862 | App.naive_bayes | INFO | Prediction result: Sour
2025-07-23 10:13:26,862 | App.model | INFO | Calculating target value ratios
2025-07-23 10:13:26,863 | App.naive_bayes | INFO | Making prediction...
2025-07-23 10:13:26,863 | App.naive_bayes | INFO | Calculating posteriors...
2025-07-23 10:13:26,863 | App.naive_bayes | INFO | Posterior calculation completed
2025-07-23 10:13:26,863 | App.naive_bayes | INFO | Prediction result: Salty
2025-07-23 10:13:26,863 | App.model | INFO | Calculating target value ratios
2025-07-23 10:13:26,863 | App.naive_bayes | INFO | Making prediction...
2025-07-23 10:13:26,863 | App.naive_bayes | INFO | Calculating posteriors...
2025-07-23 10:13:26,863 | App.naive_bayes | INFO | Posterior calculation completed
2025-07-23 10:13:26,863 | App.naive_bayes | INFO | Prediction result: Sour
2025-07-23 10:13:26,863 | App.model | INFO | Calculating target value ratios
2025-07-23 10:13:26,864 | App.naive_bayes | INFO | Making prediction...
2025-07-23 10:13:26,864 | App.naive_bayes | INFO | Calculating posteriors...
2025-07-23 10:13:26,864 | App.naive_bayes | INFO | Posterior calculation completed
2025-07-23 10:13:26,864 | App.naive_bayes | INFO | Prediction result: Sweet
2025-07-23 10:13:26,864 | App.model | INFO | Calculating target value ratios
2025-07-23 10:13:26,864 | App.naive_bayes | INFO | Making prediction...
2025-07-23 10:13:26,864 | App.naive_bayes | INFO | Calculating posteriors...
2025-07-23 10:13:26,864 | App.naive_bayes | INFO | Posterior calculation completed
2025-07-23 10:13:26,865 | App.naive_bayes | INFO | Prediction result: Sweet
2025-07-23 10:13:26,865 | App.model | INFO | Calculating target value ratios
2025-07-23 10:13:26,865 | App.naive_bayes | INFO | Making prediction...
2025-07-23 10:13:26,865 | App.naive_bayes | INFO | Calculating posteriors...
2025-07-23 10:13:26,865 | App.naive_bayes | INFO | Posterior calculation completed
2025-07-23 10:13:26,865 | App.naive_bayes | INFO | Prediction result: Sour
2025-07-23 10:13:26,865 | test_model | INFO | Successful on 1976 from 2057, -> 96% success
2025-07-23 10:13:26,865 | model | INFO | NaiveBayesClassifier initialized
2025-07-23 10:13:26,865 | model | INFO | Starting model creation process
2025-07-23 10:13:26,865 | model | INFO | Creating initial structure for model
2025-07-23 10:13:26,870 | model | INFO | Initial structure created successfully
2025-07-23 10:13:26,870 | model | INFO | Calculating target value ratios
2025-07-23 10:13:26,870 | model | INFO | Calculating conditional probabilities
2025-07-23 10:13:26,879 | model | INFO | Probabilities assigned successfully
2025-07-23 10:13:26,879 | model | INFO | Model created successfully
2025-07-23 10:13:26,879 | __main__ | INFO | Model created
2025-07-23 10:13:29,101 | root | INFO | Root endpoint called
2025-07-23 10:13:29,213 | __main__ | INFO | Root endpoint called
